AB_latent_1,AB_latent_2,AB_latent_3,AB_latent_4,AB_latent_5,AB_latent_6
6.8060446,5.7861047,-2.8311262,0.846654,-3.372846,8.989603
5.323851,7.182499,2.2672908,1.0573893,0.5643976,5.1056643
4.2118278,4.8375936,-2.477199,2.7658355,-5.945676,9.5004225
4.4429326,6.0684886,1.0330805,3.7262847,6.0396624,2.3249295
4.543725,5.040598,-4.432665,3.2607892,-5.573619,9.580691
8.20641,4.050938,-0.7344583,6.1118298,8.123348,1.0608631
3.5867531,4.543126,-4.146408,2.1310592,-3.0267353,7.9025764
5.2837105,4.1209497,-1.7568455,3.4159732,4.3669453,0.2049767
8.115847,5.1126328,-2.3080866,5.0317593,8.341118,1.9590167
2.3282328,3.6072612,-1.2803369,2.8017087,3.4062762,2.418599
1.9633038,4.414196,-1.9836397,6.901693,0.18583779,5.168585
5.5212526,5.0936165,2.1270175,9.846244,6.8181143,3.9534757
7.090416,3.9912899,-3.1570761,6.41705,9.610168,1.0712303
5.2228336,5.665305,-3.4865255,3.679583,7.2774353,2.0610013
6.3512034,3.1729333,-4.4266787,-0.31190497,-6.8781004,9.941039
3.0165246,4.5585527,0.92926836,2.9470887,0.10426924,4.327544
2.6481843,3.5666654,1.4890743,4.7846785,6.8702087,1.9263417
7.941224,2.7029948,-1.9689438,6.179891,2.0740924,0.13750568
4.6340594,5.705802,-2.6164684,5.950052,5.6799917,2.0369275
11.218868,3.6417923,-0.37098452,1.1013792,-2.5201087,1.1153221
8.17211,1.9981261,-2.6749368,4.125105,0.9093934,-1.5030812
8.16912,4.6650105,-1.8117653,6.5523386,-7.3640795,6.329768
6.784631,5.1359234,-1.0095962,6.5130205,6.972912,2.8905947
6.982209,1.7450274,-2.8010535,10.55048,6.3112464,-0.46417454
9.163008,1.8410035,-7.5198207,3.7430785,-9.998239,5.5167513
3.805044,4.2477303,-2.4127314,1.8089327,-2.4821787,7.641451
4.4918976,2.3658915,-1.39429,9.380163,2.7042818,-0.12342444
10.928029,5.1361446,-2.8176227,0.57019883,-6.165737,3.3841643
11.741946,2.755973,0.9396279,7.4946375,4.540613,0.17618155
4.762133,2.8799422,-1.0906687,6.3335466,-1.4589475,1.8046025
2.8181224,3.7425153,-1.116913,1.6518369,-2.5425668,4.705182
5.6887035,4.418422,2.363454,7.48837,-2.024892,4.4146404
5.563955,0.6742234,0.5082605,3.7085378,7.866835,-1.9921881
7.5161905,3.699377,1.5832767,6.261915,-1.6244534,3.1059165
14.484997,4.6317825,0.68863213,3.0524588,6.651472,-3.468159
11.8603,4.4501247,-3.7915359,1.1759623,-9.572568,8.767728
7.3172917,3.7276561,-3.0306008,4.252795,6.169984,1.714373
8.4679365,1.9425873,-7.4749928,5.865431,-5.363125,1.8261375
7.023196,3.7829788,-1.2913444,6.464984,-7.012379,7.0732512
7.2509203,5.1166873,-3.0557775,4.296376,-7.702427,8.11707
6.334988,4.8616714,-4.920331,3.4978735,-3.746943,6.954684
7.507284,4.640047,-7.0087285,3.2059486,-4.374841,7.8423576
4.5813265,2.685559,-0.90054095,5.5200806,-1.9413651,0.18462417
6.868585,4.4215684,-5.34778,3.6636443,-3.086947,7.607318
4.8784065,2.886312,-0.70767665,4.085861,-1.4622322,1.9254711
5.39196,3.3549078,1.5242187,1.8840033,7.6432953,-0.2584423
3.754791,2.6205273,-1.6414347,6.350282,7.014919,2.5046532
12.773211,6.9847326,-0.68883514,0.21146029,-1.2032942,4.4883485
5.546151,2.0476725,-2.3481793,2.4585323,-9.426219,5.131336
6.413969,5.413997,-5.9890604,1.9265801,-5.8761444,10.689254
6.176388,2.9211314,-2.980114,4.976548,5.5022745,1.7559044
3.0169632,4.49961,-3.5339856,2.6008728,-4.1059575,7.9740763
5.26482,5.9408684,1.2005184,8.665337,7.8029156,3.4675038
3.2741878,4.158627,-2.2658973,3.9781086,-3.7651873,6.3193226
7.2504926,5.7865295,-4.0164757,2.6639056,-4.7733006,8.27897
8.435453,4.678436,-3.8326254,4.961849,7.1201353,1.3044417
8.268673,2.7134051,1.4836477,6.8466034,7.3518233,-1.4958559
5.437455,1.9784484,-4.0889406,6.7056985,-8.378646,5.208021
3.7090735,4.753632,-2.8217688,6.231155,-0.32956406,4.2806387
6.570193,5.5535793,-6.2827663,1.8763783,-6.605616,8.8495245
4.0349393,4.264162,-1.0664313,0.4014892,-2.0432575,5.2068586
8.8782215,5.4943027,-2.0291157,4.0970106,6.6943765,0.29756725
8.237364,3.82729,-3.3488607,0.5331199,-6.5591335,4.133865
5.1457143,3.1133864,1.1730018,3.5415604,9.1465845,2.2339637
7.4656816,1.6690165,-0.8402729,10.643637,1.7745291,-1.9241635
4.2437735,3.0972748,-6.3608284,4.6947155,2.305075,3.7046676
7.0337257,3.607413,-3.6939807,4.3169837,2.3800263,-0.30075806
4.8831367,3.951433,-1.6687925,4.36946,6.2333174,3.242971
9.020384,7.6425114,-1.0714166,1.2616053,-0.21307126,6.8064337
3.214885,3.4006612,-3.9693708,4.6439567,-2.1715953,7.336048
9.354422,4.4608727,-2.67974,5.0837426,-1.5591468,4.0067124
6.338153,5.3493786,-1.1259352,2.1749554,-0.44456002,5.5530114
3.30218,5.177489,1.0352741,3.1746125,0.1839109,5.813736
4.365903,4.479574,-1.6716859,1.5967268,-6.084345,7.908276
3.8260717,3.6323798,-6.0064335,4.9687104,-8.114656,10.945557
3.7857873,2.9787934,-4.0132675,6.618293,5.64818,1.5771651
5.710842,2.5198028,-3.6713643,8.078378,7.1113873,4.0727315
4.853694,4.3975773,0.45054314,2.3625956,5.6948805,2.800858
8.135647,6.90232,2.913621,-0.31693727,7.785239,3.3340063
5.9438124,2.4029264,-0.033581734,5.3982635,8.242252,-1.1013713
1.9692518,0.38986585,-0.7545152,7.9544034,8.1667,2.7195249
8.373394,4.465338,2.4975612,2.353251,10.486865,1.8986003
6.036952,5.404481,-3.8482075,5.405386,7.224312,4.5385528
7.226007,4.1353703,-0.28490064,4.9319534,-1.3284963,2.3512697
4.4382777,2.6834161,-4.6540604,-0.51969105,-5.6388316,8.950677
11.094706,1.4140435,-2.6673765,4.3548064,5.6321416,-2.8234086
8.145988,5.8534517,-1.0825965,1.5189282,-5.6885176,6.2224827
7.2656097,4.2392693,-4.2352195,6.580492,6.6958365,4.615211
9.723139,5.161091,-5.3862095,2.4206877,-5.49989,4.390457
7.6402416,5.9084134,-1.6376162,1.7446305,0.5424959,6.773222
5.6255836,5.0360594,-2.1311302,-0.30036312,-5.1254063,8.519402
4.2430096,3.7966847,-4.8148813,2.535069,-7.2302895,9.034026
8.881872,6.912098,1.3172339,4.045509,-2.3161316,4.397132
7.457698,3.0047152,-0.90389323,4.2685685,4.2375154,0.5555458
8.107065,5.302022,-1.7505777,4.0246916,4.721752,2.3708053
5.2567782,4.6268244,-3.1429856,0.24973351,-3.25074,6.6351676
4.945096,6.2955265,-0.34625056,4.8735123,5.695733,3.8933496
9.43507,2.5363743,-5.064783,3.059572,-5.79461,6.61051
7.2020855,1.7476419,-6.363819,7.0800405,-5.756162,4.6789536
10.164776,7.8785896,0.0457298,0.9974014,1.026711,5.796585
5.723879,5.73777,-0.99913085,3.4964156,5.226959,2.3592944
6.648187,5.4828444,-4.6918526,-0.1364637,-5.2665844,8.831192
10.394402,4.0997696,-6.489766,4.3648586,-9.613993,7.3509245
8.878009,6.343137,-0.22360334,2.1088223,-0.027011182,7.2062917
6.5503483,2.0192132,-4.7380767,1.0309998,-8.194464,7.074216
7.6429152,4.224271,-2.795491,5.7699747,9.357136,2.4003658
3.341037,2.25538,-5.480497,4.0160704,-5.6604576,6.4661684
4.460917,2.2606168,-4.23635,2.7106903,-3.8647964,6.1268034
9.184299,5.805581,-3.7956963,3.8157935,-7.0253963,6.4987555
6.916411,6.494123,-3.42062,1.9057089,1.3621056,5.428676
8.452646,3.3520892,-3.4070396,5.712337,-7.628978,6.557679
6.343536,5.1130843,-3.0068398,2.2127686,-3.790021,8.196145
9.505646,4.3575277,-6.1933517,4.159966,-5.7701197,5.0665703
9.045558,2.8937066,-7.8687353,2.975968,-9.374327,7.7044573
5.8862753,3.2237236,-0.009870313,1.6860161,-1.064568,1.9970886
6.9710073,4.1799507,-6.1291294,0.33892268,-6.1993346,11.029506
5.2490916,4.618318,0.22509944,3.5684962,0.69754505,4.5910025
7.1228113,4.656539,-2.4894125,3.941177,-7.060225,5.9729633
4.417098,4.7761345,0.11157569,3.39123,6.209752,2.3541043
6.9378567,4.230671,-9.301942,4.3805537,-4.6640987,10.726717
8.084328,2.7663157,-4.8156557,3.3986068,-6.382307,5.533599
8.8881,3.487813,-5.7162247,2.778866,-7.0762296,5.887517
6.7049503,4.8573875,-5.2354608,2.544086,-3.6155715,8.828353
5.2001386,4.1822114,0.6889162,4.7987432,4.4242163,2.5984762
8.707077,3.0265806,-0.98332167,8.305962,-2.4546325,1.2907393
4.734865,2.675987,-6.465886,5.689487,-3.8102772,8.200275
6.973411,2.0373037,-1.3099318,6.1204686,4.4637322,0.5360696
6.4486437,2.286155,-0.1283625,3.1631508,9.652352,-0.40697846
4.158065,3.4325278,-1.3769838,3.2331238,5.4989214,3.7205377
4.4219947,2.9007425,-2.6652808,5.042696,8.26044,3.628749
7.11528,5.197595,-1.2220482,4.4787045,7.2853413,3.0246685
8.496051,6.121836,-7.388095,1.0705138,-5.014963,9.1549015
3.7505286,2.562372,-4.3844576,2.7893312,3.3386567,2.4078403
2.8393366,1.1108557,-5.2337227,7.8259892,6.4397955,3.5766826
9.113703,5.95128,-2.8401003,1.994684,-9.614298,10.166621
7.7981772,3.7972672,-3.14572,5.001122,7.921851,0.877796
4.2697597,4.288037,0.69900703,5.278631,6.710337,1.7982955
3.019613,3.3804452,-2.9655626,0.39667255,-3.9016724,7.263674
6.2324834,6.0235367,-2.6212192,1.673109,-4.5621157,9.198167
7.298898,6.1169295,0.1691755,0.3934216,5.6921015,3.5466907
7.2269077,1.8636967,-2.7405605,3.9676929,-5.8357406,4.5492215
2.5098462,2.0183809,-2.9494486,5.795785,3.7655368,1.3880929
5.4406343,5.338543,-1.7590721,2.1327028,7.460763,2.7334442
5.0182242,0.2517365,-6.0108104,6.3278494,5.000931,-1.0823222
6.9186773,-0.011678698,-1.7368102,5.3164034,7.530514,-1.8195084
6.526795,3.9884307,-2.4687977,5.0012703,-6.2323027,6.8156347
7.814722,3.8628612,-2.097082,6.002994,5.088475,-0.20382147
6.9006543,4.3297663,-0.97110176,5.030275,6.0591593,1.9500462
9.218387,1.4793538,-5.5251803,7.2330346,6.7813234,-1.9418699
10.346378,3.2341456,-4.8598185,6.9961166,-4.1474304,1.0592244
4.998378,4.3597546,-4.142625,0.42337972,-5.6731606,7.0346794
5.991176,1.4367871,-1.6640363,5.8493214,9.289733,1.3793455
7.170698,4.63663,-1.5321214,6.5894904,4.3791656,0.69583344
8.073015,5.389617,-1.8906081,7.5498176,-9.265084,10.610549
4.375041,2.659322,-0.0055233464,3.8837752,3.175269,0.029734727
9.248724,2.610911,-3.717236,1.4403713,-7.1462297,3.9482596
7.282093,4.92668,-4.9409885,0.5967333,-3.357464,10.533839
4.7218637,0.15110926,-0.24198505,11.258875,1.0207127,0.6064071
5.3449593,3.5029092,-1.8250523,3.3472166,-5.055113,4.0914116
6.1531982,4.8819475,-7.0937667,2.9643059,-5.1243873,10.530128
10.3139,4.720815,-1.1534382,3.1320815,-1.5428785,0.44124755
9.445951,4.6892138,-3.6863384,2.8256238,-7.84132,5.124914
7.227787,7.1030064,-2.5166478,0.67627686,-3.7772057,8.502412
6.932482,3.231618,-2.0436292,6.3007665,7.8026457,1.4674162
5.9056215,3.845194,-4.4788184,4.2511063,-6.3900394,4.963889
4.6534815,5.591714,2.8432422,3.119524,0.17239445,4.9641542
12.401051,4.9807158,-2.1835532,2.1344783,-2.6777515,-0.17061344
7.970749,5.4736576,-2.989186,3.270088,-6.429386,4.9877663
8.343203,1.6150972,1.0467854,0.15772301,5.171528,-2.4603517
7.302309,5.9544926,-6.679705,0.45565623,-4.690006,7.440604
6.0659475,2.083123,-5.1155415,9.876253,8.481937,3.1015742
4.7283087,4.78996,-3.837919,3.0077982,-4.2290316,5.895339
6.763571,4.7598095,-0.99049985,5.4465475,-1.8008215,3.4626536
5.6951056,2.8049963,-2.473661,7.5266733,-6.8086877,6.3287077
7.967491,6.211522,-1.6824342,2.6603415,-7.052317,6.595781
6.068754,2.939482,-1.6734076,5.9450297,3.776876,-1.419542
5.817068,-0.20024724,-3.583325,10.88356,10.147168,3.3004189
4.73483,1.1066034,1.0949123,8.087642,7.3843126,-1.1782415
7.142372,2.9719064,-1.9771836,6.1988883,7.0366173,2.6631675
4.72275,7.0378103,0.21135518,5.188564,7.6921244,3.5481915
4.380794,2.8343112,0.17660402,6.609624,5.618436,0.8601376
7.7005324,1.7565528,-3.3243577,5.674613,1.5834472,-0.8643384
5.5158405,3.897669,-3.154965,7.5918922,-0.022741046,6.751702
4.8809023,1.1358652,-3.6390738,5.989094,7.092352,2.2957053
7.073989,2.9041026,-0.97876203,3.123849,6.8673067,-0.3051428
2.5151055,3.3695474,-1.636349,4.0563912,-4.146807,7.0072517
3.3472013,4.2001905,-1.6399784,0.9670804,-4.8378572,7.7843037
4.086604,6.0298934,0.47039056,2.4882727,-0.1839922,5.6236744
9.308121,3.8989632,-1.7903311,6.412242,8.721387,1.0044502
10.596729,3.4876134,-4.7266307,0.8095781,-5.771753,7.022888
5.0396504,3.6935651,1.3115183,8.760482,9.027914,3.049679
7.771839,5.104355,-6.1781216,1.0044483,-4.018359,8.686738
7.3924603,2.9676008,1.2131106,3.436003,8.810066,0.61432743
10.7340145,4.561592,-3.1502666,5.076893,-2.8262155,0.22576907
8.016339,4.140212,-4.198394,5.5410967,8.430873,0.30418453
4.572488,5.530237,-3.6904337,5.7530317,5.1599054,2.2458706
10.861867,3.1087697,-4.6494555,6.718891,-3.1447659,1.2742705
4.991204,5.960988,-1.4377112,2.1937766,-4.3078012,7.915472
5.303134,6.126726,-2.626587,5.062599,1.1324173,6.043119
3.7645714,3.8070238,-0.86085546,2.9699876,-4.5697656,8.909934
10.242704,2.1527426,-6.7232523,8.379155,4.180326,-2.8288443
7.303957,5.864655,1.4385624,2.6779363,7.034819,3.5190609
11.457924,0.9767829,-3.4938192,10.022634,4.752038,-3.2968125
8.324648,5.454916,1.3079807,3.363127,-2.8010592,1.3906362
9.86401,3.272665,-0.19939864,0.8645122,3.9263206,0.09435895
2.5325162,4.9533257,0.3708692,1.722907,6.4070106,3.0543325
4.60558,0.3585389,-1.7289574,9.682952,6.211853,-0.08100417
5.0631943,4.4820285,1.5971079,8.083886,8.329307,3.1412437
4.9189663,5.655348,1.4641969,7.703984,6.1936255,3.356691
3.2540405,3.3144796,-2.2258487,4.765049,3.9834013,2.4610393
7.077386,0.0009661745,-2.3257554,8.862455,6.5853915,0.51094824
3.7533538,3.6793659,-3.8058243,4.082637,4.154883,3.2074218
2.5019386,1.434417,-3.1119432,8.45569,8.727743,2.7629435
9.246847,1.9376134,-2.8088884,8.682439,6.819055,1.8863667
8.037851,5.2092,-3.8141913,5.398092,7.223124,0.91876745
3.419759,5.341854,-0.17715028,5.656538,5.55966,4.7822356
6.5277166,4.901133,-6.7177887,1.7008897,-2.9214356,6.136016
5.842111,2.2266428,-3.4508257,5.6654296,-5.9224873,4.851219
3.5099108,2.4795861,-3.8407745,6.6510057,6.9963818,1.7781172
10.275827,2.707486,0.1347291,5.561082,9.859226,-1.0911943
3.3884466,3.6754777,-2.6899915,0.69747597,-5.0697756,6.4265103
5.842935,0.90023893,1.809527,5.6232386,7.0875926,-1.5966836
7.0143394,5.260659,-2.5552802,3.5350728,5.1828146,2.9071202
5.7114744,5.1033125,-1.8935919,1.7926121,-4.0095973,7.900816
4.2842255,4.370623,0.7303225,4.7918634,6.452976,2.4507215
10.257922,4.328935,0.6533414,3.3887877,-3.0243447,0.21930711
6.845318,3.8257592,-0.9997356,5.2886763,5.377699,-0.9971369
5.709944,3.058002,-1.7404337,4.767008,-5.8666277,5.080926
5.9959116,5.6787825,-2.4290657,0.26818997,-3.187223,7.3035603
5.1012187,0.5860519,0.70598996,5.9742775,7.0203886,-1.4608979
4.4188643,0.6784646,-4.6824164,7.698638,6.1151037,2.221583
5.124125,4.1295986,1.2931778,3.7929878,3.8475451,1.2824682
5.865604,4.838953,-2.5522275,1.7291142,-4.567718,7.8163557
4.2549443,4.086902,-1.4247397,2.5601354,-4.504501,8.310176
7.034335,5.6688657,-3.8438516,1.0323472,-3.839944,8.831906
7.0433793,1.5554934,-1.4368495,7.9702454,3.0550728,-3.0670898
6.8727984,5.5366526,1.1053957,7.391316,7.6022215,4.990614
6.9025183,5.351597,-2.8492994,2.0893846,-4.3279886,7.6823034
7.8383703,3.4115107,-2.8524842,6.521232,9.069199,1.9446019
7.5933485,4.9641023,-2.058382,2.3950765,-8.193994,8.574861
9.236986,8.043461,0.13287547,1.598264,-0.057805028,7.1051016
7.0424786,0.98516715,-0.9733125,10.894927,5.172791,-0.65538067
7.2146673,4.5012817,-1.1061463,6.488921,-1.7273242,3.6362967
4.7982025,6.535701,0.83446705,3.8971806,0.16225305,6.1520915
9.145966,6.972556,-0.40029174,1.2138144,-5.09877,6.099236
3.7200677,-0.10479255,-1.3180821,10.523172,5.0516243,-0.9573497
4.34414,5.4399343,-0.006678462,6.369738,6.0584707,4.9915285
7.928273,6.438433,-3.137199,1.8111461,1.1566539,5.9207735
3.111399,4.029225,2.3355522,3.8263497,2.7148862,1.6902204
6.889197,3.0090468,-1.7892585,3.3716695,-8.620003,4.2741957
8.721771,1.9745568,0.9458382,5.294851,3.3113332,0.3586423
3.9861896,2.6091917,0.52458024,5.53321,2.0982141,0.8043876
3.2199745,3.6657224,-3.209033,5.225227,0.018852983,4.4683514
12.198399,3.227548,-1.365078,4.3982997,2.2367935,-2.9937458
4.983449,2.8199527,-0.85420465,4.824936,3.7749777,-1.3135338
2.4215887,3.027854,-2.5679579,4.9611073,-6.7648296,9.720769
2.0762675,1.7019829,-3.373608,6.7292237,5.8988132,1.7215387
5.007162,2.7490757,-2.2079132,3.279885,-1.2808076,2.2113442
3.4244025,3.5079482,-2.1386704,0.8763042,-3.8988938,7.9347925
7.4848995,6.258951,-3.7745025,5.5481124,7.9261913,2.0200527
10.111046,3.0136263,-4.1858835,3.5906641,-6.9807353,3.4851427
8.205951,3.1432364,-2.9003973,2.8847868,4.467643,-0.15732227
8.444223,2.5750325,-0.09817207,2.7662132,6.075027,-2.1309772
9.939335,6.1548257,2.151703,2.2130184,5.0379896,0.13722527
7.573242,3.2057092,-2.0056458,10.675659,4.073312,1.5204815
5.7329097,5.1465435,-1.2182329,4.3527174,7.489711,3.8248463
7.699975,4.4895325,-1.440345,4.6970577,4.6110153,0.00299206
6.6715255,5.167801,-6.655489,1.8611933,-5.4587755,9.718959
9.276167,0.76249975,-1.7091838,5.9430065,6.1298933,-4.376278
6.6836443,6.307772,1.3770959,2.0311751,7.3881326,1.605111
3.2747037,0.7760512,-2.5068617,4.8715835,6.3551464,0.40374574
6.8191934,4.6007385,-4.262046,3.06903,-5.045355,10.300477
5.9480624,4.8234262,-5.493241,2.9754493,-3.614035,9.123469
3.2471654,2.9109452,-2.6272492,4.2064333,4.520919,2.6419377
4.0235667,-0.4707791,-0.45283958,6.591128,8.130836,-1.9133409
9.646036,3.8070157,0.56449056,4.538712,10.859108,1.0659877
8.192927,2.2569373,-7.737099,5.5801764,-4.507445,5.521995
10.814467,3.8416564,-4.8247986,2.537875,-10.430415,6.036126
3.1343577,2.899849,-2.04924,3.9715705,3.3056283,-0.41666964
6.1428747,6.0296564,0.8333453,4.7440343,5.2017374,4.269527
5.390814,3.182636,-3.0390844,5.430741,2.3406174,-0.17769146
10.3406,1.4063988,-6.5951605,5.518374,-5.4774437,6.1497765
3.63502,3.4956,-3.678452,1.6708666,-3.7055168,7.53887
5.65592,5.2475567,-2.163515,3.067705,6.704054,1.07362
8.596379,0.029838575,-3.4801817,9.089967,7.0828257,0.14480051
9.863062,4.1999426,2.5142078,4.9009595,5.158052,-0.34411606
7.740203,1.1208029,0.2755358,6.4589243,3.9822774,-0.43056327
6.8904777,3.3793247,-1.5476677,4.8480244,8.016306,1.7402799
4.125669,0.028666181,-0.38846186,7.251109,6.818034,-0.8231072
5.396043,0.19338198,-0.011265345,7.200676,4.646821,-1.6235976
6.3926334,3.3078086,-7.076374,4.48655,-3.6840487,9.096966
3.637945,3.634134,-4.036956,-0.14074868,-4.8325677,7.3696823
7.7702794,4.6044245,-0.06474848,2.471875,-5.553773,6.0412083
9.099737,2.975736,-0.3384861,2.5355442,2.0825157,-2.2129393
2.0055645,1.5837935,-1.4483076,3.982059,4.1927376,2.0955195
3.678023,3.0833578,-2.0664306,3.2440536,6.071289,2.2391214
7.1703463,5.565197,0.38649073,-0.08440251,0.97231126,4.304995
9.377682,4.21023,-2.4397452,-0.10300953,-4.589749,4.413993
6.646522,4.8913255,-4.83639,1.7191974,-4.7828183,10.10208
9.953816,1.888921,0.89370203,3.367942,8.45933,-2.394525
3.2118654,2.900185,-2.1127691,0.015516691,-4.4471416,7.608064
4.0673375,4.991307,-1.600756,3.7366087,-5.207732,6.975148
5.5541897,4.1033015,-2.4830594,5.7328997,6.2050185,0.9834992
3.9958265,4.103341,-2.9512923,5.487634,0.012386773,6.4677315
9.283051,1.6818407,-1.5460508,0.68950385,-5.2972155,3.649299
9.528018,1.9862623,-5.758752,7.925335,-7.782955,4.152016
5.3131895,3.246679,-0.83662045,5.211998,5.6885405,4.536854
5.6985865,2.8313923,-3.8930268,7.590544,-1.258614,3.3889513
6.3949347,2.7074144,-2.1801786,6.59077,7.5698266,1.7152511
8.144075,5.1938014,-2.0169291,4.397104,-7.9515705,3.232236
4.527966,2.8633478,-0.1411866,6.314461,7.076792,1.2778383
8.200959,2.047412,-7.2465253,1.597741,-8.74802,8.389042
11.016312,3.0428793,-4.0025578,5.2196317,-7.947134,3.8224325
5.9560347,4.1660995,-6.7772017,3.5771227,-4.3599186,6.423412
7.475554,5.9916954,0.54573405,6.397427,6.6460037,2.8665974
6.1384706,3.9049327,-4.9597626,3.0641537,-4.478178,7.922306
10.623562,6.488282,-3.271524,-0.73367506,-6.5985565,11.036256
6.519137,3.755428,-2.6912985,4.0932045,5.3624487,0.8039518
6.241033,-0.834454,-3.1275985,8.128768,7.363652,-0.57111853
8.635365,1.6448575,2.7052736,5.859089,7.346614,-4.373691
6.294367,3.1607254,0.16385974,5.465787,3.8286688,0.31874532
4.9365954,4.9146695,-4.101756,3.2336571,1.3150464,4.824061
3.5411222,4.598887,-2.274381,1.3527324,-3.943401,7.90736
9.22966,4.6626277,-4.4725866,1.1770936,-5.69184,5.1885624
2.0992162,3.9253304,-1.3627039,1.6525941,-3.1034198,7.2790327
9.392332,2.1572597,-4.1449614,5.3873277,3.6476226,-0.18105528
4.4687934,2.1441722,0.15607849,5.9818254,3.2552986,-0.8234164
4.859885,2.4608736,1.2672765,8.058075,4.6345406,1.1407131
7.6190863,7.268855,0.4645589,0.3391518,0.80817544,5.6029835
8.462366,7.2524204,-0.81222,1.9178947,2.1241553,7.1716237
4.6771116,5.851041,-0.3690915,3.9049366,6.5657425,2.711243
6.3037524,5.078187,3.0689034,4.992742,11.501814,1.5651191
7.5181932,2.6979384,-3.1100783,6.3102903,3.3708158,-2.247527
4.183668,6.4895735,1.8189578,3.1727793,7.0822096,3.0663793
5.8175993,2.2297955,-0.17504638,9.777197,5.2582307,1.4215423
9.390538,4.551849,-1.1347694,6.558696,7.0965705,-0.5827079
9.728331,3.3374126,-5.4020624,2.1936264,-5.709455,2.5595822
5.6768656,3.2506852,-3.3017607,5.903654,-6.489554,3.61208
6.3725624,2.929883,-4.546914,1.3389375,-4.7769437,3.806612
8.156094,5.3162136,0.45151386,4.880168,-2.106206,3.4324138
6.636247,4.406026,-1.2800666,3.6275551,7.887968,0.9077274
6.4813466,7.399461,2.226296,3.0627556,6.9560184,2.647552
3.1380165,4.3948145,-0.106542975,8.70348,0.6514115,6.9363065
6.267407,4.659148,-6.951483,2.6297746,-2.4732087,6.3874254
4.446161,4.8584,-0.49139515,2.5342739,0.3023887,3.719695
6.7596283,2.5316486,-1.7875777,2.75096,-4.388996,6.005661
7.2011456,5.9910994,-5.899727,1.0704952,-3.1070528,6.5944934
9.799085,2.2324667,0.5006968,8.270276,2.6744208,1.7947589
12.781318,2.8463018,1.0710385,10.925569,7.8120136,0.35196397
4.029089,1.717369,1.7506659,6.82251,1.9646732,-0.9787467
2.6702712,0.76690674,1.9111431,2.9342036,6.062251,0.36540154
6.1842136,3.091809,1.7660712,2.0363293,-1.682731,2.2447298
9.437133,3.2170398,-4.3466244,0.1783523,-8.818337,8.895742
10.451265,2.5845559,1.3444443,4.230337,4.637966,-3.173697
5.1353426,3.6948311,-3.232468,2.7367678,-5.6731367,3.8468757
4.00315,4.2029066,-5.004011,3.9338634,-4.2029085,8.160441
8.291534,4.3959937,-3.8036308,5.927444,-7.7778783,6.120919
8.352523,0.58829325,-1.5378246,7.586114,7.8285723,-1.7136971
8.139479,2.7376754,-3.9227767,4.8613367,3.0943427,0.32482085
3.5489452,2.973115,-3.1513474,1.3189497,-6.245079,7.5309777
4.0722656,4.8509274,-3.9256597,1.1745013,-5.807534,7.2664747
5.933788,5.6910677,1.4165707,6.3574753,6.9984684,2.7441864
4.811242,3.4912174,-5.2919188,2.5221245,-1.693138,6.7250233
8.731542,4.7154922,-2.0092676,5.9476595,-8.439573,7.6087556
6.394615,1.797919,-2.3238907,3.948422,6.6758432,3.2269049
4.6446676,6.870424,0.83714235,3.6229339,0.6310524,4.7953434
5.2010803,6.7349753,0.60807836,4.656465,-0.22162342,6.2768536
4.3566346,-0.06801851,1.0638311,7.6676373,4.7676964,-1.6675304
9.232317,3.5751545,-2.0353785,5.892627,-2.9442356,0.4558511
7.8146715,6.3204865,1.1152182,6.1770744,-3.2662022,3.6632776
8.714037,3.501401,-3.7766786,0.5413776,-7.040758,6.123813
7.0696564,0.9852551,-3.1920311,8.830807,3.4180446,0.70323235
7.531693,4.4771657,-2.700327,3.4754288,9.513538,2.6456754
4.561242,4.761243,-0.12722401,1.016545,7.33401,1.7937886
7.2955775,3.3579476,-0.37038654,4.302659,2.7126713,-0.18452163
3.5745237,0.53890836,-2.7773173,5.7602205,1.6857045,-1.2235093
6.888166,8.234354,3.393557,4.7905774,0.144119,6.3233614
6.9182105,4.8584085,-2.1972642,0.60426456,1.1380186,6.9349957
7.432137,2.9414446,-3.243833,2.7356527,2.2819176,-2.2768729
3.128875,2.1199985,-1.3540585,4.0387836,6.2673826,2.0732014
7.3083167,1.7305475,1.1070021,9.545557,7.6045265,-1.3086431
7.4578724,4.950384,-4.184846,3.989765,-8.250999,6.469531
9.765534,2.3733127,-3.6136255,5.8527246,4.260706,-2.544827
2.467517,4.064089,-1.4858519,6.412607,0.8764367,6.4098682
7.7151318,2.5543456,0.33582377,8.659464,2.5802455,-1.6502818
3.8680458,4.1040177,-6.23753,4.5971584,-5.401513,9.214848
5.0008125,4.5680814,-2.092049,2.9206212,4.062799,1.9997247
7.780948,5.9600554,-1.9970696,0.63140064,0.27155215,4.8424892
2.8277028,3.249689,-1.3613241,5.307553,5.459715,2.25446
5.446677,4.2225466,1.0556457,4.5458956,3.70723,-0.024880711
8.656002,4.053069,1.9921014,5.745171,-2.1656475,3.7018147
3.0841868,2.0715702,-0.12147039,9.376062,8.4195175,4.0759006
7.4743605,3.811176,-4.4258323,4.042832,-9.357964,7.596906
3.980642,1.7241136,-3.2235162,6.9295006,-5.706697,3.9262273
9.033779,3.3201644,1.3009549,4.2603054,7.7081857,-1.7478406
6.4951982,3.7912285,-2.1103911,6.606982,6.941415,2.433832
2.7395687,2.4018195,-1.9974172,8.048894,5.0050583,2.7989085
3.683098,3.861584,-0.43103245,2.355528,5.8869743,1.8798751
5.7389736,6.0208445,-1.3483646,6.0463934,7.1728287,3.0868278
4.925999,3.8172524,-7.378007,3.7876973,-4.5017138,8.847588
2.6377485,3.5056405,-3.950233,6.5898294,-5.809868,9.091451
6.416096,5.74349,-1.11908,3.968913,8.431385,2.6626647
3.859515,3.0379708,-3.9469182,1.712019,-4.7764945,7.6867495
12.742565,5.8561463,0.13384715,5.680787,-2.196773,1.0297158
8.435794,5.2313895,1.477663,3.3194404,7.9002266,0.27370015
5.771796,3.0981119,-7.7309737,3.9447238,-4.7092447,8.292922
10.706104,7.064268,-2.6380124,-1.2698462,-4.5536523,9.494988
9.13046,1.3897821,-0.77052724,5.532264,3.5050979,-2.6415606
6.1464877,7.2198277,1.3113834,2.4071,6.8535433,2.778882
4.0967607,2.7748058,-5.7158656,3.84029,-1.5374146,7.1111574
3.922187,4.360869,-0.29678413,4.0786986,3.93745,1.6852003
4.7124996,4.771429,-6.0303106,4.7430573,-4.152903,7.443327
8.243822,6.9798994,1.4782882,4.599785,-1.8967779,4.427778
11.288311,4.1096683,-4.085649,2.4944108,-8.999132,5.0052886
8.157413,5.6147346,-5.748912,0.12021416,-6.63323,10.210059
5.774825,4.651331,-0.2236565,0.11554592,4.9907656,2.7730932
12.7536545,8.049844,0.7629491,-1.0292046,0.6704793,7.3193445
9.136065,1.8510958,-7.1611047,4.9631805,-6.3338594,7.328023
9.751892,4.4145527,-3.8979247,5.493707,4.737281,0.23927325
5.432316,1.7552701,-2.744625,0.9119171,-6.5513515,6.0689106
3.4599476,3.3264,0.56445074,6.3522644,8.25411,3.490849
3.092952,4.0330286,-4.347474,8.139537,6.1358433,3.618347
5.1390896,4.96577,-1.5856781,4.054654,7.29187,2.6014395
8.382896,3.776754,-4.7030554,1.9283168,-5.604188,4.634233
6.4404163,0.18840554,-1.6216857,3.5699525,7.279745,-0.17445049
5.0096316,2.2256432,-5.4086294,5.7675447,7.4874587,2.6216369
7.232244,3.3878968,-2.224182,4.4517007,-9.638557,4.509204
4.340174,0.78465945,0.79008615,7.577819,3.7523866,-0.7682679
5.7214212,3.5337596,1.3742355,7.7587953,4.7259007,1.5337795
7.255044,4.7466745,-1.4180574,3.0074158,-7.8900356,6.2935743
4.8172574,2.9673975,-2.1205237,5.1092215,4.6306953,4.023585
2.8759015,4.4277725,-0.24007526,3.0377688,3.5570984,3.0638418
7.675616,3.783656,-1.3735127,3.900868,6.738031,0.1330755
9.1895,3.1260276,1.3135493,5.3820276,5.2521143,-0.97854644
3.1769698,4.359284,0.22256127,6.0070434,0.24180931,4.965432
7.084791,4.4699206,-6.746103,2.2784283,-2.4076657,7.832609
8.939798,3.9825065,-1.1729561,5.4361105,6.915617,2.7323089
9.334886,4.178562,0.56343544,4.3876143,-2.1289396,0.4849551
6.5600076,0.24141578,-3.5005465,8.950177,4.453763,0.3097187
4.2696877,5.187357,-0.01386717,1.0814426,-3.1330385,8.097396
5.3149357,6.749515,0.96077394,2.2761593,1.2163044,5.736822
3.427334,3.8360958,-1.5660943,9.340922,7.0169992,3.0158455
6.6737337,2.5624568,0.26748475,6.919179,5.7428026,-1.5508908
3.5744793,4.1238623,-4.2566676,4.724655,6.8129206,3.193749
7.9396462,4.2219954,-0.51875603,4.700274,9.25549,3.0237417
3.3374898,2.3610384,-3.0231857,3.7759535,5.97667,4.7021465
9.1994295,2.0493634,-2.98698,0.9392919,-9.987698,5.9290104
5.842496,1.4758056,-0.88587904,5.08418,2.8946657,-0.64503413
8.640468,2.215751,-6.0897026,8.021625,-5.758835,6.46244
7.3621464,4.680614,-6.300024,3.2170658,-2.645318,7.800894
9.040096,4.0304537,-5.2486444,2.4956796,-7.3934946,5.6794004
8.609695,3.5735183,-2.941392,3.811565,-1.4326092,2.2283823
8.211537,4.313571,-2.0415027,4.8512697,8.623528,0.89214325
5.5986,3.4710433,2.5166702,3.7336478,8.445232,0.1408945
7.609433,4.5229425,2.7000632,8.437755,11.410765,1.9724877
12.769421,7.524954,-1.2808073,1.9929967,-0.35448727,3.3718805
8.468369,4.7806478,-2.5374851,1.7643346,-7.9354525,8.048311
8.484198,5.7757716,-1.5568615,1.8249882,-0.4056511,2.5145907
4.9096813,6.676729,0.4798762,5.8003697,-0.27420905,6.042474
4.5282936,4.7523136,-4.4454403,4.6590037,-4.5161233,8.0936165
2.382194,2.7175026,-0.6685529,1.0955677,3.6085455,3.3029485
6.887531,6.7994685,1.6306515,5.157841,-0.00086602196,6.1757336
7.108445,3.3821075,-4.702261,6.1433144,9.584731,2.2926593
6.8460174,1.1208668,0.41159165,5.84869,3.3962734,-2.7729683
8.022921,4.9862976,-1.054828,5.6261435,-1.0893999,2.6252518
8.273062,1.6268742,-1.9179758,7.36757,9.730011,-2.3930683
7.7993507,5.6225176,0.40061912,1.7883555,-5.578104,5.623302
9.279469,2.2838564,-1.9713163,6.508932,6.678212,-0.65865356
5.256125,4.065918,0.12735619,6.502398,5.530673,1.1200172
4.470614,-0.16505422,-3.0615413,8.805571,5.119195,0.6727995
9.374638,2.8799694,-7.00937,4.1127844,-5.4901667,4.428573
7.5079417,5.5887356,-2.585814,2.6535769,-5.855383,5.0502987
1.9331892,4.1638784,-0.5177845,1.6063164,5.264534,3.4601748
2.8967803,3.3162024,-3.449312,5.8141108,-6.80938,8.238002
7.345012,2.5668309,-3.7584183,1.7244334,-7.605794,6.2081375
7.8258553,1.8435398,-5.891971,6.5843315,-8.527194,6.194779
8.505837,4.9460726,0.43572718,5.3413477,-2.1445441,3.4847164
8.71513,2.1766756,-2.0242147,6.3321133,-0.6446604,2.9975517
6.453228,2.1574628,-2.8551261,3.4738317,0.4236286,-1.624174
7.239601,4.6320105,-3.3036451,3.7657378,-7.5784655,7.6999173
8.422036,2.0499604,-4.7263985,4.676291,-5.146993,4.8004766
6.8537245,5.1449156,0.8070054,0.6989665,3.73106,1.92397
7.326275,3.6028705,-2.425487,4.4031286,-6.525627,2.826797
5.910818,3.4703562,-3.2108746,2.9174833,7.1431613,0.84194064
5.6403065,3.044562,-1.4724795,5.38474,3.9814658,-0.9220068
5.4352665,5.4890766,-1.2787663,4.481424,-6.258421,11.79618
5.9894137,3.622038,-3.4743848,3.8139539,-7.0768056,6.304681
10.900187,2.250265,-2.6502354,4.937269,6.203641,-3.4753575
7.83376,0.8867721,-1.4403912,8.057367,6.688442,-2.06105
8.698786,5.482216,-1.4213562,3.211035,-0.5946744,2.6952534
9.727926,2.6767752,-7.9259014,3.926213,-7.4170275,4.793203
13.831945,7.4648905,-0.11849201,2.1492991,-0.3113602,4.56583
5.326174,5.400304,-4.995602,4.9428234,5.6155148,3.580998
2.4357367,1.6322886,0.335068,7.7033167,7.1561623,3.1961427
4.455519,2.3691475,0.8475038,6.3710523,2.6676252,0.7136993
3.2859375,4.2393894,-3.040834,6.9236474,5.9793587,3.6968079
6.8058186,2.151827,-0.48857465,9.944637,7.94376,-0.17060938
9.9815235,3.2860427,2.8953998,-1.3826908,5.7590938,-0.7930185
9.447374,4.5782146,-1.3850619,4.542121,4.098836,0.4689912
6.3598213,3.575437,-2.2042587,6.305001,-8.666261,8.800384
5.5693135,5.1940665,-0.9369625,5.7451715,5.5685544,2.2210069
6.470395,1.785416,-0.37655714,3.6764877,4.6146703,-1.608964
2.170608,3.852887,-1.2658603,6.8733864,-0.07240489,5.765265
9.886274,3.91949,-1.2498249,6.2635384,-2.0746741,3.1834378
8.364483,2.786058,-4.653531,2.5375314,-8.995674,7.760586
9.437194,2.0989096,-6.974209,5.1177864,-5.229765,4.6975565
3.780604,3.1965034,-2.207105,5.014878,6.10577,2.7134929
7.78638,3.216865,-2.7416081,4.616538,2.8605719,-1.4135684
5.1965017,6.9464426,-0.024468899,3.1034522,5.534995,3.368155
5.014263,2.1222775,-1.9898369,0.62269354,-5.27446,5.0891123
6.1027107,2.3015225,-3.4109159,3.7801552,5.356502,-0.39628658
3.3739822,4.8070025,-1.4155862,4.381791,4.359337,2.513379
9.336717,3.8387334,-0.59579206,2.1139052,5.7214212,-1.1315324
1.6885511,2.4572365,-2.8946853,5.720519,6.094595,2.1558459
3.5701454,4.641862,-2.9181237,3.5831509,4.316768,1.6037959
7.1054025,4.7420697,-0.20351656,4.200906,3.8295288,0.03109153
10.175131,3.8096745,-0.7966721,8.876293,7.0351067,0.12364587
6.289358,1.7346984,-1.6336558,0.27139342,-7.1171374,3.8982239
8.879966,4.278179,-1.5688095,5.3929176,7.1086483,2.738336
7.547298,2.5392473,-4.794486,3.8707235,-8.191198,6.415
10.617636,5.9975595,1.7370638,2.3285577,-1.9509677,2.7954032
6.3942256,1.5523945,-2.1732426,6.6254835,8.445877,1.9151078
3.8049395,1.6231276,-2.617693,8.859036,8.659662,2.130481
6.2324634,2.026551,0.6219206,8.567405,2.9815114,0.3885338
4.979807,3.3218381,-6.40209,2.1417794,-4.1379704,7.1502104
9.313848,3.2489312,-5.5628824,2.0943224,-5.838474,2.8423562
8.304506,2.088573,-2.650347,5.3844934,5.019861,-1.2564785
8.238602,4.151875,-4.046051,4.6220984,-0.790648,2.6119652
5.1039534,3.6571295,-4.095792,1.3425044,-3.9650805,8.341649
6.719404,4.3712263,-5.8242292,1.4206743,-3.0406425,7.9540577
11.624439,3.762225,-5.076936,4.6933136,-8.150685,3.655655
7.418949,2.8198717,-0.94366205,2.4458163,3.7381945,-1.9551647
6.7958384,3.815438,-2.690714,1.0593022,-5.999271,10.2188635
8.750323,2.2240877,-4.323266,2.0294952,-5.54008,6.0617695
5.9516306,4.0487337,-3.0091739,1.8782674,-4.764369,9.584358
14.100733,4.581652,-1.7307063,7.211052,3.9904766,-2.7913938
4.3787327,3.0674593,-3.2190113,7.1123104,6.0736847,2.0563607
6.452022,1.3493,-1.0184363,3.6157045,0.52632666,-1.7590512
4.661484,5.7260494,0.39169234,5.860606,5.3810797,2.8888159
7.887022,7.191247,-3.3146906,3.9498062,7.1196966,2.5702245
6.5570574,1.4736308,0.8713051,8.581501,2.7747073,0.31933597
6.3139257,6.563922,-4.046338,2.0020366,-6.1089177,10.188157
8.385743,6.3905387,-5.620754,6.310507,0.8550796,6.9275274
4.8547215,2.0581214,0.69772315,8.197622,-1.4727423,3.4483154
3.0762057,3.6549208,-0.60468304,3.005673,5.2235775,3.2622604
5.2489576,2.3509054,-3.4422953,2.1134028,-4.848753,4.0686846
9.141015,2.7724135,-4.771372,3.5514164,-5.6878223,4.7866144
4.019601,3.8324091,-3.2675972,4.360267,1.1983429,6.3834043
9.185266,2.57256,-2.4250374,6.9010153,6.176019,1.2852751
7.3034744,6.6846676,-5.158781,1.8385457,-3.4747584,10.118843
8.303003,1.77044,2.0742865,6.890767,5.381622,-0.75744677
5.7609334,3.9064534,-5.306407,-0.6961877,-5.9595766,8.110423
7.350068,2.11422,-0.24374285,7.6352987,2.2421308,-0.47682244
6.722808,1.2451371,-0.5863813,5.861624,6.8395357,-0.75774467
3.1890202,4.1934695,-2.4845934,3.9171634,5.9684973,2.819968
4.5696735,1.6410435,-2.2215755,4.639986,7.1517677,0.6815408
7.5048304,4.736447,-2.896756,2.0358655,-3.9798574,8.548604
11.394448,5.9447184,-4.822115,2.1650662,-9.253605,9.044511
7.010479,4.0498123,-4.777584,0.34241074,-5.493337,10.892093
6.433357,3.7517447,-3.2415953,7.738061,-2.1707392,2.9463148
5.7057967,3.4186819,-2.6338556,2.9845455,-6.879206,7.1446753
2.40122,0.8287027,-3.1025376,9.046614,7.874448,2.1145718
4.4739223,4.256772,-2.7609482,1.5264672,-4.8592324,8.651252
8.07009,3.4078228,-3.783237,4.129632,-5.807871,5.6985188
4.4271374,5.305416,-2.8205366,2.0315647,-4.976388,8.375645
7.4200783,0.3228112,-0.1308432,7.4910316,3.3378608,-0.1334717
3.1542547,5.4125767,1.8070948,2.2722375,5.472803,2.7246172
5.879854,0.5709463,-4.8597174,6.2539387,2.130876,-2.4624555
8.257368,7.2562838,-5.573872,1.2656877,-4.864408,9.018557
5.5818043,4.2474213,-1.8418388,5.147471,0.055445794,5.9644866
9.071228,4.188923,-4.6546936,6.2128205,8.828292,1.7696093
6.8184342,2.1920896,-0.22281024,4.7328887,8.125337,0.5988742
5.580235,3.4597285,0.07705829,7.752116,3.1495693,0.55737567
6.358485,4.745374,-6.1674614,2.1362982,-4.565905,9.008172
8.168506,6.357624,-1.5270531,1.9382299,0.29989085,6.361936
12.150244,3.7933404,0.14755124,1.1816955,-1.4204937,1.0630214
6.2335353,5.5628643,-3.1937208,1.8360445,-8.2778225,11.016399
4.881639,3.6778731,-4.8916883,1.9075038,-3.7220182,8.507457
7.1048646,5.557235,-5.0916667,1.8488114,-3.4607296,9.026744
5.162775,2.9129064,-2.0979662,5.560814,-5.992202,5.255639
7.3905687,6.8308997,-3.0994282,0.51916856,-5.380834,10.374694
6.1918573,-1.7473328,-4.8370876,8.984112,6.5140553,-2.0716925
4.5310826,2.9340756,-0.95319545,10.621144,8.448699,3.1850615
8.020161,4.808083,-2.8206487,6.8769164,7.3967247,2.9199321
12.04723,6.3850064,-1.4812005,4.4403334,6.2040443,0.78378654
9.901129,3.4906142,-3.124842,6.2414513,4.890483,-0.30094275
6.123805,4.8958845,-4.32049,2.0622027,-5.6305985,11.138087
6.6844254,2.8737357,-4.975157,3.5681899,-7.390625,5.740647
11.949416,3.5245879,1.9044546,-1.7071958,5.7053175,-2.219053
8.761356,3.1677887,-4.562625,4.2041845,-6.258149,2.8954592
9.851164,2.1471548,-4.6006346,4.913956,4.974594,-2.758628
9.103412,4.3701615,-0.703431,7.9514136,8.796315,2.6848226
5.3973,1.9761043,0.00485982,7.0985928,4.9743986,0.05255505
6.843572,1.0475618,0.4335697,7.1441383,5.780776,-1.0392978
8.161688,3.1284378,-1.1439503,3.0323596,-2.761316,-0.34111598
8.130615,0.85088724,-2.431949,5.757237,9.137939,-3.1309814
5.540203,4.4355726,-2.12888,5.022366,3.0248585,0.36447036
7.727399,6.9423466,-2.4078097,2.789947,0.7105558,6.239725
5.812282,4.98869,-3.944088,3.2340004,5.1653643,4.4193463
8.569203,3.0153282,-5.7771826,6.219059,-1.160134,2.8950498
10.249846,2.948598,-5.086382,1.4109908,-9.338329,8.918228
7.641015,7.2556696,-0.8374684,2.6474977,7.1760006,3.2669172
12.0765295,4.156949,-2.115036,-0.03648884,-6.493849,4.2236457
9.96608,6.731105,4.689159,5.8631415,-1.8689889,3.3572273
11.317215,5.32845,0.07061912,1.4834782,-1.7460253,2.7504385
5.1798587,4.499327,-2.8449502,1.3397372,-5.4988136,9.487391
5.3400536,3.9915564,-1.5459312,1.2250081,-5.953024,6.263898
8.708269,2.2843354,-1.8873467,4.027832,5.1336265,-2.3547015
6.1231794,6.610244,-5.2129455,3.9057844,-7.0663776,10.083125
1.9612433,3.1796756,-4.067541,6.3874516,-3.387256,6.753031
5.699315,6.159852,-2.5517213,2.087773,-4.2636075,9.48272
2.401087,0.79628235,-2.059136,7.0702567,4.180762,1.4175912
10.575629,0.47884515,-4.213489,7.776239,3.6223574,-1.9645327
11.165454,6.195878,-0.74012995,0.86773723,-0.8801005,3.415951
3.2470329,5.220795,2.0684865,2.997246,7.5831003,2.462593
6.355055,2.8743985,-0.4066409,3.5577362,-8.224231,6.073312
12.812898,4.945179,-0.2418643,0.87330043,-2.4771242,0.81312335
3.344056,4.286993,-2.0279274,3.600976,-4.9686804,8.383449
10.344925,3.5957682,-2.2514544,-0.026590176,-6.2666426,6.404076
2.4360797,3.3129652,-0.95714736,2.0621862,5.457635,3.082725
8.211619,4.0136228,-3.1963255,2.6459439,-10.460159,5.184887
12.109444,5.003068,-1.4546235,3.2235527,-2.8102102,0.88947654
7.1940103,2.019683,-3.2606907,9.746056,8.994951,2.2262394
5.0399733,5.4335394,-2.7592306,0.85762566,-4.3857245,8.682307
7.3847857,1.4073957,-1.5086616,5.8815546,1.6301879,-1.3752875
12.984271,3.981366,-0.90035653,-1.9268013,-6.6599083,5.502293
6.0118294,4.282481,0.9154495,5.357643,-1.7022132,2.2650235
10.33713,2.8713534,0.8930707,6.1920013,6.3813386,-1.3302478
7.3897815,0.9302075,-2.9377623,6.698816,3.7266645,2.0279896
7.036994,1.7810638,-7.1467113,5.3570223,-5.5960164,2.8764966
4.964893,4.5225296,-1.0568763,3.2108705,5.87088,3.7951841
4.4045753,5.0200214,-1.7863668,1.0157524,-2.795147,5.9164276
8.208505,3.455633,-4.3293123,2.1269698,-5.807008,5.236164
9.346045,2.7137215,-4.7652636,4.6836824,-6.266896,6.339098
4.8351903,4.732476,-1.9628916,4.976303,7.0588408,2.6291256
6.3361626,7.273638,4.2225933,3.01271,5.416895,3.1684728
11.208734,4.308505,0.16596994,5.8055196,5.933091,-0.75557655
1.7397984,2.5356438,-1.9229211,2.822333,-4.520076,6.4203568
8.649515,5.2934685,-8.430816,2.3449779,-5.7811117,11.572129
7.1665616,5.434727,-1.9080988,2.7788892,-0.70165277,6.0749855
7.447877,3.208708,-0.93484676,7.7586155,-2.4935884,2.996182
15.103838,6.940722,0.82303476,-0.46120805,-2.4162247,2.3140724
4.4557614,0.46343932,-2.4208972,9.722453,5.805618,-0.24994543
5.648829,1.6588728,-0.55211675,7.368412,4.7474184,-0.92135775
2.7652454,4.9451904,-2.3439255,6.2726846,0.37621072,5.242351
6.420407,3.980887,-1.3323087,3.9881527,-6.559658,4.9557543
4.580181,3.1898162,0.9211105,6.4914494,5.447172,3.1626596
7.8144326,3.8250105,-5.0118465,-0.84246093,-6.534153,10.629262
8.664326,5.8974504,0.034894355,3.195194,5.513508,4.625453
5.7073,2.1998625,-3.6453037,7.3698034,-5.7880373,5.395355
8.760279,3.2840474,-0.5982245,5.832203,4.787806,-2.5958738
10.373378,3.9844415,-8.171306,4.6908426,-6.4273653,5.237703
7.147871,1.9719576,-2.025108,5.860324,8.4698305,-0.92464584
4.7508054,4.0084233,1.7987022,8.819761,10.992598,3.2916205
9.232824,6.6550665,-3.130621,3.1162138,-6.0475907,10.050077
10.445164,3.8303928,-3.9569254,5.182573,-2.6942368,0.04474717
9.451935,3.5279214,-4.416491,4.8021517,-7.1880703,2.543008
8.28141,-0.22193779,-3.2450726,9.556507,5.6102724,-0.90526634
6.3043766,2.5889902,-1.4039065,5.4887366,-7.3041763,6.4944286
7.448399,4.823778,-2.3069758,0.06942146,-3.6464589,7.5055847
9.199112,1.5253621,0.9099865,3.7688112,6.9782734,-2.3956993
5.78479,4.040314,-2.965064,2.1405747,-3.9010015,7.7962403
8.298365,4.50268,-5.4975414,4.5731807,-8.365784,5.8188357
4.3024597,1.3904792,-2.8293529,9.038038,3.5300958,0.44000193
7.561149,3.5803463,2.2926478,5.3403378,5.342965,-0.21491602
7.3696184,6.3321466,-6.1473436,0.6225998,-5.6663284,9.597922
5.368478,6.2405534,-1.0880047,1.0136831,-2.9293847,7.2825828
8.889731,3.3729346,-1.8977948,4.4082494,6.5018396,-1.5011
10.261066,5.8939104,0.6807699,3.226319,5.986239,-0.27660123
5.176917,4.4410086,-0.58887136,5.355257,2.8879387,0.8828081
9.090027,4.6986327,-0.8047383,5.2682066,5.121335,-0.32585028
8.112569,5.3360577,-1.6777904,6.539132,3.697266,-0.65710455
6.5686903,3.1829617,-5.0184793,2.2790546,-2.5382063,8.945855
6.5016723,2.3626258,-5.192616,6.1912174,8.629028,2.1891935
4.195655,1.2106923,-2.4426224,8.787271,4.344525,1.1158162
5.7244053,-0.12924917,-3.6736975,8.246204,5.0038004,0.11063418
9.935471,4.8180237,-5.3725557,1.2970418,-6.857899,4.333742
10.8846035,4.4415417,-3.1892648,0.26515114,-8.420376,4.5347548
8.03079,4.3236413,0.9714577,10.928209,8.15826,0.45120916
5.1191196,3.0309927,-5.178747,7.2566624,-9.065882,7.4914865
7.3825264,4.252676,-0.7284874,4.438792,-8.452681,5.4144754
5.6386023,4.2554636,-3.6693802,4.67862,5.45429,2.7523637
3.3240383,5.446359,-2.5140543,3.1270032,7.2527885,2.3834934
5.468199,5.174001,-3.7432961,1.7324222,-2.9726024,7.5987763
5.642396,0.8231489,2.2238724,7.466104,7.8612814,-1.2229838
8.351394,3.8753562,1.396921,1.1565899,5.57343,-0.49799004
10.091074,3.0534089,-4.1074395,5.336217,-2.6902463,0.2255468
3.856722,5.654249,-2.9199524,3.342371,-2.2526095,7.5328712
3.993652,3.9049597,-1.5612082,4.186278,4.8792014,3.8920105
5.8817196,2.8521495,-4.400893,3.6502807,-8.268652,5.580082
5.733735,4.4331856,0.090583,4.0179243,4.727274,2.0101085
8.578394,4.080715,-6.645853,2.6681218,-2.9657035,9.043031
8.390903,6.974469,3.3105874,7.2225432,-2.786852,5.0720243
3.0730941,3.0625312,-2.4701838,5.3311243,0.24563861,4.510658
7.585657,4.4490685,2.746988,10.248161,4.371887,1.7090532
6.669398,3.8216202,1.9520022,5.571583,4.7020235,0.0853875
1.9382645,3.2703109,-2.1682491,7.234768,-4.010701,7.05721
10.775423,2.2885015,-5.9168906,3.1975002,-5.9206553,7.1718554
6.6455564,3.2177856,-0.8393986,9.974028,-1.8934566,4.7581186
8.886737,4.874407,2.8522391,6.547882,5.208643,0.5334025
6.809803,4.616883,-4.0450296,5.7724214,8.031065,1.8766768
5.4109244,3.5289583,-4.3031483,5.109352,-7.9350033,8.61903
9.132553,2.8552902,-3.545948,7.8644757,-3.0037715,3.4641316
10.526975,3.5720541,-1.6507546,4.6289735,2.6112287,-1.4548764
10.114483,5.750249,-4.37892,4.0675716,-1.987811,3.0741844
6.769802,3.9473004,-3.8867302,4.2242823,-6.8356094,11.199157
8.211131,2.9764206,-1.0840648,7.957391,7.244696,-0.6709904
4.1935225,1.3322548,-0.3228992,7.790787,4.6018004,-1.1682552
5.567083,3.637734,-2.4238875,3.1757307,3.7360578,-0.5487318
7.1390553,-0.4384093,-2.793665,10.521692,7.042036,-0.60597414
7.386898,0.6936938,-1.6576,5.285291,5.0097713,-0.3437605
4.803692,4.2651424,-3.4786594,2.4036434,-6.9147363,11.385725
12.036822,2.6108243,1.7222757,3.1548207,5.430581,-3.2577286
4.0622435,1.1595435,-2.5882792,5.227997,-5.7848735,5.3533278
6.188301,3.0230942,-4.6151366,9.343782,-6.534005,6.823279
6.432791,2.9394913,-1.2164669,6.8455725,0.977456,-2.3153532
12.713093,5.6983967,-2.3033426,2.9714599,-0.8647405,0.54613113
1.2603832,0.11253153,-0.77001476,6.729308,2.0166934,0.723478
4.8861485,4.398323,-1.2110873,3.1383052,-3.2968433,8.491799
7.089511,4.1065435,1.5196433,4.197232,2.463333,-0.9967486
3.9854739,2.968955,-2.1122103,7.5176797,-1.3052324,1.8222965
12.30698,4.6312943,-1.2820245,7.433343,6.292674,0.113731414
9.798267,2.8311975,-2.6570976,4.5092454,7.629965,-0.5527305
10.040458,2.477064,-3.2398975,5.7697334,9.121389,-1.760145
8.135966,0.2589975,-0.39260963,5.742585,9.539904,-0.9442352
7.223554,4.5780115,1.6819938,3.8865662,9.508593,1.6947019
10.135225,3.1184897,-3.264554,1.1112217,-6.69864,4.2542057
8.254852,2.5134609,-5.280058,2.3828382,-5.449858,3.0691433
3.9458861,3.7996457,-2.6859417,2.8663237,4.3756523,3.5579784
5.786253,1.2606528,-6.0423317,4.9616356,-5.9643908,4.7868023
7.2466483,3.2986639,-1.7829192,2.5244672,-5.8998346,4.4273157
7.6676736,5.1052876,-2.1351993,3.220867,-6.9381094,2.9593778
4.020219,3.7558131,-3.5113206,2.6019638,-4.0226455,6.8067007
6.821866,5.83,-1.0745152,4.0050406,0.91529655,6.277404
11.108881,3.5951471,-4.348113,1.5727271,-6.3879476,6.290038
4.6233435,4.4237113,-3.722104,3.363069,-5.6308694,9.308629
8.489622,5.675067,1.4490815,5.232142,-1.445698,2.9569795
5.792861,4.516695,-2.4790173,4.136586,4.5987453,3.7333183
8.981808,3.1785915,-0.29479083,8.09289,9.166422,-1.7748861
10.946991,4.795698,-1.7877121,2.487199,-2.5971644,3.998705
5.313629,3.5846038,-0.1335809,5.1673284,-1.4494537,3.101975
5.579745,5.719864,0.54106045,3.9695911,6.8445296,2.1127496
5.497674,1.9894997,1.1915579,8.829184,3.734641,0.96337384
3.972315,3.7660258,-1.9811461,5.3238626,4.603674,3.687943
6.8756485,5.65506,-1.5502126,3.3263083,7.40722,2.1759105
4.6190176,3.8142865,-4.48672,3.1747463,-3.116709,7.6003647
7.8947506,1.8345364,-0.053197548,9.807364,7.7063475,-0.34820297
11.258612,4.310158,0.26930693,1.9478908,3.844172,1.5827341
2.59239,3.0177445,-4.2921968,6.259239,5.6006403,4.48299
4.226379,4.1760216,-2.662575,3.6126103,4.845802,4.5072756
5.089953,2.539685,2.9672165,7.8972406,6.310277,1.2822052
3.441456,4.036665,-0.23747519,3.6412902,3.5585203,3.6528082
4.3469753,2.1845517,-0.3957927,4.023316,6.821746,1.955395
6.7783666,1.6237246,-3.4696293,4.752979,1.5899535,-0.18115443
6.2288938,1.7698396,0.032946065,11.690663,3.6816034,1.0583259
3.6571076,4.551616,-3.5181665,1.7172784,-2.2917612,7.358577
6.004744,3.7101197,-5.1132154,1.5201601,-4.515728,8.611943
6.149314,3.0344663,-1.1642301,3.6796846,3.9457264,-0.19116703
2.7010858,2.5915573,-0.4188622,4.811521,8.917421,1.719086
4.2424555,3.246051,-6.2251253,6.510747,5.6189494,2.7284446
8.982553,0.82834554,0.29263029,8.552328,4.5760436,-1.6156045
6.899582,2.6618485,-3.655202,0.9143837,-9.17526,7.9321485
7.40889,1.4133016,0.28893164,8.066635,3.5211654,-2.8885207
3.743143,3.9990919,-3.1387615,1.2488055,-5.0172668,9.793014
9.154226,1.1726056,-4.8823977,6.9052444,2.4305024,-2.8490543
10.183763,5.0156307,-4.6088886,1.6776172,-8.277714,5.950528
4.92762,3.4591224,-1.5298856,4.6218123,6.097357,1.1606495
9.798696,3.236734,-3.4043107,1.5154401,-7.786684,4.575177
9.94944,3.1889122,-1.1905228,8.461029,4.0767374,0.37897745
7.659539,1.0828055,-4.477269,5.8319073,6.1290026,-0.52733594
8.476139,3.4127228,-2.1437187,4.8292713,3.879156,-2.692133
6.4609685,2.3156455,2.2480776,3.5456529,6.9313564,-1.8697476
0.34972173,2.1244736,-1.1346936,5.252428,4.1097107,3.638227
7.830867,0.6947497,-5.8452415,8.646822,4.9334183,-2.9166954
6.7127905,3.0588014,1.2349522,5.211526,3.88833,0.09824841
8.213809,5.0364904,-2.6496375,5.473129,6.7983556,1.8410345
6.2014613,4.6681995,-3.9749866,2.2391882,-3.1606581,7.9309616
3.068673,4.527794,-0.5751585,4.0093884,-3.6962357,6.5304976
6.466098,3.8464317,-3.69623,3.193028,-5.291578,3.592876
5.492538,3.7490246,-0.4394258,7.322907,8.01338,3.138792
5.355071,7.9646025,0.65096843,2.5797944,6.5704594,2.8518748
3.6337187,0.63296044,-0.027544796,6.088689,6.2321405,-1.7478961
8.275616,3.2049556,1.3636599,4.448763,8.925217,1.2993326
6.760742,4.4502378,-5.019192,6.6517253,0.26149392,6.448265
6.1106777,3.2809618,-3.162273,3.6545763,-4.9605455,3.3989367
4.565895,6.866662,1.2037787,4.98462,0.17001182,6.6561155
5.920574,3.7460144,-1.6902386,3.6042547,6.2361445,2.0679712
9.069532,6.618136,-5.518498,0.057906322,-6.864359,10.124669
8.829515,1.8083023,-4.9725657,9.266883,4.461968,0.31040797
8.774693,5.329838,-1.0469506,4.6484113,8.681522,0.8948212
5.3469973,2.529134,-2.2400887,5.233461,-7.7695193,5.132533
1.8548871,0.82924443,-1.8701454,7.9365263,4.999139,2.1809044
3.9262946,4.1603947,-4.745473,3.2489688,-5.5147038,9.478733
9.79246,2.2628105,-5.891619,4.2096734,-7.322463,3.734849
9.308171,3.493161,-4.3975425,5.2001185,5.1637583,-0.3056032
6.225602,2.728861,-5.4500446,5.160327,-7.343735,5.510656
5.112975,2.698915,-7.147908,4.4837675,-1.7696317,7.7361364
4.3176146,0.021934254,-4.0629907,8.17033,5.777768,2.5497627
7.6442146,3.937734,-0.48256537,5.853019,3.3763871,-2.9570851
2.4523127,2.4556794,-2.2398868,8.492514,5.149124,3.6236005
9.768304,1.7443901,-2.6027794,4.6480637,5.7539263,-3.6538258
4.673005,4.802387,-2.3874426,2.0735645,-6.4291477,8.474752
4.485984,2.31107,-1.1982675,6.0755286,-2.6202364,0.49949357
10.615728,4.1324587,-4.599372,2.1595497,-6.1866827,3.255592
7.5664177,4.936037,0.77807224,3.1317222,-2.3062553,2.758872
6.69123,5.503644,4.374341,3.42058,11.7169285,1.657845
9.426266,5.7679615,0.7687477,3.046958,8.275886,1.5212734
8.66499,5.1256495,-2.5548365,7.282962,8.457648,2.901784
6.361656,5.587964,-2.1651618,3.1004033,0.3035725,4.98788
3.7560606,3.8047884,-1.9993031,2.3621776,-5.2535048,8.582765
3.9889553,5.9446383,-2.988915,4.8817935,0.80819887,5.934507
7.0041313,5.276296,-5.5527983,2.0283513,-5.504694,10.55943
8.5084915,6.6156416,1.4493383,-0.08538503,0.44666168,5.5622067
4.3518634,2.668565,-0.97420335,0.65243405,4.420438,2.0671434
9.57929,4.0867386,-3.4591298,5.6257877,4.0367427,0.21525963
3.8897073,4.517122,-0.64076495,5.4484916,10.653423,1.7399826
4.937081,4.049641,-4.1318417,2.8774548,6.2227464,1.7274653
4.6578665,3.2932496,-0.1900336,6.734648,6.538278,1.1758448
6.248031,5.368207,-3.5755138,4.1400723,0.444255,4.9274464
6.633365,4.6826754,-2.1201322,0.36131805,-5.612485,8.72778
7.9624205,3.1417007,-5.528826,1.6304115,-3.0501142,11.103538
4.909459,6.6630974,-0.23903534,4.4145775,-0.41164923,6.2445626
3.8908591,5.041504,-1.4176668,4.85376,6.2578335,2.8903244
10.49422,6.2827888,0.7883016,-1.2550749,0.53440297,5.771007
5.1468267,5.6787624,-2.020154,3.345421,-4.450098,7.5606785
6.003941,6.9110403,-0.6808289,3.898775,-0.7921939,7.0090876
7.0642414,2.392293,-3.4755259,6.3611436,9.944223,0.8098377
7.156601,4.82998,-3.7371259,4.6914797,7.196123,5.32869
4.094366,2.4581978,-1.8686564,3.3310785,3.6506171,2.9604635
6.251363,4.740527,-2.0579648,5.2902575,7.5033326,2.2789888
10.012622,4.208001,-7.890583,4.001875,-5.4122376,4.142481
11.854605,4.1929035,-4.9178104,3.2735417,-7.0811315,2.5838668
6.862341,3.7302034,-2.208284,0.5963951,-6.960531,9.439739
5.003138,0.5109084,0.7209935,6.3601093,6.124633,-2.475196
3.1803162,4.0397525,-0.35891458,2.2188628,5.8497458,3.296254
4.8945556,3.1465147,-0.13697678,3.8469877,6.4779243,0.5358281
10.428285,8.540639,0.5625726,-0.35672563,0.641976,6.367449
11.227837,3.0725253,-0.5724095,5.139869,2.264267,-1.883119
4.2770514,5.306336,-2.8881054,1.3908983,-3.6970897,6.233367
8.701511,3.4591777,-6.4002056,3.1734767,-6.344697,5.5709667
8.611789,5.4554353,-0.47937348,6.9289293,10.9765415,1.4640632
9.606556,1.9585866,-3.2009249,7.232135,7.8942137,0.011735525
10.526656,0.79488665,-1.0232668,9.632572,7.2844586,0.54469
4.8105164,4.910198,-1.8787867,5.117897,-4.420863,7.9372234
6.040477,4.8402405,0.98686874,2.5409777,7.280516,0.10303515
7.4284554,5.3388257,-5.5983686,2.273303,-5.9048405,11.291722
6.0308113,0.3122249,-1.6897874,11.273821,4.658598,-2.4019542
6.451929,4.3436627,-1.331137,4.844067,7.368127,2.106495
6.796547,1.9835917,-3.1688972,8.193098,9.665125,2.3928852
5.6696143,2.4162285,-0.8453071,3.1946886,2.1983507,1.8377644
5.807599,4.8371363,2.7660873,1.6511499,8.924003,1.28387
7.0659056,4.219639,-3.320224,3.7699773,-6.3023105,6.8120832
5.919798,2.2551324,-3.6435492,8.097907,-6.9924836,6.291424
5.7597747,3.4443517,-2.9680357,2.2122135,-7.084432,6.356741
8.764633,1.9949378,-5.259303,6.4204063,-6.3908105,2.4842694
2.6799824,0.90726966,-1.3748492,8.811337,4.043437,-0.42838565
12.261114,6.1609087,-0.47898325,0.7149642,-1.8839967,3.3605309
8.235709,5.6287374,-0.14699435,4.4603724,5.9313965,2.3192756
3.1611378,3.709328,0.51149535,5.5051165,7.302267,2.4629266
12.012835,4.357139,-0.15952562,4.2153172,-3.416907,0.8053841
2.040127,2.9211574,0.90326214,6.036606,6.755191,2.595922
5.5511246,5.3175974,-3.0614972,2.2185774,-4.205517,8.0408945
8.873535,5.0765486,-1.8573319,1.2178499,-6.210784,5.0030003
6.5474386,3.5520463,0.36855027,4.2915816,-7.0577593,3.1371489
6.7602005,5.478694,-3.290875,1.4623427,-2.3897972,7.630399
4.624671,4.2523184,-2.9199526,1.8040419,4.252846,1.8053218
6.9935575,5.4176645,-5.055304,2.678314,-2.8278208,9.988242
10.8619375,4.1262674,-2.987849,3.3503842,-8.492043,3.5329092
2.2786586,2.3826895,0.7189987,4.433446,5.9278383,0.9237145
6.7964277,3.4796302,-7.705527,2.8935132,-3.9558823,10.228297
7.842532,4.41894,2.8203082,4.852009,6.4278545,-0.51813763
7.8211203,6.8268843,-2.6123605,2.8354623,0.304352,5.1770983
6.802997,0.16088001,-0.5405563,8.266956,5.1304536,-1.2779566
9.970736,2.4591234,-0.25877157,7.022131,-3.229791,4.3011107
3.3723958,1.4025552,-0.2082637,8.124647,8.398628,2.3694391
3.7387702,4.0344286,-3.1550202,2.9721198,-3.0720758,8.651627
5.8057466,4.5214496,-1.3189256,6.9646025,7.336051,1.0219321
5.415166,6.445285,-0.9149333,1.9110622,-4.342064,9.814866
5.8373594,3.1414495,-4.8820343,3.2976913,-3.8206391,3.3660083
1.9920703,4.1875205,-1.4603732,2.92353,6.0683146,3.8670526
4.175287,2.8802915,-3.9836912,8.093211,4.2304554,0.37426922
8.471183,3.2122796,2.019678,1.4685248,6.010791,-1.4415368
5.990877,2.917856,-2.8254428,0.64030087,-8.698892,4.1303616
5.70988,2.9128551,-6.128256,7.725679,-6.0581207,4.5865035
2.0366461,3.2465417,0.56874204,1.8527755,6.366799,1.6631254
6.5721035,4.489304,-4.0471163,6.2913356,0.5599226,6.423974
4.34667,4.079255,3.233596,1.997641,7.154024,1.2150862
6.1363554,2.9325294,-5.7851133,3.859722,-1.7081034,8.513671
4.3761024,4.660384,-3.5506673,1.4084907,-3.0997963,7.377071
6.2925873,3.9619825,-0.9851693,6.5503545,-6.876471,5.5302076
6.2795105,3.0182152,-2.5761623,4.442739,-8.380112,6.594841
9.175919,2.1422017,-1.2248249,2.2221532,-2.108803,0.99815375
6.6658573,3.7644618,-8.350483,4.247646,-4.76019,9.892421
11.977404,5.1902075,-6.889744,3.3945513,-8.931228,8.807254
10.147806,4.4941072,-1.796842,5.3533397,4.50873,1.7695296
6.1436977,2.7116,-2.756599,9.209956,-1.4895195,2.4434922
6.125084,1.7450553,-3.549862,6.608556,4.7670918,0.33317342
10.868966,3.9964118,-4.0328126,2.7333422,-7.177047,3.7506208
5.6225357,0.87281483,-3.7392097,9.02317,2.5637534,1.9698119
3.4873457,4.726794,2.504482,7.246974,3.9543247,4.176247
5.5638986,2.2504828,-4.9118476,6.5501976,4.953805,3.3009372
1.483868,3.3262587,-3.5239873,6.60174,4.1710286,2.7371714
8.830503,1.1194954,-4.7978144,5.0848346,2.5713139,-2.9598143
5.70054,2.618657,-1.2967567,6.8392606,2.857289,0.6133185
3.6695254,5.254282,-1.4823023,2.4186914,-3.3714905,8.100044
7.739569,3.1124442,-5.344408,2.3402164,-7.69236,6.5686774
6.48186,2.3278131,-4.0351057,9.013595,-7.3523426,5.407897
5.080805,5.82835,-1.5676128,3.529946,-5.971341,11.179408
3.5379753,2.3646655,-1.0232768,7.3519015,7.727766,2.242597
5.6670103,3.866675,-1.5918133,6.702483,3.600479,-0.32872668
5.05333,3.2841444,-4.8049784,6.6261578,4.7785,2.7885664
5.715563,1.5040905,1.4075215,9.220748,5.536992,-0.93749535
6.517559,3.302203,-1.0553937,3.7605982,-6.0345883,7.514641
6.106945,2.1102426,0.6917547,6.810199,2.5541942,-1.2073022
6.01775,2.4545977,-3.1026597,4.2355375,-5.984553,2.1506732
7.180886,4.738561,-3.403059,2.6560464,-7.700315,7.0182257
4.1324267,2.5069969,-6.4150605,6.044263,-4.1847196,9.193848
9.567685,3.8306615,-0.70280445,3.3945222,-8.794749,4.300692
4.1767282,4.773239,-1.359213,2.003489,6.339594,2.0948484
11.630518,2.957888,-6.2049084,5.9413867,-7.530514,3.1104188
7.4764004,4.4547796,-3.507895,4.462369,-8.458333,6.8375072
4.2321444,5.6637144,-2.2451482,5.456363,7.289217,3.7953649
6.0270514,2.190818,0.31196448,9.750539,6.017659,-0.27500024
6.410875,3.5367315,-2.6949549,3.5651054,-5.335492,5.0118093
3.963642,-0.12548204,2.4565482,4.15378,5.6723967,-2.0500479
5.01334,5.9137154,-3.5410573,3.396152,-3.4017067,9.059478
7.469483,4.7694674,1.1723503,8.342224,-3.2556877,3.7222354
9.366085,2.1467047,-9.809983,6.9980845,-4.8817554,5.0128093
7.5266905,5.559139,-2.8710551,1.7394133,-7.040756,6.898951
5.3108253,0.31689516,-4.3794785,8.396407,3.788071,1.0955542
10.260076,3.9615347,-6.3759413,4.7325916,-5.7818346,1.9696456
5.8974376,3.1728473,-4.3317385,6.372241,-7.266611,6.485594
5.399272,6.4895782,1.4265691,4.5322843,6.3390684,2.2513666
5.1484632,4.512785,-3.185844,3.3982868,5.7435403,1.3926286
6.755727,1.7695891,-2.8044543,10.943335,6.611314,0.28872773
7.39166,3.3633883,1.484328,5.4841833,-1.5719445,2.958729
6.947628,4.0422225,-5.25885,3.2210948,-3.244754,7.383927
5.8724575,3.9592545,1.1331862,5.3721013,10.619839,2.5990582
7.7879167,4.9093046,-0.267842,5.090957,-1.106674,3.089529
8.734392,6.816131,1.0144781,4.406281,-2.247822,4.4408016
8.440315,3.667565,-4.902544,3.4965248,-7.0483522,6.008637
6.66348,4.7527256,-1.3504015,4.402664,7.2598753,3.2781382
7.55315,7.2168727,-0.0263106,0.5034215,6.7175694,4.4425673
8.715779,1.026986,-5.6751804,7.067996,7.4002647,-1.8253508
4.806627,-0.3711556,-0.15498264,10.65646,1.0675757,0.43252978
12.92211,4.2681885,-2.336604,2.1829815,-2.643035,-0.28690913
6.380473,-0.23570688,-3.719413,10.586646,10.178684,1.978274
4.4006095,6.1531625,-3.680163,6.0555477,5.4567547,2.7962775
4.7404184,0.40575126,-0.81175303,9.952404,6.1116705,-0.042890225
13.276005,5.438114,0.568179,3.8933096,-3.7362933,0.6749101
7.549532,1.7613331,-1.5191528,8.286304,3.4635777,-3.0036263
12.200839,3.1846206,-1.2213817,5.136031,2.3878274,-3.0804553
6.248668,2.4960115,-1.7203766,9.609046,2.9176612,1.7622756
3.6594346,3.1316116,-2.4551039,4.1421695,4.6811075,2.7710586
3.0928342,3.1871874,-3.6518216,1.6319828,-3.3349013,7.1340694
3.4618697,3.6213286,-4.1344643,-0.111385055,-4.7588553,7.2499113
8.813534,5.5999937,-2.3570724,4.317885,-8.43895,3.730569
7.2324104,-1.3307661,-4.113762,10.021004,8.412806,0.22671756
6.4310822,3.3982148,1.7247646,9.076008,5.396698,0.88416
10.067966,3.2960541,-5.605169,1.7692856,-5.340319,2.3643792
6.4684668,2.7123563,-1.7054434,2.6759086,-4.0976777,6.178025
5.392661,3.3534148,-3.260367,2.7953556,-6.0351696,3.7518895
8.688774,5.5168767,-1.8994893,6.282525,-7.713209,7.488683
7.767496,3.9063103,-3.0664473,3.9213977,9.4398365,3.0103507
7.0104637,5.084278,-3.8488822,3.3234947,-7.7588863,7.10015
9.362046,4.083514,2.3596323,6.098504,-2.4605343,3.5664818
5.4712477,6.517766,1.0650833,2.3702269,7.26221,2.4488313
8.3708935,1.3869588,-6.677335,4.9149513,-6.0077057,6.0219965
6.628278,3.4657629,-2.0523608,4.299629,-9.493382,5.0720296
7.8771524,4.47989,-0.6613594,4.3400674,9.482678,3.1729977
5.525402,3.1269805,2.5002065,4.1677256,8.965552,0.08199939
6.5408883,1.0644248,0.17025492,5.0308805,3.2048206,-2.312213
7.295641,3.4770164,-3.313695,4.232349,-6.2030883,2.6407053
12.740738,6.3544235,0.6134863,1.4479061,-0.43480852,3.1640983
6.413225,5.7927327,-0.94788873,6.2125645,6.0533924,2.675108
4.71513,1.9334809,-2.2218912,0.09317111,-5.2699327,5.38498
8.772852,3.796607,-1.1833345,4.8488746,6.4924784,2.204307
8.774574,4.318593,-4.2659316,4.9574633,-1.4739252,2.9055018
4.5704746,3.003138,-3.9401464,7.364728,6.5453625,2.0434709
5.709928,2.3573656,-3.753107,2.2229352,-4.814683,3.8929756
2.2859795,3.1541555,-2.3153014,3.4831097,4.667161,2.751597
8.0319,3.1329277,-3.8698773,3.9054127,-5.6568756,5.2264953
5.9281483,3.5410576,0.19225302,8.845916,3.4620914,0.7547664
5.7332344,-2.412564,-4.1737747,9.261841,6.0915575,-2.3015056
10.01238,2.3720977,-4.858006,5.4955187,5.0021305,-2.424656
7.9874907,2.3714898,-5.1669083,5.493413,-0.68120694,2.2176957
6.023796,6.5204215,-4.7449636,3.4601092,-7.14145,10.030584
6.574772,4.7063923,0.7120925,5.0547333,-2.031546,2.42321
6.4225483,6.608655,3.4385285,3.2212777,5.3212585,2.6740632
2.9809268,4.7014976,-1.8037436,5.799951,-0.1364218,4.6234965
5.1391335,3.5508404,1.8386037,8.662741,11.068156,2.9985278
8.228286,4.450221,-4.5680566,4.38225,-7.3957663,5.4750075
3.342964,4.5032387,-2.4871461,3.1847563,6.7224665,1.9690031
8.817838,4.5459332,-6.473015,2.659947,-3.022546,9.871117
6.2876086,4.2120557,-4.042501,5.5835733,7.8789396,1.5384672
7.714172,-0.31603703,-3.549911,11.085965,7.97476,0.4505895
9.429156,2.0802505,-5.844016,3.172915,-5.3312635,2.5924904
8.809744,5.4266944,0.8091817,5.3744698,-2.2769222,2.6645398
6.0697002,1.6684582,-3.1366427,4.28246,1.5434374,-0.05447677
6.434446,1.5317506,0.46517077,7.2340813,3.6206965,-2.6322541
8.854143,3.6001606,-2.477977,5.136548,3.8066704,-2.6160169
5.047597,7.7987614,0.26607776,2.734272,6.7195253,2.8180866
8.424743,5.056796,-0.84937763,4.428977,7.9958563,0.59566784
4.5058146,-0.21547647,-4.3392906,8.360127,6.3926744,2.643362
9.334515,4.9632807,-3.1478715,7.5138083,8.939183,3.3280153
5.155306,4.842746,-5.0752125,3.2273746,6.8522625,2.335967
3.5386858,4.367142,-0.29238704,2.9443145,5.695765,3.9093256
10.650664,0.9590239,-1.010628,9.713822,7.7035403,0.3666707
11.182081,4.44222,-0.49453112,3.8560236,-4.5403194,1.5843741
7.5610657,4.3576746,2.5003095,4.7369914,6.1107473,-0.06959644
1.6239208,3.4999878,-1.2500532,3.6216197,6.0755854,3.291004
3.865032,4.175471,-3.3901658,1.41327,-2.750035,6.743746
4.0093675,5.3964596,2.2041435,6.9419,4.195523,3.8457532
4.521142,5.89019,-3.498022,3.927412,-3.0671806,8.992823
