latent_1,latent_2,latent_3,latent_4,latent_5,latent_6
14.75467,11.030526,4.916463,-13.3341,-8.666428,-1.4533411
18.869066,16.53097,10.954977,-17.466915,-11.182944,-2.8433356
8.555211,5.2826757,-0.23753157,-8.571341,-5.875091,-0.10877628
31.183044,29.3636,27.674084,-28.533031,-14.89246,-8.5428
17.49471,15.731898,10.387284,-16.340342,-11.676941,-1.752724
24.852144,23.36171,22.288921,-22.622623,-11.764281,-6.6062765
19.225056,16.06426,10.560488,-17.816334,-10.794321,-3.073045
41.81875,39.083244,37.37883,-38.633247,-19.297873,-11.85774
23.983665,20.262188,16.73162,-21.354998,-10.844503,-5.9540424
35.975346,34.04856,32.303463,-32.950047,-17.89613,-9.5023365
8.001952,6.057168,0.56172645,-7.983036,-5.7013574,-0.39686093
14.684062,11.445812,5.597789,-12.822059,-8.689335,-1.8940235
31.760176,29.251513,27.3133,-28.649681,-14.869909,-8.514213
35.8311,33.60391,31.842478,-32.764263,-17.580305,-9.485524
29.093668,25.486773,20.97356,-26.476929,-14.851026,-6.421981
16.989737,12.536081,5.0675473,-15.209708,-9.731373,-2.3269715
40.255085,38.337845,36.60725,-36.96119,-20.88712,-10.354913
25.56999,22.974165,22.498053,-22.686241,-11.375945,-7.4202547
22.35439,20.080456,16.406265,-20.330088,-12.115908,-4.7310214
41.429058,38.634132,36.66934,-37.113667,-21.654917,-10.556672
33.12867,29.235914,27.147999,-28.9148,-15.791201,-9.101281
37.26223,36.97808,36.325222,-34.7231,-21.388498,-8.656169
23.766417,20.552595,16.387909,-21.244295,-12.237982,-5.0920477
31.594955,28.865156,27.663761,-27.920292,-15.294458,-8.668411
38.10116,34.225384,31.461927,-34.177273,-19.034472,-9.781864
17.988565,15.817775,10.934369,-16.83693,-10.70194,-2.5329435
22.434303,19.550524,16.84345,-19.40899,-11.969851,-5.085326
29.818853,27.768013,26.26081,-27.109348,-16.09825,-7.180444
40.621147,37.949566,36.864502,-36.474983,-20.602043,-10.638267
30.150368,28.313137,27.366606,-27.058643,-15.270517,-8.018349
29.062586,25.608692,21.32253,-26.900639,-14.297457,-6.946123
12.416926,9.798137,6.775011,-10.391562,-6.8032813,-2.2456102
39.30202,37.022015,37.519505,-36.257458,-18.182934,-11.623937
27.23404,24.438837,22.633053,-24.475737,-12.522572,-7.554984
32.755474,28.944304,27.048252,-28.561718,-15.685114,-8.976281
20.01106,15.706172,9.824143,-17.327387,-12.206854,-2.5536332
33.56701,32.612213,31.81949,-30.944653,-17.326286,-8.459981
20.670305,15.763982,9.951774,-18.255428,-11.576876,-3.5462742
22.970663,19.935875,16.476408,-20.33074,-12.51452,-4.7411
26.259233,24.340054,21.357054,-23.583075,-15.302231,-5.1799793
39.580112,38.10242,35.394566,-36.495502,-22.322752,-8.65024
33.39664,30.485575,25.558826,-30.354303,-18.32188,-6.6851296
18.75726,15.656293,11.25296,-16.266108,-10.958199,-3.3702507
42.953568,39.85165,36.141907,-39.32037,-21.954445,-10.41975
21.993273,19.472643,17.647167,-19.828844,-10.192738,-6.081215
41.385742,39.00164,37.60272,-38.200905,-19.062248,-11.738559
42.31756,39.352848,37.386826,-39.124454,-19.538471,-12.014684
30.457783,28.185318,27.071217,-27.21099,-15.1365385,-7.9583087
25.978624,24.153992,21.339142,-23.503937,-15.208574,-5.356294
25.447716,21.214132,15.382942,-23.216202,-13.310356,-4.7605734
22.25511,19.450806,17.269321,-19.92622,-9.48941,-6.030816
14.266944,10.887755,5.585474,-13.561048,-7.7764583,-2.1229074
17.038054,14.659914,12.427839,-15.593774,-7.060889,-4.7620926
13.813458,10.985516,5.515843,-12.957984,-8.320881,-1.5819782
40.077938,38.63065,35.540733,-37.195057,-22.445736,-8.742109
27.817696,25.03074,21.7496,-24.772755,-13.698679,-6.6776886
40.62728,38.277103,37.1864,-36.437527,-21.00689,-10.576049
28.170956,24.784176,21.76276,-24.919497,-14.493788,-6.8420963
40.952866,39.38482,36.81048,-37.544395,-21.842422,-10.004325
25.369947,21.208738,15.336136,-23.252213,-13.321822,-4.8605175
27.244429,21.840431,14.889861,-24.742989,-14.188608,-5.214123
41.276234,38.728176,36.877087,-37.723003,-19.966461,-11.058913
32.229515,28.977129,26.499712,-28.909203,-16.41658,-8.091659
24.852144,23.36171,22.288921,-22.622623,-11.764281,-6.6062765
19.821404,15.319356,10.916062,-17.183308,-10.296602,-4.337888
33.47839,30.437706,26.73681,-30.02314,-16.66366,-8.166377
13.271543,9.508023,6.2068005,-10.940736,-6.5463996,-2.6693108
21.557981,19.458296,17.399065,-19.494986,-9.737246,-5.667301
9.396243,4.9135747,-0.4130576,-9.112348,-4.935535,-1.0853286
19.07232,18.923134,17.096033,-18.284134,-10.574772,-3.9972377
37.00546,36.518658,36.201263,-34.028984,-20.788223,-8.989607
36.70115,34.406605,32.042305,-33.60362,-17.722157,-9.664657
18.378738,18.699467,17.833466,-17.341585,-9.657997,-4.5070047
22.607803,20.351982,16.246992,-21.122341,-12.289499,-4.541216
7.038448,5.0067205,0.5201819,-6.8198104,-5.019958,0.0741599
35.520267,33.615852,32.38732,-33.10716,-16.789274,-10.074283
34.835308,33.199715,32.106377,-32.027916,-16.999855,-9.2282095
31.113348,29.127584,26.980778,-28.218868,-15.551027,-7.725758
34.243534,32.715607,31.898598,-31.435398,-16.876938,-8.976251
21.340094,19.005442,17.929354,-18.49665,-9.906441,-5.9921474
16.815561,14.810342,11.738197,-15.126819,-8.786255,-3.551064
30.159046,28.40955,27.348576,-27.671486,-14.062939,-8.247767
36.082077,36.3812,36.622765,-33.918644,-19.381668,-9.086366
16.197168,14.501418,12.592579,-14.18047,-8.461898,-3.80948
24.689806,20.800661,15.616953,-22.596992,-12.556124,-5.04004
37.477753,33.770695,32.231308,-33.368412,-17.60117,-10.597949
27.949007,24.896666,21.4959,-24.807907,-15.278919,-6.1334734
32.080395,29.419905,27.306234,-28.845318,-15.03131,-8.567506
19.014755,14.90516,10.434844,-16.872868,-10.310841,-3.5741975
16.305264,11.415179,5.194184,-14.148097,-8.253201,-2.722316
35.45153,34.3517,31.32432,-33.112217,-19.724037,-7.8251863
36.94264,34.671967,30.521149,-33.9783,-20.560143,-7.687417
23.323828,22.941393,22.463177,-21.170666,-12.975949,-5.669517
20.434984,18.26079,17.769978,-18.07243,-8.891151,-6.061344
30.03336,28.399397,26.974932,-27.381739,-14.900192,-7.8033056
7.874214,4.122113,0.283296,-7.87026,-3.8080425,-0.97741747
18.933264,15.457816,11.85959,-16.923645,-8.4202175,-4.60232
28.884682,27.423962,25.956066,-26.105848,-16.60627,-6.2538366
7.695188,4.0171905,0.42578962,-6.7486396,-4.3720946,-0.9374839
29.309275,25.908491,21.517208,-26.307793,-14.45871,-6.833794
38.89038,37.912556,37.10008,-36.230457,-19.945364,-10.189706
8.878499,5.1008596,-0.7836127,-8.904508,-5.6845546,-0.34597242
32.918945,29.262398,26.461338,-29.585697,-16.127134,-8.280238
27.149736,24.963741,22.46867,-24.53884,-12.659881,-7.018021
40.99964,38.373222,36.18517,-37.26133,-21.87809,-9.824834
24.907864,23.477455,22.398104,-22.77216,-11.704681,-6.6922936
27.095015,24.678095,21.609894,-24.979982,-13.264933,-6.5241475
38.935707,35.325954,31.590096,-35.84203,-18.21036,-9.967671
13.201125,10.294173,5.303312,-11.653859,-9.086603,-1.0136575
24.104822,20.585167,16.569883,-21.585686,-11.563456,-5.7014093
10.756573,8.481447,6.41305,-9.435021,-5.683865,-2.1200666
36.249313,36.307156,36.205776,-35.110367,-18.867447,-9.276444
41.009644,38.358803,35.391617,-37.02687,-23.176899,-9.040261
41.843357,38.58281,35.916115,-37.64242,-22.538902,-9.997481
27.155508,24.871851,21.73023,-24.170326,-15.319172,-5.9186335
26.315252,24.292274,21.921272,-24.390629,-12.590944,-6.5288477
29.949236,29.683027,26.180475,-28.165636,-18.00658,-5.7709365
26.077152,24.051823,21.976517,-23.479721,-13.9880295,-6.0869656
37.97554,37.443985,37.54639,-36.094227,-18.440548,-10.670271
21.832567,19.487541,16.682764,-20.227343,-10.268782,-5.1454654
39.178493,37.33584,36.09847,-36.021923,-21.038122,-9.464496
39.48458,37.481064,36.043682,-36.35931,-21.139807,-9.657718
37.682365,37.316936,36.19617,-35.81867,-20.218071,-8.998009
37.213577,37.239296,36.92783,-34.9969,-20.037796,-9.435992
21.645248,19.765345,17.383326,-19.020527,-11.756838,-5.061302
35.34602,30.970125,25.89196,-31.744106,-17.743668,-7.9127827
25.48137,23.068804,22.299858,-22.419792,-12.187471,-6.9559426
28.637486,25.16586,21.917612,-25.388998,-13.36668,-7.19807
28.822407,27.620203,27.267637,-26.739391,-13.476955,-7.948585
22.938091,19.735409,17.08456,-20.392014,-9.991907,-6.044592
27.789185,27.004011,27.191898,-26.19167,-12.968737,-7.943161
23.645,20.069355,15.943926,-21.201317,-11.688808,-5.1068783
33.721928,32.385654,31.71972,-31.157034,-16.746326,-8.918728
16.129211,11.202529,5.0530043,-13.532792,-8.437368,-2.5958047
24.928068,23.585838,21.539175,-22.586124,-14.509774,-5.176808
31.30565,26.253471,20.438639,-27.643013,-15.88199,-6.719557
41.97154,39.671818,36.311825,-37.931892,-23.006788,-9.595483
21.07508,16.692137,9.412203,-19.639984,-12.484089,-2.9138474
25.345276,24.553892,21.487303,-23.719406,-14.598894,-4.8882136
39.295757,37.789925,36.758514,-36.13699,-19.915642,-10.096023
13.406215,10.041041,5.2179055,-11.544895,-8.669157,-1.3903517
21.700825,16.462006,10.074787,-19.798283,-10.932101,-4.3319125
31.54435,29.05157,27.207638,-28.402325,-14.848818,-8.401556
12.158784,8.509643,6.6916966,-10.638219,-4.2735314,-3.6650882
12.453851,8.916766,6.84231,-10.480175,-4.919255,-3.366996
32.684135,32.13624,31.4572,-30.317833,-18.565723,-7.6125035
37.612804,36.74962,37.25995,-34.58141,-19.584858,-10.066131
36.383636,36.270653,36.73856,-34.42226,-18.60844,-9.76114
20.15483,15.245746,10.842667,-16.98196,-9.987684,-4.245281
25.441872,20.9264,15.725541,-21.949764,-13.844524,-5.0942345
42.199448,39.26414,36.453087,-39.200558,-20.303398,-10.93607
22.137527,19.663576,17.130014,-19.824741,-10.258171,-5.547987
27.114756,24.493267,22.638208,-23.787169,-13.412048,-7.0736966
8.08977,5.4411664,0.4382306,-7.3093123,-5.9116945,-0.2851718
25.922918,20.710983,15.763903,-22.859959,-13.077655,-5.975997
32.407547,29.087576,26.468548,-29.035492,-16.56365,-8.079381
39.106174,38.02015,36.169903,-36.70587,-20.872078,-9.228789
35.295116,32.81354,32.34324,-31.80272,-17.045732,-9.923443
23.16748,19.89766,16.110203,-21.018173,-12.820454,-4.869156
10.977306,6.3379683,-2.273981,-11.356352,-7.2730975,-0.08132804
16.471075,11.213318,5.123842,-13.45002,-9.10697,-2.6890817
17.045263,11.100879,4.4167056,-14.723666,-9.226358,-2.567839
32.222343,30.123178,26.263771,-29.331913,-17.824598,-6.659963
26.575071,23.896372,22.265358,-24.218525,-11.186501,-7.6183977
10.1550045,5.6627827,-1.2886764,-9.964836,-7.057841,-0.4433154
20.792812,19.825426,17.27807,-18.973455,-11.313679,-4.5807557
34.712334,30.239754,26.905807,-30.288788,-16.69495,-9.061399
23.028381,20.083214,15.864206,-20.478836,-13.644417,-4.148859
20.97968,15.704094,10.454354,-17.970354,-10.756695,-4.3516464
42.96827,39.93733,35.498734,-39.344597,-23.22194,-9.540425
33.565155,30.044725,27.179043,-30.031889,-15.204944,-9.051279
22.361536,20.306442,16.499342,-20.744894,-11.981035,-4.5660644
24.543392,23.530897,22.253378,-21.871372,-13.783262,-5.684006
19.84024,18.44026,17.270317,-18.138342,-10.27832,-4.8681936
14.23672,10.429608,5.299811,-12.599544,-8.726507,-1.7461529
32.72454,31.4896,32.499397,-30.265316,-15.708828,-9.624021
30.474325,28.660757,26.996788,-27.589027,-15.206441,-7.702715
22.561426,22.035868,22.574223,-20.519165,-11.951155,-6.159409
25.228094,23.645847,22.391047,-22.9678,-11.8660755,-6.745579
21.775116,19.555212,17.339697,-19.169327,-10.54517,-5.4901385
40.729366,38.921566,37.027813,-37.33059,-20.943157,-10.516416
41.043434,38.04961,36.698128,-36.737915,-20.933653,-10.839326
25.542858,24.323906,21.529724,-23.30484,-14.003045,-5.4437294
28.08729,27.339605,27.397537,-26.401394,-13.052759,-7.8991375
37.352947,36.69809,36.936752,-35.284176,-18.216166,-10.346324
20.529482,19.253605,17.37068,-19.523401,-9.735236,-5.2788525
24.639643,23.890364,21.372705,-22.939991,-14.351213,-4.928677
19.291761,19.036013,17.991465,-18.108583,-9.307119,-5.0963755
40.601936,38.283398,36.80354,-37.37014,-19.696468,-10.961047
22.807894,19.278059,16.541237,-20.290812,-10.935156,-5.5073113
10.778641,9.328682,7.3812656,-9.652343,-4.9483542,-2.4686952
29.19053,28.09926,26.29096,-27.188492,-15.641108,-6.629981
33.44999,32.55768,32.247303,-31.297081,-16.213974,-9.07441
28.191769,24.966978,21.847195,-24.614098,-14.544248,-6.7967873
36.792664,36.31386,36.93297,-34.866405,-17.926186,-10.310828
14.794198,13.600406,12.729397,-13.883301,-6.102428,-4.50766
30.11433,28.232805,26.909925,-27.06295,-15.832594,-7.664176
20.920439,19.725798,17.141932,-19.683289,-10.811628,-4.8243046
8.276153,6.0090656,0.61085737,-7.8171554,-5.4792433,-0.6647152
20.814812,19.675547,17.232063,-19.527529,-10.662382,-4.7343073
32.87761,29.025759,27.336552,-29.041637,-14.848677,-9.410922
34.75701,32.73322,32.49381,-32.410496,-14.916882,-10.240447
40.60383,37.99811,36.453606,-36.33158,-21.628412,-10.217219
21.33082,19.460474,17.151031,-18.992563,-11.68668,-5.0363297
32.869625,29.211466,27.313545,-28.740599,-15.535354,-8.943307
31.702951,29.965525,27.205193,-29.00534,-16.232311,-7.774943
10.26954,5.673237,-0.77415144,-9.563381,-6.1621385,-1.2397429
20.8574,19.39015,17.912804,-18.782957,-9.584914,-5.6451225
25.074127,23.889189,22.716478,-22.832516,-12.190215,-6.6567106
6.6739545,2.5549343,1.0312841,-6.9554577,-1.7686503,-1.7832843
25.537083,23.184555,22.409025,-22.569344,-12.127877,-7.0419493
24.15937,22.647026,22.293657,-22.371283,-10.588997,-7.060628
37.509758,36.830906,37.74188,-35.976147,-17.091629,-11.384846
20.912178,18.45767,17.100338,-17.958006,-10.381867,-5.261122
26.126244,24.038069,22.138432,-23.563345,-12.411521,-6.8628664
13.025686,10.458415,5.972238,-11.270051,-7.7417836,-1.7229512
43.18447,39.530712,36.244446,-39.522217,-20.896975,-10.991584
35.831642,33.72278,31.689884,-32.76518,-19.073479,-8.811379
24.082964,23.088154,22.701725,-22.546654,-10.900867,-7.0626698
37.2867,33.506187,32.445194,-33.44045,-16.340033,-10.802705
25.969385,24.49051,21.797638,-24.001255,-13.753632,-5.9099894
20.196146,18.47429,17.593136,-17.545649,-10.291316,-5.218974
11.813056,9.216859,6.9608755,-10.589503,-4.4336514,-3.0747294
28.786589,25.783413,21.167257,-26.644157,-15.170141,-6.1275806
15.829352,14.458732,12.479266,-14.129067,-7.7830615,-3.705604
28.251791,24.759928,22.135902,-24.72,-13.61756,-7.4381504
31.116083,28.618158,27.58995,-27.789394,-15.052475,-8.699865
29.3728,28.168076,26.9468,-27.041618,-16.040482,-7.0196056
23.176222,23.185963,20.901035,-22.11179,-14.350453,-4.2678385
35.62972,36.039196,37.29725,-33.328682,-19.345238,-9.4439125
24.157446,22.914757,22.109467,-22.24436,-11.501183,-6.525074
25.1646,23.096785,22.839634,-22.779678,-11.405658,-7.5139594
40.583584,38.67557,35.90036,-37.739872,-21.69824,-9.560339
23.556063,23.353987,21.607193,-22.447727,-13.4194145,-5.112424
16.566236,11.786167,4.280651,-14.603227,-9.815474,-1.6769503
28.889793,27.555922,27.042776,-25.772013,-15.872831,-7.316502
28.557884,27.567554,27.383873,-26.693285,-13.255957,-7.9813023
25.506943,24.10399,20.824068,-23.646315,-14.459113,-4.9483576
39.044483,37.628536,36.61051,-36.052372,-19.797735,-10.131431
28.871187,28.038689,26.505331,-26.51934,-16.867115,-6.2506876
20.923035,19.396786,17.600428,-19.347187,-9.12752,-5.6083336
19.087515,15.276557,10.952789,-16.430548,-10.651087,-3.5569665
14.19704,10.975772,5.898474,-11.769681,-8.953326,-1.6459954
17.207209,15.347973,12.227246,-15.629344,-8.597963,-3.7572708
13.537802,10.232953,5.6970654,-11.96757,-8.234378,-1.8315735
20.49815,16.042303,10.539684,-17.331326,-11.796925,-3.317297
32.88126,32.743294,32.37652,-30.716724,-17.197453,-8.437179
27.571936,25.398535,21.98603,-24.832687,-14.006573,-6.291753
42.37521,39.495975,37.532524,-38.81108,-19.65607,-11.819318
29.276945,25.601728,20.97715,-25.971407,-16.470345,-5.964365
24.013952,19.841484,16.52475,-20.539076,-11.808386,-5.6498528
37.032093,36.536213,37.048683,-34.034657,-20.21171,-9.647332
38.490494,35.62744,32.68951,-35.436485,-17.75209,-10.442504
29.300833,24.803072,21.808466,-25.346571,-13.8843975,-7.742318
38.65722,37.414036,37.45063,-35.464943,-19.83862,-10.401666
10.990647,10.090043,6.299459,-10.742052,-7.327378,-0.8498024
24.831642,21.059912,16.403439,-22.505707,-12.100382,-5.7014256
11.174108,8.919325,7.085361,-9.655609,-5.28131,-2.801685
15.217961,11.634912,4.8546224,-14.408151,-9.352041,-1.6013683
25.847784,24.010042,22.222733,-23.480883,-12.543247,-6.8427105
27.898235,24.401814,21.585386,-24.879837,-13.846773,-6.968073
20.934198,18.35915,17.781963,-18.566666,-8.479003,-6.3601217
23.495386,19.426395,17.089058,-20.313374,-10.363367,-6.4117546
21.996393,18.96867,17.406075,-19.00719,-10.0202265,-6.0293837
36.74231,36.41608,36.962204,-34.105885,-19.979654,-9.603579
29.88748,28.093836,27.133755,-27.274582,-14.101427,-8.049102
27.485254,24.03308,22.306011,-24.074196,-12.461397,-7.7106934
22.00332,19.558693,16.636578,-20.343798,-10.394406,-5.148916
25.24338,22.918612,21.773893,-22.036575,-13.199644,-6.4078655
30.263428,28.377993,27.235878,-27.619768,-14.203232,-8.1883955
39.98958,37.845078,37.282642,-37.317215,-18.006033,-11.597705
21.758474,20.006166,16.182241,-20.182676,-12.091549,-3.908179
22.763638,19.929117,16.48533,-20.98627,-10.915649,-5.2183247
34.022717,32.450706,32.0256,-31.652279,-15.908447,-9.528657
19.378578,15.423378,10.891464,-16.474089,-10.957433,-3.5371084
33.127403,30.04742,27.137665,-29.62053,-15.757617,-8.499034
35.487984,32.793636,31.457592,-32.337666,-17.769756,-9.07315
32.974377,29.282381,26.372889,-29.248762,-16.879673,-8.138874
6.3287964,3.9221318,1.8534863,-5.094059,-3.151059,-1.3624758
19.695532,18.318943,17.541725,-17.972734,-8.585283,-5.545889
16.676916,13.722718,12.096155,-14.32606,-7.6732125,-4.594884
41.21279,38.382668,35.9113,-37.537033,-22.121437,-9.910005
31.197224,29.42946,26.87694,-29.086485,-15.993181,-7.62852
29.319635,28.214983,27.27213,-27.08249,-14.420604,-7.70546
40.715675,37.83887,37.06777,-36.724415,-19.781292,-11.133353
20.612762,18.28407,17.147844,-17.729944,-10.19083,-5.2695847
42.351948,38.57989,36.789776,-37.852047,-20.684555,-11.49722
32.38369,29.592546,27.266245,-29.067371,-15.216843,-8.570516
36.21176,36.167442,36.88201,-33.550938,-19.939938,-9.398509
14.27303,9.812216,6.0533705,-12.2222395,-6.716292,-3.2929509
37.64057,37.31003,35.752945,-35.351704,-21.261108,-8.379566
27.88557,25.739134,20.551094,-25.90683,-16.541843,-4.8642416
31.519218,29.370636,26.712381,-28.559393,-17.305845,-7.110213
32.171227,28.721884,27.171968,-28.318504,-15.301935,-8.95836
32.15299,29.770283,27.44807,-29.14587,-15.507668,-8.6145735
24.363436,20.711311,16.1851,-21.691332,-12.223057,-5.156835
26.871916,24.939354,21.99889,-24.366005,-13.433745,-6.479189
41.105503,38.34727,35.988075,-37.372158,-22.018486,-9.876861
28.63543,25.23826,21.44745,-26.29652,-13.572498,-6.8434563
30.099104,27.92715,27.595503,-27.278635,-13.963459,-8.636203
40.445538,39.000656,36.34109,-37.537704,-21.903194,-9.501689
23.80593,21.148264,15.972881,-22.231226,-13.336063,-4.354459
29.861357,25.918036,21.185677,-27.03883,-15.050706,-6.961442
22.544495,20.016035,17.114815,-20.330946,-10.354018,-5.5824556
33.719383,29.626701,26.625751,-30.098442,-16.313995,-8.713162
27.053312,24.051573,21.316845,-24.060411,-14.332453,-6.2973976
25.207447,23.313885,22.372734,-22.928993,-11.170397,-7.0490456
15.043072,13.329064,12.282524,-13.034555,-7.3817625,-3.938859
41.016045,38.516155,36.8653,-37.473835,-19.858791,-10.994179
30.397774,28.515406,26.62952,-27.574764,-16.820864,-7.202335
33.20473,32.764496,32.585323,-31.488361,-16.324398,-9.194743
23.908888,19.662184,16.210428,-20.89869,-11.732577,-5.515754
30.928717,28.240269,26.363503,-28.034042,-15.963337,-7.7146435
31.381117,29.509653,26.049398,-29.1053,-16.909641,-6.824235
40.746162,38.728046,37.264526,-37.5559,-20.012295,-10.977869
35.159554,33.513203,31.233467,-32.827267,-18.335587,-8.440162
28.763075,25.512218,21.145472,-26.280695,-14.6006775,-6.2557664
40.79398,38.66906,36.751534,-37.329464,-20.582434,-10.533217
37.264587,33.60655,32.17259,-33.001,-17.549557,-10.280044
17.924683,14.612606,11.362802,-15.39431,-9.72744,-3.877174
19.987505,18.118652,18.069653,-18.19746,-8.265999,-6.3347216
28.399763,27.927649,26.870518,-26.516098,-14.725325,-7.087413
20.67846,19.75877,16.753973,-19.363272,-11.661699,-3.9127905
21.579168,19.00407,16.829823,-19.300041,-10.792034,-5.1597815
15.312118,14.3424015,11.657631,-14.490093,-8.626844,-2.8841684
17.697275,14.108844,12.006347,-14.9738035,-7.8393874,-4.676756
37.142647,36.52306,37.190414,-34.45324,-19.37709,-10.093778
25.101118,23.080101,23.27899,-23.453619,-9.433664,-8.439525
22.52153,20.367102,16.438822,-20.233889,-12.339332,-4.435848
20.53432,19.007069,17.557457,-19.014524,-8.752569,-5.777217
23.797369,22.951395,22.845161,-22.337225,-10.631365,-7.0944633
36.216904,34.090137,32.603317,-33.022434,-17.229523,-9.874234
28.988125,24.89836,21.991774,-25.4121,-14.107858,-7.712946
25.859333,24.315079,22.559963,-23.493076,-12.607531,-6.8080206
29.376297,27.69745,27.297085,-26.524529,-15.052306,-7.8907676
40.63546,38.48632,36.867966,-36.375366,-21.990128,-9.937222
29.346489,25.41471,20.806742,-26.26843,-15.996813,-6.2048893
30.321753,28.709682,26.947392,-27.9114,-16.518818,-7.358645
20.016338,15.721328,9.739028,-17.652124,-12.107974,-2.7831764
27.91236,24.917772,22.469536,-24.700722,-13.658293,-7.410462
40.152054,38.326656,36.850048,-36.775635,-20.259537,-10.315259
29.880056,28.467686,27.43482,-27.58781,-14.402653,-8.229672
24.499035,23.968508,22.708855,-22.621353,-12.427288,-6.21417
27.221731,24.81623,21.074957,-25.010647,-14.393285,-5.849554
35.86218,34.322796,32.036423,-33.102283,-18.567743,-9.087268
39.654022,37.73847,36.66792,-36.83783,-20.594849,-10.208598
29.859266,28.406885,26.546566,-27.945467,-15.142151,-7.2028255
32.422615,31.397211,31.76364,-29.514362,-17.097721,-8.432644
37.402306,36.19464,37.1574,-34.678074,-18.28227,-10.562554
17.460295,14.488101,11.669668,-14.770872,-9.264566,-3.778843
16.088219,14.516518,12.343064,-14.193511,-8.023088,-3.6411576
33.394974,32.851944,32.267,-31.032988,-18.148449,-8.482717
31.700117,28.718136,26.399248,-28.72636,-16.16691,-7.92244
41.828285,38.1,37.183727,-37.738174,-19.182842,-12.108189
31.124731,28.902697,26.360355,-28.466396,-17.157696,-7.2139163
33.18351,30.720343,26.804804,-30.390877,-17.2277,-7.5435004
22.649988,19.788372,16.609247,-20.065422,-12.233627,-4.795957
31.15042,28.263931,26.787867,-27.5173,-15.709153,-8.184714
27.08252,24.040451,22.265469,-23.634323,-13.014201,-7.143126
20.388346,18.765924,16.894194,-19.360683,-9.241867,-5.2266326
10.439021,9.347491,6.010144,-9.940508,-6.992871,-0.99658394
21.783789,19.86925,16.731077,-19.771612,-11.5980835,-4.779483
32.56392,29.71966,26.20443,-29.783108,-16.593067,-7.689792
20.09509,18.677223,16.860304,-18.085789,-11.409122,-4.247961
39.2046,37.712738,36.60698,-36.150196,-19.878428,-10.158075
7.864118,5.100365,0.87933695,-7.705798,-4.4249396,-1.0060629
16.265684,14.877293,12.040639,-14.476115,-8.926336,-3.2217927
10.5806875,8.747513,7.0267305,-8.734336,-5.8243117,-2.1969085
29.091413,25.151493,21.818644,-25.381027,-14.352991,-7.3234777
16.296461,14.345664,12.545976,-14.373626,-7.866593,-4.24038
20.40043,18.318466,16.766668,-18.557285,-10.192667,-5.09107
7.286646,3.3229933,1.5300307,-6.19304,-2.3005445,-2.2221353
33.770226,32.726074,32.240246,-31.492714,-16.375364,-9.12771
20.744719,19.41547,17.22314,-18.952282,-10.672703,-4.8533163
36.94365,36.057323,36.84951,-34.079895,-19.050371,-9.93291
8.6596985,3.0505273,0.35650244,-7.772244,-3.3712654,-2.4699306
16.303965,14.824044,12.690905,-15.288625,-7.0147395,-4.347218
28.619135,25.620909,21.922096,-25.691721,-13.886372,-6.849312
7.79724,3.6579134,1.1548288,-5.9279633,-3.2001603,-2.0738847
14.839117,13.92774,13.139507,-13.788358,-6.0283475,-4.4053297
16.107418,13.895359,12.552699,-13.508626,-7.92559,-4.0951123
26.191673,24.224775,22.546497,-24.07252,-12.890673,-6.830209
24.934916,20.281439,16.032288,-21.46843,-12.7118,-5.6510077
23.03978,23.160788,22.52769,-21.891258,-11.873199,-5.9771156
28.062088,27.036266,26.80398,-25.44223,-15.476635,-7.1641345
35.302685,36.46651,35.749367,-33.81051,-21.328514,-7.7084866
23.257761,22.259478,22.42575,-21.9306,-10.05164,-6.992849
39.61527,38.148117,36.660046,-36.762783,-19.99429,-10.190389
23.753984,22.769642,22.635231,-22.46472,-10.618704,-7.1543384
15.334749,13.480397,12.791125,-12.896095,-7.2897763,-4.213451
15.190536,13.403089,12.506214,-13.529128,-6.628982,-4.350117
10.716903,9.238911,7.3781314,-9.451339,-4.907443,-2.459313
31.511034,29.06245,26.967411,-28.441643,-16.394781,-7.73615
23.774036,23.05327,22.249388,-22.439018,-12.529354,-6.0744505
15.836671,13.17033,12.363262,-13.641003,-6.48461,-4.757239
27.166853,24.497152,22.41777,-24.26724,-12.171774,-7.3332243
17.086264,10.413617,5.266538,-15.931855,-6.731433,-3.7569442
25.178524,23.857626,22.60377,-22.7808,-12.330512,-6.5973454
20.961298,19.300406,17.64207,-19.026085,-9.738539,-5.6461887
6.974691,3.782905,0.79329693,-6.89207,-3.1278334,-0.95774585
14.727534,14.184898,11.378908,-13.825614,-9.320585,-2.1547558
23.662992,20.114687,16.864464,-21.089682,-10.563612,-6.0089064
16.182346,14.0153675,11.550473,-15.467529,-7.0458894,-4.003748
40.148136,37.960537,36.697567,-36.3311,-21.009327,-10.343509
27.449238,24.56221,22.14562,-24.715708,-12.448564,-7.4557915
39.176285,38.0259,36.01935,-36.820705,-20.91882,-9.312343
32.567104,29.94074,26.522455,-29.810371,-16.462006,-7.6266747
30.939005,27.900984,26.978313,-27.334692,-14.856241,-8.599829
34.256714,33.306194,32.551563,-31.748703,-17.022299,-9.14542
21.82863,19.454086,16.316456,-19.822514,-11.238984,-4.7004566
40.787262,38.61812,37.579136,-37.79485,-18.828472,-11.621669
21.503645,19.677542,16.541756,-19.901527,-11.485654,-4.6388597
30.498732,28.881268,27.38057,-27.251644,-16.309303,-7.5341115
38.382812,37.370304,35.59484,-35.516464,-22.515001,-8.460348
34.139503,33.20389,31.26803,-31.945572,-18.542759,-7.803991
30.963646,29.040792,27.00452,-28.104836,-15.455519,-7.729979
20.263405,16.01494,11.00165,-18.008938,-9.551672,-4.2697287
17.01451,13.918784,11.611342,-15.470048,-7.6076922,-4.2661076
37.712383,36.339264,37.062263,-35.034405,-18.397371,-10.729898
19.081861,15.017556,10.62254,-16.91472,-10.372129,-3.6212173
38.60525,37.643173,36.86441,-36.184254,-19.880253,-10.233826
19.508625,18.587301,17.342476,-17.898191,-9.8766,-4.8866444
16.44417,14.775134,12.051939,-15.259618,-8.3582115,-3.668387
40.775425,38.09976,36.31112,-37.477673,-20.896051,-10.378018
32.208645,31.438171,31.996387,-29.624832,-16.79357,-8.541894
38.563072,37.12205,37.403854,-36.27684,-17.343384,-11.242868
16.881433,14.536605,11.432694,-15.07286,-9.844837,-3.1926901
12.318241,9.385246,6.6254306,-10.60431,-6.2631383,-2.7485266
34.7752,32.7796,32.009956,-30.942514,-18.560211,-8.923903
31.22861,28.983559,27.111263,-28.367062,-16.107418,-7.8077865
25.336771,23.558504,22.524149,-23.356546,-11.018565,-7.322836
17.54544,14.994676,11.959455,-15.844359,-8.392929,-4.158104
39.79637,38.196842,36.81475,-36.74273,-20.00132,-10.410039
30.962881,25.56256,22.002783,-27.287762,-13.513823,-8.523379
22.639734,20.562845,16.928526,-20.698652,-11.780735,-5.063368
31.760685,31.716974,31.260958,-30.670218,-16.76543,-7.8953176
27.619987,24.633356,22.099422,-24.832153,-12.574194,-7.459234
25.86464,23.616518,22.224457,-22.914558,-12.938655,-6.880423
16.905323,11.038981,5.029049,-13.4950075,-8.838512,-2.855991
19.50849,15.69935,11.084227,-18.267052,-9.185617,-4.174896
15.19704,11.513988,5.899441,-13.906749,-7.855968,-2.598626
27.630835,27.648933,27.119099,-25.657972,-15.12017,-6.8293624
11.743005,9.3763,6.7254043,-9.672596,-6.735291,-1.9950083
18.81493,17.8222,17.14099,-17.218893,-9.04952,-5.0166483
25.28262,23.838024,21.847126,-22.944336,-13.072254,-5.875259
15.612467,13.965916,12.265913,-13.790522,-7.1675344,-3.8417034
39.040794,37.323475,35.70001,-35.76049,-22.0062,-9.065165
23.438871,19.840975,16.412369,-20.053738,-12.349165,-5.0330253
33.15933,32.05511,31.133652,-30.656467,-18.40415,-7.7442107
16.37213,14.638349,11.175728,-15.303054,-8.992567,-2.876396
29.21411,27.676056,26.040194,-26.4677,-16.666592,-6.348632
35.812313,33.40179,31.951706,-32.07977,-18.270264,-9.17027
35.809246,33.59614,31.820965,-32.576317,-17.5871,-9.39079
33.241776,32.69085,32.379158,-31.174805,-16.597809,-9.010926
16.195736,14.499267,12.751799,-14.73449,-7.04665,-4.405152
17.25355,11.334729,5.1128693,-14.248086,-8.769269,-2.9806283
33.61027,32.566074,31.465435,-30.87975,-18.91492,-7.8067565
17.913591,15.09649,11.461788,-15.560472,-10.186919,-3.3633795
17.788183,18.221231,17.540339,-16.910803,-9.5345,-4.367528
14.741502,13.981472,11.089865,-13.858241,-9.190957,-2.1470253
24.797808,23.320995,22.21132,-22.671722,-11.816771,-6.689517
11.840823,9.495748,6.7048473,-10.736373,-5.1717086,-2.7189133
32.161224,31.945545,31.860373,-30.068151,-16.74129,-8.214528
29.831383,27.902193,27.655977,-26.96328,-14.436716,-8.582462
39.689,38.41605,37.08232,-35.933987,-21.846724,-9.663886
39.176746,37.072784,36.230713,-35.294533,-21.022041,-9.853757
35.423294,33.7026,31.604004,-32.322674,-19.703922,-8.139012
20.4505,18.11357,17.834885,-18.254795,-8.179409,-6.327543
37.2006,36.709827,37.05317,-34.12679,-20.2581,-9.530665
11.604726,8.999198,6.976557,-9.999722,-5.6099105,-2.8018675
18.11051,14.558884,10.978465,-16.007542,-9.400948,-3.736154
42.134647,39.237247,36.770725,-38.238205,-21.95314,-10.464656
24.606878,23.568533,22.626966,-22.81391,-11.874691,-6.7266073
24.564178,23.975359,21.418518,-23.06375,-14.35732,-4.88306
36.55298,34.043827,31.744238,-33.39812,-19.30146,-9.028468
39.616806,37.420853,36.198997,-36.671864,-20.45713,-10.066557
30.29913,28.106728,26.990343,-27.275734,-15.055946,-8.043048
32.80368,31.757095,31.50383,-29.863071,-17.793133,-8.265128
22.41492,15.967423,10.166292,-19.168703,-10.873717,-4.899657
16.217484,14.213305,11.809232,-14.367696,-9.094488,-3.1967635
28.341612,27.143536,26.853252,-26.643969,-14.25485,-7.390108
39.933754,37.798763,37.289448,-37.203762,-18.05844,-11.569563
29.664497,25.508167,21.20521,-26.275105,-15.727545,-6.6612635
29.403421,27.966692,26.807524,-27.03067,-14.716757,-7.6575146
31.274733,28.696764,27.670832,-27.724648,-15.133062,-8.615125
27.276049,27.729115,26.482807,-25.913628,-15.994141,-5.7889843
24.993273,23.262604,21.794134,-22.664127,-13.458196,-6.0113525
27.208027,20.80681,15.730705,-23.429432,-12.564396,-6.7191153
37.090252,33.743702,32.02081,-32.9125,-18.186934,-9.980958
15.290788,10.605128,5.789838,-13.071715,-7.5632987,-2.904257
22.306303,19.218073,16.46994,-19.841673,-11.4417305,-5.256999
28.79925,25.241756,21.691982,-24.967632,-14.922369,-6.574974
15.434062,13.651002,12.425821,-14.073028,-6.150645,-4.501359
16.294258,14.483304,12.682011,-14.666274,-7.146233,-4.368133
25.015772,23.352856,22.314787,-22.02604,-13.332818,-6.1762924
19.104755,18.288181,17.316269,-17.394497,-9.726667,-4.9158373
24.716345,23.179256,22.3623,-21.797976,-13.141783,-6.18475
38.710022,37.062313,38.082428,-36.479588,-16.941795,-11.978999
11.790004,8.638841,7.0655036,-9.973751,-4.44341,-3.371286
15.2595415,13.74344,12.40015,-14.099746,-7.480782,-3.800904
28.435173,25.52714,22.333595,-25.530434,-13.601734,-7.1538553
27.891832,26.64595,26.922981,-25.4246,-14.174134,-7.5818605
11.346402,9.483844,6.954097,-10.646081,-5.2047,-2.719212
37.87971,36.99411,36.819298,-34.973686,-19.997757,-9.713895
12.923535,9.183665,6.026153,-11.854394,-5.7628675,-2.82822
7.99845,2.646176,-0.1695801,-8.114226,-3.3457599,-1.3568367
24.237661,22.62116,22.459478,-22.706821,-9.826939,-7.4161215
23.220083,19.43233,16.818237,-19.97943,-11.156371,-6.000352
35.52318,36.461227,37.05269,-33.623524,-19.382854,-9.027896
35.350903,33.379154,31.798096,-32.25203,-18.79545,-8.661211
33.361115,31.840227,31.741512,-30.103043,-17.491451,-8.590383
24.020767,20.5087,16.797752,-21.239681,-11.367233,-5.821058
29.305155,24.905901,21.841217,-25.45871,-13.880619,-7.6693296
16.354246,14.49229,11.963452,-14.593647,-8.337136,-3.5946646
42.625053,39.513924,36.84877,-38.541676,-21.143322,-11.214318
16.657988,13.824072,12.408713,-14.34409,-7.4953856,-4.6773534
29.143099,27.242746,26.970228,-26.040087,-14.707235,-7.690079
40.952065,38.090614,36.760426,-37.959282,-20.133842,-11.2055025
33.127403,30.04742,27.137665,-29.62053,-15.757617,-8.499034
21.079773,18.494257,16.776173,-18.759058,-10.52173,-5.298169
16.766386,14.177051,12.156259,-14.678409,-7.702543,-4.4079065
36.52562,36.53211,36.948997,-34.534798,-18.627642,-9.689553
18.269285,15.598235,11.06965,-16.665539,-10.096494,-3.3760185
21.120897,18.803278,17.847837,-18.251982,-9.833302,-5.9114866
28.178324,27.591394,26.63335,-27.128208,-14.151801,-7.1323586
20.070602,15.5148945,10.181419,-17.767376,-11.171676,-3.5444665
21.76642,18.807163,17.453947,-18.68583,-9.850045,-6.0240526
16.515825,10.986382,5.2803493,-13.564503,-8.429698,-2.834176
36.962944,36.936462,35.77216,-35.041584,-20.798988,-8.495509
31.01787,29.085796,26.65867,-28.751278,-15.581074,-7.514274
40.743153,38.04755,35.893997,-37.010105,-22.011328,-9.796841
39.136776,36.715878,37.220825,-36.08683,-17.821342,-11.618179
24.831812,20.899694,15.649702,-22.688007,-12.745514,-4.8742847
16.560854,13.770454,11.723667,-14.686576,-7.900658,-3.9552789
25.741995,23.968712,21.28585,-23.91464,-13.476435,-5.865953
40.092632,37.623547,36.403316,-35.849854,-21.410519,-10.125009
29.252687,28.062841,27.348831,-27.47138,-14.006427,-8.272925
32.171227,28.721884,27.171968,-28.318504,-15.301935,-8.95836
16.39992,14.459357,12.432605,-14.809426,-7.338913,-4.3653502
38.622524,37.49844,36.73111,-35.908886,-19.506702,-10.136895
16.358835,13.750676,12.190096,-13.74908,-8.064934,-4.0953736
20.475687,19.610289,15.830755,-19.197474,-12.865137,-3.0154703
7.5446687,4.7812033,0.99217784,-7.031263,-3.9117012,-1.0216154
11.633655,9.667556,6.46624,-9.944387,-7.4583287,-1.541157
32.380222,32.134987,31.838104,-30.186808,-17.322296,-8.204226
28.065975,24.682177,21.553795,-25.336609,-14.365945,-6.8553066
18.060343,14.225168,11.075297,-16.122427,-8.5155325,-4.2352567
30.569483,29.130867,26.908045,-27.835499,-15.90766,-7.270984
37.420532,36.366234,36.50791,-34.060627,-20.203815,-9.474238
26.02802,24.33683,21.586597,-24.139397,-13.468143,-5.837265
30.115107,28.333801,27.60143,-26.94001,-15.329324,-8.019553
36.347847,34.10401,31.138115,-33.460484,-18.943844,-8.604005
33.142185,31.730738,32.492867,-30.698498,-15.867892,-9.669984
38.3581,36.804203,36.405216,-34.81547,-20.58665,-9.738488
29.20821,27.983486,27.053782,-26.783422,-14.539786,-7.5334473
25.121305,23.211926,22.460352,-23.333153,-10.325952,-7.476985
30.530434,28.917624,26.211311,-28.33062,-16.316103,-6.8932533
25.516478,20.477388,15.480402,-22.287678,-13.276861,-5.135746
38.905952,37.84892,36.02765,-36.479397,-20.910824,-9.087523
20.149536,18.71233,17.887959,-17.94581,-9.933283,-5.561267
17.934046,15.119864,10.924723,-16.385338,-10.6661005,-3.0668721
27.267538,27.283577,27.427567,-25.759464,-13.858191,-7.3939157
10.750636,9.649182,6.0234747,-10.254898,-7.2338033,-0.8380021
24.139082,22.353199,21.704962,-22.472904,-11.794546,-6.425073
22.978935,22.921225,21.960054,-22.216436,-12.228864,-5.5631075
12.900832,9.259114,6.3307323,-10.471948,-6.242636,-2.686687
28.40529,27.885948,27.740871,-26.756638,-13.572996,-8.06169
37.339363,33.58714,32.50714,-33.711098,-16.311504,-11.092059
6.62904,4.1305585,0.7684965,-6.508994,-3.5082984,-0.551541
15.310268,10.713131,5.575672,-13.669724,-6.9872184,-3.0084267
38.183704,37.168434,37.105072,-35.756393,-18.463966,-10.459675
26.812185,24.356955,22.00608,-23.847168,-12.966579,-6.671608
30.003675,28.102291,27.383066,-26.640957,-15.448523,-7.8475237
30.847635,29.215376,26.30825,-28.619785,-16.509642,-6.794589
35.719154,34.06304,32.03936,-32.72559,-18.02956,-8.986563
35.57624,33.13882,31.827072,-31.922955,-18.212719,-9.303687
30.164755,29.28515,26.740587,-28.26855,-16.555656,-6.666652
18.695272,15.218982,11.039293,-17.256115,-8.874178,-3.9167542
25.138605,23.585691,21.27922,-23.300913,-13.2259865,-5.6933017
28.524572,27.578438,27.143618,-26.732597,-14.801935,-7.315886
29.0794,28.675226,26.102278,-27.547737,-17.018345,-5.9043217
10.956823,4.6193314,-1.7634759,-10.383746,-5.880678,-1.6277324
34.04089,33.106243,32.44592,-31.501352,-17.001186,-9.032773
33.496143,32.34976,32.34371,-31.398148,-15.482063,-9.481811
25.48137,23.068804,22.299858,-22.419792,-12.187471,-6.9559426
29.974691,27.62498,27.690454,-27.289684,-13.126463,-9.002402
31.273146,29.382727,26.127758,-28.818712,-16.901966,-6.699076
29.434195,27.72565,26.288914,-27.067097,-15.900504,-7.011301
30.199255,25.15721,21.40142,-25.94458,-14.687359,-7.5633955
22.642519,19.393984,16.308414,-20.139624,-11.787733,-5.1581793
37.9528,34.105305,31.874887,-33.383854,-18.82583,-10.07929
20.809893,18.93047,17.50811,-18.657518,-9.193512,-5.6838
25.573164,23.30981,22.817394,-22.657373,-11.785458,-7.3424706
37.08907,36.343384,37.176403,-34.530487,-18.782879,-10.18849
42.451374,38.693222,36.868137,-38.08796,-20.328573,-11.591833
38.830116,34.27261,31.77249,-34.022366,-18.535866,-10.47964
33.810333,29.96586,27.174032,-29.373842,-16.767113,-8.729979
34.191647,33.36305,32.15619,-31.925411,-17.229362,-8.767194
34.723877,32.968216,31.88802,-31.728834,-17.119041,-9.056202
35.85816,33.438423,32.376846,-32.530464,-17.24964,-9.810718
27.006702,24.334682,21.648205,-24.322985,-14.030842,-6.2476997
21.572134,19.166212,17.454103,-19.460436,-8.986912,-6.017049
35.963028,33.288353,31.251032,-32.707203,-18.935692,-8.873307
32.88186,32.43627,32.254745,-30.138994,-17.931484,-8.277478
37.334095,36.35418,36.891857,-34.770195,-18.852146,-10.264695
25.24857,23.811592,21.581984,-23.437428,-13.106695,-5.7539444
15.124314,13.860881,11.624571,-13.417404,-9.352348,-2.480849
39.680725,37.598694,36.9525,-36.200356,-19.961447,-10.712469
11.434623,9.839228,5.557815,-10.783748,-7.766005,-0.80965185
19.39073,18.79516,16.680403,-18.245844,-11.115612,-3.9683151
28.39362,28.150183,27.094473,-27.257355,-14.687199,-7.0072536
15.4771805,13.884997,12.544622,-14.349092,-6.6049223,-4.521432
29.505018,27.406263,27.341133,-26.805096,-13.870479,-8.591405
38.636826,36.93914,37.38009,-35.891598,-18.077023,-11.110667
6.1523294,4.0112605,1.965019,-5.7331653,-2.3420918,-1.4247998
10.956203,8.947973,6.5818357,-9.788305,-6.2403207,-1.9735037
31.021263,28.659283,26.971653,-27.564445,-16.117647,-7.94082
17.33846,14.600165,11.407311,-17.416512,-7.0265527,-4.5622954
26.510979,23.60443,21.719353,-23.698349,-12.974796,-6.643689
24.317564,22.998953,22.105932,-22.342188,-11.581886,-6.551714
20.804762,18.953527,16.623842,-18.59766,-11.950782,-4.4016123
38.990135,37.29194,36.576942,-35.517773,-20.575636,-10.042259
31.600056,29.167309,27.316826,-28.55186,-14.789213,-8.487564
26.223633,24.679722,21.588608,-24.414532,-14.150047,-5.789973
32.811073,29.060343,27.157326,-28.71156,-15.625677,-9.061742
34.692474,32.73251,31.149704,-31.682816,-18.988304,-8.314961
5.814881,4.23263,2.0427034,-5.163155,-3.4329143,-1.0948778
37.305553,36.299706,36.95343,-34.4283,-19.09415,-10.068004
22.123983,18.84894,17.248299,-18.681782,-10.189413,-5.9230895
20.271807,15.656386,10.148901,-18.072878,-11.27235,-3.5926547
30.215107,28.60679,27.123302,-27.534683,-14.97791,-7.7511306
22.512936,20.114397,15.9856415,-21.079039,-12.343016,-4.5120993
26.284441,23.585257,21.742855,-23.802986,-12.784153,-6.7505236
17.331594,13.965407,11.4702425,-16.057646,-7.2785077,-4.522594
14.624415,14.001075,12.286218,-13.172954,-7.976048,-2.9649038
27.979292,27.674042,27.829058,-26.41407,-13.27842,-7.8985057
28.607008,26.788057,27.618956,-26.534567,-12.382727,-8.963885
11.519627,9.359856,6.3657866,-11.264187,-5.7066264,-2.3722053
32.713985,32.597725,30.895351,-30.795656,-18.898798,-6.9515357
32.446297,32.24175,31.821362,-30.744183,-16.666151,-8.405435
37.478783,36.54261,37.05727,-34.909477,-18.947325,-10.3076105
26.60155,21.399395,15.206639,-22.784985,-14.762253,-4.974122
36.730457,36.48327,36.983646,-33.99863,-20.05032,-9.558315
27.188883,24.5862,21.822193,-23.942667,-14.7261715,-6.260126
11.168193,9.755978,6.8299723,-10.176906,-6.020992,-2.0142174
6.4353867,4.094186,1.264557,-5.2826385,-4.2133355,-0.58097684
16.127735,14.411099,12.7364235,-14.543241,-7.014589,-4.3772287
29.949387,28.694593,26.450779,-27.9356,-15.936529,-6.8199625
19.624002,18.630747,16.624302,-17.896446,-10.649014,-4.1506815
14.50895,10.12125,5.5950394,-12.736079,-7.849993,-2.5261211
27.17579,24.24805,22.270086,-23.958767,-13.601976,-7.2716885
19.419632,15.428016,10.158282,-16.926065,-11.561867,-2.7569408
30.628132,28.03244,27.363045,-27.370832,-14.405429,-8.570772
18.806566,18.336157,17.677996,-17.196745,-9.407364,-4.85536
29.083452,28.094517,26.208883,-27.173779,-15.757551,-6.489703
31.31175,28.685274,27.116144,-27.968636,-15.510355,-8.384701
31.713663,28.883253,26.231955,-28.508814,-17.036102,-7.427572
12.945061,8.8087,6.5218496,-11.816617,-4.3610716,-3.9359179
22.178547,19.734097,16.913694,-20.104786,-11.729313,-4.97841
32.36016,32.26327,30.63131,-30.411152,-18.92731,-6.875939
32.253418,28.970045,27.734255,-28.862251,-14.225676,-9.364564
24.872618,23.527449,21.479855,-23.092253,-13.004897,-5.614634
14.794353,10.951692,4.7901464,-12.931665,-9.631708,-1.3470124
19.242739,18.038712,17.710447,-17.515553,-9.464666,-5.5452013
23.367762,19.589231,17.254045,-20.473,-10.692022,-6.4283824
26.80971,24.823961,21.407364,-24.770658,-14.082298,-5.7303543
13.761969,10.46839,5.67438,-12.987191,-7.472299,-2.1054988
24.945303,22.700455,22.20126,-21.976807,-12.004969,-6.7899933
38.40251,37.206203,36.91098,-34.758354,-20.869545,-9.660068
15.918595,13.657289,12.294271,-13.626152,-7.8349514,-4.217125
32.31989,31.145445,31.986412,-29.860329,-16.028215,-9.1341505
33.286045,32.17452,32.59818,-30.567902,-16.64358,-9.228324
25.465681,23.737305,21.83552,-23.732677,-12.236586,-6.3445635
37.569435,36.654408,36.713783,-35.181976,-18.52742,-10.225827
21.890804,21.815758,22.231716,-20.135172,-12.389467,-5.568292
29.358547,27.443586,26.990889,-26.449692,-14.720996,-7.914552
27.881361,24.373735,21.611467,-24.849289,-13.783562,-7.0080576
37.553955,34.132877,31.195892,-33.701305,-19.757208,-9.109461
32.300365,31.93072,32.529633,-29.883305,-16.975727,-8.65622
15.389727,14.237742,11.706806,-13.947126,-9.515586,-2.4610655
16.135475,11.1795225,5.1392164,-14.394193,-8.995107,-2.4853768
36.475513,36.432465,36.75663,-34.548424,-18.703884,-9.714084
15.221886,13.790958,12.759895,-14.597526,-5.7348037,-4.857171
14.899697,14.264483,11.261395,-14.132071,-9.288094,-2.103245
14.96424,13.531935,12.364477,-12.727242,-8.194623,-3.3515427
35.144295,32.738407,32.124355,-31.629454,-17.261644,-9.52457
26.129156,23.669168,22.108229,-22.960665,-13.159645,-6.847704
19.284958,19.01182,16.333431,-18.074509,-11.907026,-3.116965
11.218,8.871608,7.0283155,-10.241686,-4.011611,-3.1966996
11.748936,9.162118,6.1131854,-10.5441265,-7.0430217,-1.9432255
29.49885,25.22997,21.772556,-26.215889,-13.242336,-7.7967033
38.044636,37.558933,36.30151,-36.168247,-20.262861,-9.131514
11.480501,9.414846,7.1757574,-9.610244,-6.1264873,-2.3080819
24.417307,23.20899,22.210228,-22.715874,-11.3675785,-6.6558876
10.958901,8.989626,7.077135,-8.986861,-6.0587707,-2.1097267
20.137102,18.274395,18.162382,-18.02315,-8.424694,-6.210788
10.570017,9.260182,6.534961,-9.904235,-6.095516,-1.5623896
29.997255,28.09822,26.926771,-27.771511,-14.997404,-7.7428503
11.6029825,9.344343,6.83748,-9.9083185,-6.36439,-2.2483814
27.658012,26.89776,27.529991,-25.32156,-14.250815,-7.6869655
20.740396,18.742437,17.379326,-18.532085,-9.269655,-5.7404013
10.6945305,9.0136795,6.967759,-9.803888,-5.9007115,-2.038999
33.354256,31.877054,32.007607,-30.700089,-16.53281,-9.186877
21.142584,15.774272,10.3861685,-18.105078,-10.88797,-4.3381023
32.740097,31.76333,31.865667,-30.315788,-16.87322,-8.742663
19.931828,18.684637,16.838305,-18.689716,-9.846997,-4.6668987
16.86901,14.309517,11.5483055,-14.2454,-9.617958,-3.1873312
11.710648,8.767472,6.6492953,-9.729529,-5.680964,-2.7936776
40.463367,37.782642,37.074745,-36.564907,-20.151196,-11.022273
30.741316,28.42122,26.59889,-27.206535,-16.522898,-7.2115073
37.988228,36.47481,36.630417,-34.77951,-19.585289,-10.1425085
24.106009,23.741402,21.59282,-22.628784,-13.868217,-4.8884187
41.20356,38.133816,36.694603,-36.835743,-21.01435,-10.865998
15.574456,13.752157,11.758838,-13.833541,-8.711834,-3.313335
24.612167,23.385569,21.617287,-22.327816,-14.250734,-5.227727
31.895344,29.212404,27.24179,-28.212791,-16.505583,-8.213876
25.497349,20.823624,15.710904,-21.806398,-13.745327,-5.174016
26.95455,26.532192,27.465519,-24.97269,-13.870949,-7.579468
15.862057,14.658551,11.76112,-14.754638,-8.845992,-2.8416228
16.796259,14.256329,12.187941,-14.379876,-8.592639,-4.1496134
14.692981,13.693989,12.159732,-12.70332,-8.67425,-3.0367522
27.725435,26.78927,27.338213,-25.51312,-13.786586,-7.6779294
35.088566,32.622654,32.01518,-31.47991,-17.321247,-9.438575
24.105917,22.5059,22.124811,-21.387812,-12.362633,-6.2477055
28.205324,27.09492,27.00838,-25.50377,-14.948563,-7.2057886
36.213005,36.384155,36.957275,-34.33935,-18.497086,-9.635913
36.247414,33.40427,31.29923,-32.845882,-18.964321,-9.004449
10.5853815,4.5154896,-1.7948415,-10.120418,-6.358015,-0.9903716
18.589506,15.499888,10.938294,-16.576153,-9.845894,-3.4743137
28.515032,27.038252,26.634247,-26.726284,-14.377716,-7.516094
38.06514,34.28596,30.883608,-33.87073,-20.200153,-8.8841305
27.558218,24.858313,21.727268,-24.697453,-14.913402,-6.296802
24.611063,23.213886,21.695509,-23.3369,-11.87252,-6.2919774
36.69992,36.99673,36.797882,-34.87399,-19.333399,-9.446815
37.41747,36.36535,36.32833,-35.13082,-19.507534,-9.59386
24.146418,23.482323,21.82621,-22.988153,-12.871565,-5.657634
27.538206,27.546158,27.388031,-25.319427,-15.475084,-6.7431293
16.437183,14.073358,12.367406,-15.094066,-6.1307483,-4.776395
31.068996,28.224644,27.863037,-28.421146,-13.029085,-9.582606
30.327986,27.927547,27.39178,-28.033709,-13.061331,-9.054037
15.51706,13.838282,12.750786,-13.7118435,-7.2230926,-4.316183
14.267344,13.44639,12.989065,-13.278083,-5.726628,-4.3897576
19.48163,18.079882,18.11408,-17.4446,-8.809933,-5.845471
22.848738,22.216272,22.231348,-21.486458,-10.733883,-6.443165
9.6898775,8.526687,7.0425544,-8.518319,-4.6257634,-2.153081
20.667797,18.853374,16.747498,-19.444332,-9.534231,-5.1388493
33.09179,32.08949,32.17408,-30.01585,-17.632198,-8.565896
17.695452,13.949859,12.071666,-15.245177,-7.0952916,-5.0505314
10.06372,9.166314,7.0970798,-9.374548,-5.418462,-1.9011685
36.342358,36.263184,36.297344,-33.95698,-19.652914,-9.140404
19.435772,18.043257,17.688932,-16.993912,-9.830565,-5.205023
16.978647,14.591246,12.097354,-15.26488,-7.841293,-4.2275314
19.135153,17.990593,17.13393,-17.414537,-9.210914,-5.0699415
24.20433,22.131735,22.4283,-21.925285,-10.629034,-7.3922935
6.672009,3.481581,1.9410574,-4.9712043,-2.5798461,-1.8782715
32.775196,32.68803,31.26525,-30.997482,-18.505259,-7.456142
31.917118,31.790808,31.257273,-30.768322,-16.83105,-7.9216137
31.281767,30.950754,32.344532,-29.563747,-15.765902,-9.119489
10.909272,9.031621,7.41039,-9.990355,-4.1729813,-3.122922
23.321236,22.449047,22.218287,-21.778656,-10.944694,-6.5248985
20.969084,18.247316,17.511293,-18.524765,-8.648554,-6.317781
36.68389,36.08545,36.37886,-34.95978,-19.082054,-9.649814
20.585953,18.38878,17.705597,-17.918077,-9.675353,-5.970628
31.334938,31.89241,31.697212,-30.484919,-16.840555,-7.8445272
27.901953,24.136951,22.230804,-24.169123,-12.797394,-7.790889
21.391928,18.512402,16.643696,-19.194826,-10.05094,-5.447713
31.607582,29.569902,27.6703,-28.71303,-15.186962,-8.594588
34.29833,29.823887,26.295677,-30.302483,-16.968601,-8.495687
28.935358,24.62046,21.939083,-25.066448,-13.6152525,-7.7234077
33.387627,29.23945,27.12013,-29.37114,-15.1993475,-9.327088
33.49575,29.37632,27.502384,-30.141243,-14.567566,-9.945737
32.624912,31.709358,32.409966,-30.305454,-16.394499,-9.180558
14.647026,13.754363,12.736324,-13.293576,-6.807062,-4.0041456
33.574482,29.511635,27.072914,-29.255386,-16.106056,-9.058085
10.607225,8.734612,7.748972,-9.093423,-4.647568,-3.0137181
11.666381,9.271058,6.5750437,-10.344141,-5.3722982,-2.5510232
28.958954,27.7519,26.777788,-27.793926,-13.68433,-7.7824593
13.9929285,13.708976,12.193207,-13.577592,-7.4452996,-3.129955
26.017727,20.916714,15.040877,-23.356306,-14.2747345,-5.0710917
24.680143,23.41615,22.343882,-22.721876,-12.031497,-6.717866
20.155903,19.11686,17.468008,-18.219967,-10.264257,-4.823122
18.08516,17.426052,17.941877,-16.473598,-8.9726925,-5.368149
19.75004,15.49467,11.240365,-17.615982,-8.641121,-4.63913
36.43163,36.56165,36.833935,-34.834095,-18.4455,-9.784081
27.855574,27.362528,26.78791,-26.193197,-15.335005,-6.816144
6.0986695,4.6891685,1.7945365,-5.2616158,-3.6007571,-0.59994084
32.558395,29.452436,27.022976,-29.050968,-15.504208,-8.6342745
26.268778,24.483023,20.693684,-24.179472,-14.966386,-4.935473
21.06354,15.632458,10.304105,-17.878016,-10.903791,-4.189813
24.251217,22.79629,22.062956,-22.026932,-11.675852,-6.5096145
15.707585,13.855537,12.077075,-14.464801,-7.913135,-3.8180466
14.09178,13.512477,12.916963,-13.021557,-6.3458242,-4.095201
23.800722,23.237524,22.226818,-22.91019,-11.878179,-6.1983485
35.058643,30.194319,26.144428,-30.944963,-17.489841,-8.565099
27.715551,24.202133,22.449608,-24.172768,-12.525635,-7.7048264
24.833078,23.178495,21.797356,-22.56604,-13.377274,-5.9850583
22.543161,19.933647,16.177208,-20.479158,-11.725832,-4.538573
27.927492,27.252218,27.06676,-25.999197,-13.966013,-7.4734306
22.219564,16.804358,9.9489565,-18.744448,-12.937125,-3.6153126
15.454579,13.731507,12.570289,-14.650889,-5.8854747,-4.8369594
38.712894,34.26118,32.35609,-34.475857,-17.115765,-11.184499
28.671213,28.434755,26.08547,-27.355227,-16.765602,-5.995571
17.395418,14.98422,11.9314575,-15.194158,-9.614338,-3.7130353
33.182507,29.51731,26.402153,-29.565754,-17.003754,-8.134484
35.655224,33.697075,31.852922,-32.218327,-19.492123,-8.821202
11.740412,9.520966,7.309024,-10.64396,-4.7426686,-3.0292637
28.555069,25.37849,21.585388,-25.317987,-14.325254,-6.4902716
29.439173,25.534607,21.58551,-26.052284,-14.068901,-7.0609193
20.690887,18.96683,17.400333,-19.353767,-8.368452,-5.9473705
23.95355,21.09163,15.807266,-22.096828,-13.462173,-4.2337036
11.605492,9.43047,6.797593,-11.230621,-4.85436,-2.956698
23.21403,20.554914,15.577617,-21.024767,-13.40608,-3.7023437
24.22419,20.775024,16.5999,-21.722164,-11.604233,-5.54082
40.14823,37.92367,37.363514,-37.252472,-18.086647,-11.512961
26.625944,23.47263,22.35633,-23.247759,-12.014697,-7.473143
10.469502,9.234107,6.9285445,-9.216031,-5.7718434,-1.8528891
39.83519,37.970394,36.908836,-36.84262,-19.240185,-10.819106
30.835032,29.120785,26.942734,-28.429432,-15.835037,-7.8205953
17.297583,12.247144,4.771403,-14.853985,-9.666177,-2.3895261
32.878,29.924992,26.12505,-30.047218,-16.855356,-7.628526
24.5068,20.715952,15.794615,-22.403706,-12.395861,-4.967104
24.038538,21.230984,16.38785,-21.637476,-13.165382,-4.7003746
25.315134,24.288645,22.22116,-23.102142,-13.459303,-5.8119555
31.683342,29.609674,27.267464,-28.760437,-15.415455,-8.112685
30.254604,28.909826,26.706354,-28.214668,-15.751865,-7.2826085
22.324808,20.846872,16.856644,-20.422913,-12.594191,-4.3344975
32.979473,29.953485,27.164642,-29.510714,-15.642572,-8.520066
27.44915,24.84014,21.98047,-24.440142,-13.391478,-6.6490183
21.765007,19.41625,17.088041,-19.565292,-10.027695,-5.635023
36.592777,36.534595,36.793358,-34.645535,-18.664042,-9.77867
34.57125,32.42911,31.010605,-31.658531,-18.370384,-8.406714
32.456223,28.940262,26.246675,-28.83424,-16.763542,-7.934015
39.9114,38.251896,36.20894,-37.46178,-20.421219,-9.913474
24.826761,23.108831,22.219185,-21.852283,-13.300142,-6.357254
27.462759,27.043034,27.416693,-26.012672,-12.793479,-7.7889104
27.142195,24.611677,22.558365,-24.488346,-12.066046,-7.445503
33.908997,30.684797,27.147667,-30.492418,-16.071255,-8.580391
40.13145,37.397118,36.497433,-35.949738,-20.649345,-10.534095
20.84596,19.531334,17.016142,-19.432547,-10.747274,-4.77341
37.68035,36.715225,36.2195,-35.222008,-20.356804,-9.244463
17.845705,15.039271,11.221896,-15.793838,-9.128169,-3.5519211
33.975323,32.052326,32.04227,-30.796389,-16.786442,-9.250334
22.415588,19.1002,17.203445,-19.204292,-10.400705,-5.937499
22.897745,20.466599,16.05343,-21.252037,-12.6597395,-4.3888493
35.76992,33.923798,32.58062,-33.316105,-16.757578,-10.17821
21.566324,16.52211,9.782065,-19.724287,-11.33003,-3.5283785
21.038485,15.814391,10.35691,-18.060715,-11.327328,-4.1758623
40.49019,38.609646,36.232567,-37.098053,-21.536564,-9.751946
38.927963,37.526398,36.658985,-35.793125,-19.846394,-9.954854
36.527565,35.65846,37.077602,-34.227913,-17.84814,-10.58417
26.014214,24.294085,22.365295,-23.433645,-12.825667,-6.718891
17.848293,15.104773,11.115175,-15.918222,-10.62682,-2.8575191
21.459839,19.320969,17.204697,-19.340641,-11.061554,-5.122505
15.695582,14.090654,11.251926,-14.043758,-9.874084,-2.4336052
19.406307,15.1145935,10.524492,-17.141613,-10.426756,-3.7635617
19.789835,17.984459,17.430725,-16.994013,-10.234444,-5.2513356
40.347862,38.139603,36.600983,-36.52942,-21.192957,-10.196557
40.728485,38.166447,37.150723,-37.673874,-18.478386,-11.613992
19.358927,18.500507,17.366234,-17.78416,-9.781083,-4.8908653
17.33905,14.246865,11.904863,-14.76173,-8.321655,-4.354917
20.498606,18.951096,16.952744,-18.461584,-10.580226,-4.907302
38.007835,37.7824,36.068756,-35.93041,-21.582745,-8.612014
27.25628,24.398203,21.406078,-24.469547,-14.431963,-6.2310295
8.219416,5.3372316,0.38627425,-7.3739285,-5.817419,-0.63444734
27.83307,25.166971,21.088297,-25.24972,-14.807507,-5.8316145
16.986423,14.334012,11.892043,-15.131407,-7.4245305,-4.3687887
24.35705,23.437042,21.204283,-22.670832,-13.605949,-4.982968
39.69478,37.60144,35.995583,-36.49944,-21.449844,-9.662766
19.901285,18.833422,16.523268,-18.086832,-11.192081,-4.086644
21.254719,19.299252,16.706041,-19.403341,-10.557251,-4.7969213
35.90993,35.590233,37.31467,-34.0746,-17.87111,-10.564368
22.109705,19.719671,17.069584,-20.054825,-10.03775,-5.664866
18.443293,14.548617,11.108443,-15.342305,-9.729946,-3.8457375
30.791237,28.361643,27.313946,-27.801388,-14.489512,-8.421891
15.669013,14.384984,12.545681,-13.996415,-7.6426134,-3.7330363
28.177721,27.94058,26.580507,-26.938423,-15.472879,-6.551714
26.176538,24.612839,22.656895,-23.782251,-12.801063,-6.7093606
19.863417,19.115007,16.673985,-18.467335,-11.319704,-3.8232117
15.242218,13.640916,11.89779,-14.027225,-8.452244,-3.477644
9.689754,8.849145,7.3002777,-8.532377,-5.057267,-2.0309606
20.00469,18.427633,17.562304,-17.604168,-10.107942,-5.352601
33.79408,31.99539,32.02256,-31.048056,-16.572052,-9.468218
41.080616,38.350513,36.950447,-38.289127,-20.082272,-11.334448
18.1441,14.671501,11.352221,-16.333202,-9.014215,-4.134307
11.257487,9.143421,6.95932,-10.772359,-4.586724,-3.1066782
25.749863,24.252304,22.18639,-23.355104,-12.866159,-6.313656
15.146167,13.878283,12.726765,-14.015714,-6.4108644,-4.415622
22.909548,19.974174,16.449738,-21.084583,-10.989414,-5.2381263
19.466566,18.64963,16.312756,-18.36655,-11.164859,-3.9374804
36.372623,36.26666,36.90803,-34.901485,-19.042366,-9.751014
38.341198,37.473156,36.328247,-35.382214,-21.789204,-8.877998
19.025806,15.134182,11.307425,-16.419786,-9.616725,-4.2668295
16.927313,14.587468,11.3897295,-15.64922,-8.360973,-3.459136
32.10754,28.982193,26.494572,-28.749323,-16.438707,-7.7800126
33.49543,31.746668,32.372093,-30.805735,-15.624464,-9.722472
9.224639,5.2445207,-0.059820205,-8.575821,-5.888058,-1.0538903
23.472559,21.909739,22.24058,-21.282768,-11.135565,-6.7940593
30.335915,28.072119,26.19844,-27.462692,-16.475624,-7.178546
11.063257,8.64515,6.7911487,-8.879978,-5.705953,-2.2533722
15.637563,13.99796,12.672396,-14.004798,-6.816935,-4.3722663
20.273094,18.753042,17.070232,-18.1762,-9.972721,-4.8821993
35.489136,36.22402,37.187847,-33.944332,-18.488138,-9.629188
22.41492,15.967423,10.166292,-19.168703,-10.873717,-4.899657
27.69618,24.15951,22.720953,-25.034279,-11.165831,-8.497686
19.680468,18.909193,17.229105,-18.636496,-10.134425,-4.7446556
23.244677,22.047838,21.516392,-21.731705,-12.215595,-5.8003793
28.088728,27.119596,26.72443,-26.216324,-14.882721,-7.115339
27.030788,27.841936,26.027927,-25.794361,-16.904657,-5.008246
15.331565,13.841756,12.8288765,-14.420833,-5.7451253,-4.7945356
20.149603,18.362217,17.414526,-17.546669,-10.340048,-5.267186
32.008347,31.600252,31.967625,-30.258371,-15.75617,-8.838362
6.596912,3.890906,1.858633,-4.7615843,-3.1884842,-1.5143334
20.12756,18.5891,17.560947,-18.690937,-9.479174,-5.3910217
16.361076,13.954443,12.201311,-13.804543,-8.266619,-4.032201
12.727151,9.724737,6.0249696,-11.279593,-7.5350695,-2.0388594
16.49188,14.29951,11.644352,-14.46477,-9.39963,-3.0883565
16.622173,14.468388,11.493894,-15.416537,-8.145191,-3.4700413
26.3207,24.041622,21.839882,-23.617502,-14.17362,-6.2981234
21.274012,19.205116,17.458755,-18.960575,-9.515076,-5.675565
33.464123,32.147327,31.08208,-30.974464,-18.541195,-8.000258
30.99844,31.323656,31.583082,-29.480495,-17.765358,-7.5975957
29.143866,25.613264,22.370852,-26.155556,-13.226391,-7.707234
35.34652,35.864086,37.291897,-33.117542,-19.203423,-9.415013
15.3981905,13.823156,12.167215,-13.672066,-8.340513,-3.3625572
10.180016,8.456717,7.281972,-8.261682,-5.3874793,-2.3762555
18.569159,18.631413,16.39013,-17.564098,-11.564813,-3.0541909
14.756213,13.697881,12.737101,-12.956651,-7.6026998,-3.817992
26.593506,23.540804,21.832546,-24.077112,-12.324778,-7.085197
23.704456,22.80338,21.613472,-21.947645,-13.631067,-5.3451767
23.130953,21.852285,22.445253,-21.099655,-10.970865,-6.7964664
39.904865,37.57611,35.959576,-36.457863,-21.469765,-9.749862
15.548637,13.999671,11.272907,-13.93814,-9.765047,-2.4439983
31.183044,29.3636,27.674084,-28.533031,-14.89246,-8.5428
35.8311,33.60391,31.842478,-32.764263,-17.580305,-9.485524
31.594955,28.865156,27.663761,-27.920292,-15.294458,-8.668411
27.23404,24.438837,22.633053,-24.475737,-12.522572,-7.554984
42.953568,39.85165,36.141907,-39.32037,-21.954445,-10.41975
24.852144,23.36171,22.288921,-22.622623,-11.764281,-6.6062765
16.197168,14.501418,12.592579,-14.18047,-8.461898,-3.80948
23.323828,22.941393,22.463177,-21.170666,-12.975949,-5.669517
39.178493,37.33584,36.09847,-36.021923,-21.038122,-9.464496
27.789185,27.004011,27.191898,-26.19167,-12.968737,-7.943161
39.295757,37.789925,36.758514,-36.13699,-19.915642,-10.096023
20.15483,15.245746,10.842667,-16.98196,-9.987684,-4.245281
35.295116,32.81354,32.34324,-31.80272,-17.045732,-9.923443
34.712334,30.239754,26.905807,-30.288788,-16.69495,-9.061399
30.474325,28.660757,26.996788,-27.589027,-15.206441,-7.702715
14.794198,13.600406,12.729397,-13.883301,-6.102428,-4.50766
10.26954,5.673237,-0.77415144,-9.563381,-6.1621385,-1.2397429
28.251791,24.759928,22.135902,-24.72,-13.61756,-7.4381504
28.889793,27.555922,27.042776,-25.772013,-15.872831,-7.316502
29.300833,24.803072,21.808466,-25.346571,-13.8843975,-7.742318
36.74231,36.41608,36.962204,-34.105885,-19.979654,-9.603579
34.022717,32.450706,32.0256,-31.652279,-15.908447,-9.528657
31.197224,29.42946,26.87694,-29.086485,-15.993181,-7.62852
27.88557,25.739134,20.551094,-25.90683,-16.541843,-4.8642416
30.397774,28.515406,26.62952,-27.574764,-16.820864,-7.202335
37.264587,33.60655,32.17259,-33.001,-17.549557,-10.280044
25.101118,23.080101,23.27899,-23.453619,-9.433664,-8.439525
29.346489,25.41471,20.806742,-26.26843,-15.996813,-6.2048893
39.654022,37.73847,36.66792,-36.83783,-20.594849,-10.208598
31.124731,28.902697,26.360355,-28.466396,-17.157696,-7.2139163
20.09509,18.677223,16.860304,-18.085789,-11.409122,-4.247961
33.770226,32.726074,32.240246,-31.492714,-16.375364,-9.12771
26.191673,24.224775,22.546497,-24.07252,-12.890673,-6.830209
15.190536,13.403089,12.506214,-13.529128,-6.628982,-4.350117
34.256714,33.306194,32.551563,-31.748703,-17.022299,-9.14542
17.01451,13.918784,11.611342,-15.470048,-7.6076922,-4.2661076
16.881433,14.536605,11.432694,-15.07286,-9.844837,-3.1926901
25.28262,23.838024,21.847126,-22.944336,-13.072254,-5.875259
33.241776,32.69085,32.379158,-31.174805,-16.597809,-9.010926
29.831383,27.902193,27.655977,-26.96328,-14.436716,-8.582462
29.664497,25.508167,21.20521,-26.275105,-15.727545,-6.6612635
28.79925,25.241756,21.691982,-24.967632,-14.922369,-6.574974
28.435173,25.52714,22.333595,-25.530434,-13.601734,-7.1538553
35.350903,33.379154,31.798096,-32.25203,-18.79545,-8.661211
33.127403,30.04742,27.137665,-29.62053,-15.757617,-8.499034
16.515825,10.986382,5.2803493,-13.564503,-8.429698,-2.834176
29.252687,28.062841,27.348831,-27.47138,-14.006427,-8.272925
28.065975,24.682177,21.553795,-25.336609,-14.365945,-6.8553066
29.20821,27.983486,27.053782,-26.783422,-14.539786,-7.5334473
24.139082,22.353199,21.704962,-22.472904,-11.794546,-6.425073
30.003675,28.102291,27.383066,-26.640957,-15.448523,-7.8475237
10.956823,4.6193314,-1.7634759,-10.383746,-5.880678,-1.6277324
37.9528,34.105305,31.874887,-33.383854,-18.82583,-10.07929
35.85816,33.438423,32.376846,-32.530464,-17.24964,-9.810718
11.434623,9.839228,5.557815,-10.783748,-7.766005,-0.80965185
5.814881,4.23263,2.0427034,-5.163155,-3.4329143,-1.0948778
27.979292,27.674042,27.829058,-26.41407,-13.27842,-7.8985057
11.168193,9.755978,6.8299723,-10.176906,-6.020992,-2.0142174
18.806566,18.336157,17.677996,-17.196745,-9.407364,-4.85536
14.794353,10.951692,4.7901464,-12.931665,-9.631708,-1.3470124
15.221886,13.790958,12.759895,-14.597526,-5.7348037,-4.857171
38.044636,37.558933,36.30151,-36.168247,-20.262861,-9.131514
20.740396,18.742437,17.379326,-18.532085,-9.269655,-5.7404013
30.741316,28.42122,26.59889,-27.206535,-16.522898,-7.2115073
10.5853815,4.5154896,-1.7948415,-10.120418,-6.358015,-0.9903716
27.538206,27.546158,27.388031,-25.319427,-15.475084,-6.7431293
24.20433,22.131735,22.4283,-21.925285,-10.629034,-7.3922935
20.585953,18.38878,17.705597,-17.918077,-9.675353,-5.970628
33.49575,29.37632,27.502384,-30.141243,-14.567566,-9.945737
20.155903,19.11686,17.468008,-18.219967,-10.264257,-4.823122
24.251217,22.79629,22.062956,-22.026932,-11.675852,-6.5096145
27.927492,27.252218,27.06676,-25.999197,-13.966013,-7.4734306
29.439173,25.534607,21.58551,-26.052284,-14.068901,-7.0609193
39.83519,37.970394,36.908836,-36.84262,-19.240185,-10.819106
27.462759,27.043034,27.416693,-26.012672,-12.793479,-7.7889104
22.415588,19.1002,17.203445,-19.204292,-10.400705,-5.937499
17.33905,14.246865,11.904863,-14.76173,-8.321655,-4.354917
35.90993,35.590233,37.31467,-34.0746,-17.87111,-10.564368
9.689754,8.849145,7.3002777,-8.532377,-5.057267,-2.0309606
19.466566,18.64963,16.312756,-18.36655,-11.164859,-3.9374804
15.637563,13.997958,12.672396,-14.004798,-6.8169355,-4.372266
18.569159,18.631413,16.39013,-17.564096,-11.564814,-3.0541914
