B_latent_1,B_latent_2,B_latent_3,B_latent_4,B_latent_5,B_latent_6
-9.849083,-3.8998992,-2.2341645,3.957877,-7.4388056,7.5402913
1.7159828,-1.7100666,-0.84250146,4.452433,-7.1107497,6.852531
-11.019244,-4.0571923,-2.0231793,1.8730701,-9.145288,8.424245
4.0138106,-5.321221,-5.3875103,5.7681375,-4.4404283,1.8226023
-7.058022,-3.2953742,-1.1211374,0.6699002,-11.728696,8.776903
1.6196644,-7.2997265,-8.147843,6.255058,-3.2474353,-1.920009
-3.954427,-2.9096234,-1.926811,0.45323384,-11.56837,7.834613
2.9249325,-4.904704,-5.854044,6.67276,-4.5007873,-0.12697123
4.2030807,-10.232593,-10.013595,10.586055,-5.835014,0.8221509
0.38495147,-2.719767,-4.1795244,4.6188107,-4.3819175,0.61295295
-4.1869087,-5.5291553,-3.8483462,0.2893184,-7.484162,0.7500094
-1.1281291,-10.449101,-10.475309,7.712978,-5.953192,-1.4895138
4.6338296,-10.066117,-9.278648,8.895903,-6.3504453,-1.4408042
5.416648,-6.723169,-6.159661,6.419341,-6.467187,1.609096
-9.724532,-2.602918,0.584524,-0.380467,-9.040053,10.056113
-2.3600008,-2.50746,-2.2364573,3.1967409,-5.0889354,2.8065126
0.6007929,-5.7837615,-6.1087146,4.9095345,-2.0282166,-1.3212686
1.4641165,-4.1392465,-4.585719,2.9764519,-4.649885,-1.1431178
3.0129528,-7.956323,-6.3163266,5.4300056,-7.7839923,2.220651
-1.5169863,-1.3650883,-1.4621053,6.6715455,-6.359101,6.0813575
-2.5823524,-7.294698,-6.7974467,7.5283566,-5.127828,0.8568337
-8.032375,-4.5035586,-3.4563065,0.99353427,-8.928956,5.8154373
-2.2307904,-9.553551,-9.5898285,9.537094,-4.7386746,0.21486436
2.6996064,-8.972016,-9.452126,6.3365417,-6.3165345,-2.813049
-9.550766,-2.9752111,-0.5042405,-3.092865,-10.545538,7.9981294
-4.0589004,-2.8860877,-1.6612377,1.0676844,-8.630647,6.097507
-2.2880347,-5.473814,-5.604281,3.2093046,-4.114964,-1.1258541
-4.4219165,-2.8803365,-1.0292492,4.5709143,-7.918105,8.840136
-0.9417571,-5.8670926,-7.0668616,5.3683386,-2.5481431,-0.6095052
-2.1412396,-4.60172,-3.8154879,1.5021204,-8.3029585,2.162921
-8.057848,-2.7938035,-2.4493346,2.0487351,-5.716163,4.398483
-4.1361566,-4.393001,-4.138022,2.6150794,-6.0475984,2.1400588
2.1581671,-4.436851,-7.6070876,7.8350797,-0.34017015,-4.8240085
-3.5748785,-3.4668376,-3.4145725,2.3686075,-5.4232945,2.430232
5.662917,-8.359883,-8.632407,10.383597,-3.6322606,1.1601474
-7.0420823,-2.2240434,-0.22159559,-0.22630982,-10.505968,11.338028
3.4735413,-7.2666473,-7.181977,6.3254614,-5.1656675,1.2310342
-5.597963,-4.850512,-2.1215835,-0.6457731,-11.588213,4.4364333
-9.286465,-5.1562896,-3.6217546,0.35459906,-8.489665,5.6522675
-5.295342,-3.2151206,-1.5541618,0.033417836,-12.263364,9.632475
-8.920834,-4.9097605,-2.9214604,0.31735605,-8.8832655,6.4785943
-5.291944,-3.462889,-2.5971296,0.11932373,-10.8281975,6.9205523
-1.0780765,-4.1576405,-2.994275,3.5713642,-10.197989,3.1830451
-9.949594,-6.165657,-3.9719424,2.6236289,-9.5605,5.1167445
0.12092368,-2.3788953,-2.24262,2.1806474,-8.106853,3.4929388
6.364413,-5.6316967,-6.9740267,7.239415,-2.3301668,-0.26023272
0.29576755,-9.775981,-8.769805,6.52607,-5.3821025,-1.9347786
-3.2031336,-2.6028516,-3.021184,9.574679,-7.463363,7.876952
-10.9566145,-2.814295,0.64946836,-3.1870968,-9.134951,8.909834
-6.8426223,-3.5246642,-1.7824173,-0.12588929,-13.048633,10.3940325
1.2721369,-4.791062,-6.2602687,5.4350977,-4.734429,-1.1298841
-6.5381446,-3.106674,-1.9498699,-0.21757843,-9.224994,7.784719
0.10183416,-11.584653,-10.397004,8.718356,-6.069547,0.2938907
-7.715546,-4.1141496,-2.5861528,0.5825539,-8.455756,5.1472254
-8.54726,-4.5895567,-3.265494,0.8701377,-9.187315,7.6018004
3.2991335,-7.8528795,-8.362567,7.584298,-5.290071,0.7103381
1.4575807,-8.226369,-10.167156,9.65839,-2.9373415,-2.9197168
-11.033924,-5.4925394,-3.487646,-2.5864441,-11.624589,5.6993117
0.92995787,-4.527497,-3.8175569,1.3486154,-12.601857,3.4032857
-4.9511027,-2.9891586,-1.1788671,-0.39819425,-11.8423195,9.260813
-4.791803,-1.8405492,-1.7554383,2.730212,-4.9895873,5.9835105
3.564155,-8.421229,-8.304923,8.132236,-4.90198,1.1806402
-8.406613,-2.5755272,-1.4358239,3.1218488,-8.725471,10.794497
0.28615457,-6.050555,-7.8418612,7.700761,-0.897,-2.3500302
-2.1818542,-9.280492,-9.01243,5.635508,-4.601234,-1.95649
-3.0627697,-4.7341466,-3.9071631,4.1759315,-8.455983,2.161678
3.6122425,-5.6252904,-4.351901,4.5999312,-6.4958673,2.0607214
-0.640543,-6.5982046,-7.129606,5.5886765,-3.7144337,-0.5022809
-0.65102386,-3.1178606,-2.886811,7.147198,-9.5897875,9.292803
-6.1145177,-4.7522726,-2.3038652,1.1056286,-10.087203,5.1476684
-1.5886987,-4.468859,-3.711546,3.771833,-9.067899,4.703469
-0.9106821,-3.6232216,-2.543301,4.608214,-8.931608,5.9324436
0.52145654,-1.896677,-1.9148095,2.4242184,-6.819534,4.110882
-13.097232,-4.5276484,-2.3943033,2.4349868,-9.590987,10.231522
-11.780138,-5.4219604,-2.400435,-3.186016,-14.211444,7.7671504
2.8724332,-9.414376,-8.80983,4.992682,-8.826122,-1.5532068
-3.142268,-8.680336,-8.3879795,6.625377,-5.5008,-2.3945034
-1.9484156,-4.335438,-5.165876,6.1321177,-2.0189831,0.22299452
2.2790906,-4.5542083,-5.2503715,6.9368668,-0.13022676,0.92024875
4.9901195,-6.279947,-8.341887,8.360385,-3.2386363,-2.0548413
2.072941,-6.613093,-8.779008,5.816179,-3.0668924,-6.054237
2.23122,-6.119083,-8.681366,10.247066,0.12484626,-2.2555761
1.1590143,-7.65598,-6.3909984,7.5848985,-7.028752,1.4134871
0.49038333,-2.8030026,-2.8796003,3.4057627,-8.179323,4.665222
-7.672561,-1.1164194,1.0246136,-1.6966679,-7.7039557,8.785114
2.7823954,-6.636811,-6.956312,9.022875,-2.9603767,-2.3593178
-7.1608224,-2.8706625,-1.811017,4.6326094,-10.083587,11.592619
0.6453666,-7.6092677,-7.2975926,5.5888557,-6.824519,0.7053386
-4.051984,-2.895529,-1.6640053,2.209662,-9.075669,8.187928
-1.4841717,-3.021709,-2.7661555,5.479801,-9.15996,6.9948635
-7.4210944,-2.080938,-0.64217395,3.4487054,-9.237237,11.677761
-11.889456,-4.5574503,-1.9044907,-2.3172894,-10.40015,8.501699
1.7772275,-3.0173552,-2.518308,3.8841293,-9.134976,7.0475593
2.684072,-5.528971,-5.276743,5.9266596,-4.624104,0.48608276
1.1747392,-5.92994,-6.2379975,6.1877613,-5.183745,1.9718827
-3.9955008,-2.1011395,-0.18324623,1.4921591,-9.889588,9.348093
1.8124572,-8.271446,-7.855968,8.984176,-7.373774,2.4709582
-3.3232987,-2.0682952,-1.765312,0.35123575,-7.5983615,5.6902795
-7.9142146,-5.3387256,-3.779975,-0.5185644,-8.51992,3.1942718
1.326527,-3.3767626,-2.0977213,6.776547,-8.340226,7.727354
4.8176517,-6.690044,-6.319322,6.8272624,-6.9444337,3.1543024
-7.7502418,-2.3892877,-1.0567136,2.7284644,-9.136746,11.100713
-9.456757,-3.750642,-3.5205925,0.16389774,-10.224608,7.6982846
-2.1182182,-2.6654754,-3.0373383,4.732714,-7.6707144,5.403679
-7.461221,-1.1251092,0.7728458,-2.5096493,-7.42788,7.7837863
4.620334,-9.03552,-7.6467834,7.4834833,-6.083237,0.6634605
-10.040719,-4.7846627,-2.4241192,-2.1853552,-8.402856,4.0548997
-8.760927,-3.8689373,-1.7416408,-0.7166864,-7.460762,4.5901737
-6.0183854,-3.7945664,-2.134431,2.6521277,-10.585658,8.961965
1.2430294,-4.5118046,-3.1384437,4.9347425,-9.804208,6.4056325
-9.457891,-4.393089,-3.501461,0.4390692,-8.429335,5.9184585
-8.34697,-3.8537145,-2.038429,1.2386156,-7.9544344,7.105741
-5.2219853,-4.3870335,-2.169,1.2208459,-12.997636,9.020701
-6.36507,-2.734369,-0.8594758,-1.9361534,-10.977199,8.403353
-3.8322222,-2.4811368,-2.7230196,6.401029,-5.317384,4.0858235
-7.8683753,-2.1969202,-0.959665,-0.5400511,-10.119759,9.968199
0.04180406,-2.8079078,-2.2014318,3.0501633,-7.326471,3.7428415
-5.8809047,-3.2402632,-2.2137523,1.4015749,-9.978025,7.302792
-1.2915303,-3.9983618,-5.0334477,6.642329,-1.6535326,-0.7235374
-7.7196217,-3.852183,-1.9111924,-0.5248765,-10.520115,6.8450265
-4.7681994,-2.9163668,-0.92400634,-0.67185867,-10.158662,6.849291
-6.6267457,-3.6752574,-2.3678837,1.1196758,-10.05317,8.261297
-7.1928983,-4.1329894,-1.9063327,1.8989406,-11.01629,7.602944
-3.5733843,-6.1166644,-6.9948335,8.256299,-3.2924902,0.47910848
-4.1660266,-7.0068326,-5.438263,4.246458,-11.741383,2.895725
-9.299456,-5.1864944,-3.6792371,0.74242926,-8.970174,3.197704
0.43488395,-7.9863825,-8.285252,5.6684747,-4.6302657,-0.36692563
3.4879267,-3.282781,-6.542979,6.032471,-0.55133927,-3.5315132
-0.6531287,-4.7262096,-4.6687055,4.6025767,-2.5034087,0.14557931
0.25483334,-4.4752407,-4.9245477,4.0443525,-2.4543846,-1.3457612
0.4620329,-9.737118,-8.761921,8.560548,-4.4686737,0.40219453
-7.9381156,-3.3000884,-1.8979833,3.6703756,-11.994708,10.879057
-0.9383745,-3.4215872,-3.3989654,5.5194807,-4.0579967,1.4525605
-0.72792655,-7.979137,-6.890843,3.2877657,-6.234505,-2.4938767
-6.708221,-2.326928,-1.0426142,1.2970372,-11.849993,12.12004
4.6441646,-8.672606,-8.441935,7.512489,-4.892568,-0.6800921
1.0148995,-8.075453,-8.250494,6.486749,-4.0036263,-0.59197456
-8.0667095,-2.5342224,-0.6392655,0.1912788,-7.969552,8.242966
-6.811688,-2.9987383,-2.407542,1.3657578,-11.23027,10.310318
2.8316307,-5.7064166,-4.4604535,8.408561,-3.6816308,4.0617003
-6.6703334,-3.188194,-2.9712577,0.36586797,-7.347964,5.182786
0.42335057,-5.9670033,-5.4900007,3.4462578,-6.265271,-1.384965
3.26129,-4.378221,-4.8313093,7.304831,-3.8374112,1.1005191
5.174846,-7.208184,-7.2856264,4.830505,-5.9439697,-2.7949188
4.154226,-4.449758,-5.9446874,4.9368253,-2.0386193,-3.7159975
-5.8976607,-3.6619122,-2.0915067,1.708895,-9.779997,6.608183
2.390318,-8.456767,-8.02366,9.466882,-6.519527,1.1429019
-0.064503446,-9.2870455,-8.35891,7.403134,-3.8454955,0.29440257
5.8758473,-8.546052,-9.129736,7.935148,-6.2859693,-2.5228014
-3.539029,-5.0015383,-4.097434,3.7351625,-9.511899,2.8111725
-9.234591,-3.6449819,-1.8352201,-0.42441738,-7.0944448,7.171389
3.314634,-5.4996247,-7.246547,4.882656,-2.2700284,-4.2011952
4.4203506,-9.0173645,-8.26281,6.939942,-8.156211,1.0717919
-12.560625,-5.424536,-3.6888647,1.3020799,-10.448066,9.018503
4.3859715,-6.052381,-5.7200313,6.0760837,-5.3948417,0.6932632
-6.425302,-2.0397792,-0.059616327,2.801162,-9.314399,8.990165
-6.678843,-3.4893134,-2.0006437,2.917144,-10.615386,9.115101
-1.368713,-4.810228,-5.058541,0.78819036,-5.4088264,-3.0862877
-7.9430842,-3.6730363,-2.3104196,1.4876336,-6.864727,6.147734
-5.6935678,-2.8190129,-1.0780008,-0.15017681,-11.800963,8.754431
-2.9327528,-3.3727548,-2.7628272,7.237851,-7.4425225,6.360458
-5.381762,-2.6915176,-1.3473406,0.5856385,-8.663386,8.240936
-6.579182,-2.925689,-2.8556743,5.8691697,-8.911068,10.181498
4.391267,-8.712424,-8.565369,7.1495833,-5.699304,-1.7612692
-4.396796,-2.9372382,-1.5191128,-0.02802208,-10.678779,7.462094
0.630931,-1.0131655,-1.0141253,2.5685902,-5.833171,4.07692
1.9946697,-2.089125,-1.8731558,4.142941,-7.42753,6.5201902
-5.0623116,-3.5188758,-1.7945945,2.1911242,-11.765557,9.110465
1.562212,-4.2815156,-6.5248046,9.139171,0.6658436,-1.3932004
-4.215588,-2.0039217,-1.1489508,0.60330075,-10.976382,10.643354
-0.4834301,-11.114877,-10.494513,5.9268556,-6.5616555,-2.9084537
-4.1918697,-3.1992583,-1.4416494,0.7511161,-11.657051,8.860765
-1.8214188,-3.1853921,-3.0908127,5.070658,-8.847822,4.083155
-11.766426,-6.5906644,-4.0297513,-0.0008635968,-9.488433,4.116598
-8.65376,-3.5836523,-2.682952,1.9802959,-8.168466,10.34304
2.0083983,-7.642691,-7.703303,8.292368,-5.6607213,-0.4334731
1.2813379,-8.873979,-10.52715,4.556449,-5.2845006,-7.058828
2.3392959,-5.8311744,-7.574028,5.97561,-1.9982376,-3.9105008
-1.7471853,-7.908322,-8.730019,6.4233103,-3.5124247,-1.3905326
4.4310656,-7.8195925,-6.885266,7.9219184,-6.0812783,1.7599901
2.162401,-7.599902,-8.330639,5.913423,-4.9636426,-2.4018219
-3.0735257,-6.906219,-6.306403,7.1925187,-4.78795,0.28784716
-7.9155574,-6.9614067,-6.193595,3.77083,-8.023997,1.2091192
1.4415182,-5.852228,-7.9421782,6.717479,-4.3395276,-4.1569686
1.9398962,-5.5947795,-7.908404,8.327212,-1.2598583,-2.6171126
-10.501628,-4.5393696,-2.637044,0.35021335,-8.330848,5.031959
-6.83958,-2.324834,-0.6670392,0.26285648,-8.468822,9.6773815
0.9854479,-3.5216317,-2.4180489,4.122598,-9.236571,5.5119224
4.629039,-8.984633,-10.301493,8.28238,-4.8062096,-1.8101348
-5.6684227,-1.6541672,-0.6354601,1.8399043,-9.286451,9.783991
-0.41127604,-10.174439,-10.883511,8.440434,-3.8248713,-2.3590293
-6.523151,-3.1502516,-2.3691635,1.6848762,-10.981692,9.695436
2.4256752,-4.2494407,-6.469042,5.8642178,-0.43242273,-1.816504
1.9802321,-3.6810749,-2.5348563,3.3790133,-11.046145,6.3294735
5.7204943,-11.029267,-10.619909,9.292228,-7.0615363,0.4053628
2.2652535,-8.0784025,-6.712964,6.15935,-8.416945,2.5992804
-3.8946087,-5.693981,-5.198818,3.1215215,-10.689147,3.980749
-6.06487,-3.8329406,-2.2636285,2.8896582,-10.23221,9.262854
-3.4215205,-4.843767,-4.281452,4.547155,-9.229213,3.1052122
-8.093158,-2.3822477,-1.928725,0.3710401,-6.454658,6.3841615
3.036743,-8.629298,-8.429749,5.089825,-8.144356,-1.8454784
-0.51328146,-4.750428,-5.825683,7.036029,-1.9493794,0.43354574
2.8343718,-9.203163,-9.045517,5.6146464,-6.7197857,-3.3037536
-0.7255329,-1.9238498,-2.4207764,5.382604,-6.815008,5.3111777
1.7581266,-4.3685107,-3.7890813,6.1357045,-2.3008218,1.3917326
3.4147046,-4.3572097,-3.676874,5.5435805,-2.9966393,2.4012675
-2.002905,-10.922851,-11.193191,7.7458315,-4.592226,-4.6584086
0.36137235,-8.563358,-8.149877,7.3782015,-3.5640213,-1.3839194
-2.312815,-5.9977403,-6.826102,5.808007,-3.9511297,-0.61227655
-0.3233366,-6.2681575,-5.6375966,6.696181,-6.5800886,1.1795325
-0.7417582,-7.3682437,-8.323153,5.3095255,-3.1292613,-4.2245097
1.7617704,-5.7736917,-4.6736803,3.8668447,-6.234015,1.3034813
-0.15554999,-7.6317353,-8.629926,5.590437,-4.2120094,-5.568398
0.7773129,-8.824555,-9.539385,7.3626723,-4.649033,-3.1170318
6.3802495,-11.935098,-9.939911,9.610397,-8.651034,1.8195864
-0.96983004,-6.5445952,-5.857738,6.6942267,-5.031427,1.2226709
-3.5758133,-3.2789223,-1.5514598,0.3100776,-11.178161,7.7764826
-8.144407,-4.6035056,-3.3035831,1.0594246,-10.30626,4.8498344
1.653971,-8.84119,-8.29446,7.0514693,-5.7764,-1.0261966
2.5514457,-7.70427,-9.279041,9.404662,-2.5788856,-2.3180654
-4.982863,-1.6362855,0.50220764,-1.0251267,-8.637502,8.549847
2.827896,-3.9028277,-7.585782,6.263081,-0.95420265,-4.4510646
3.2465346,-6.4339614,-6.125995,5.46358,-6.8604665,2.436465
-7.7120953,-2.0609345,-2.3492312,3.0185513,-8.495454,8.17942
3.3570364,-5.6910634,-5.662371,6.243562,-4.475942,0.45717564
0.925047,-2.4461603,-2.272559,4.017023,-8.202003,6.8918004
3.6330101,-10.023247,-9.753783,10.598149,-6.05874,-0.23308282
-7.6810555,-4.4719405,-3.2039504,0.6424485,-8.325349,6.4925413
-5.1462235,-1.942996,-1.1664588,2.6278315,-6.246122,5.9873357
2.7990077,-4.6824026,-7.250981,6.951323,-1.6407871,-4.5754766
-1.2035385,-7.7858324,-8.460341,3.810345,-5.601188,-3.155403
-1.2511063,-5.730548,-5.718705,6.9146123,-2.8050423,0.81601006
-9.112317,-3.9913588,-2.3385048,0.66987216,-7.7792897,7.066314
-8.409181,-3.8577783,-2.4617963,1.2119911,-9.041232,7.65782
-5.2951283,-2.9364927,-1.9823883,2.1984785,-8.920378,7.6381726
2.63163,-6.5975327,-8.2165165,7.3502316,-5.524897,-2.8174975
-2.0098097,-7.5870757,-7.2261224,5.5316105,-3.8299174,-0.42293042
-9.178317,-4.6475325,-2.9793367,1.1887828,-8.067308,6.3260674
3.6147695,-9.171576,-9.089807,7.8314614,-5.1128697,-1.2438682
-6.505978,-2.2855458,-1.3557034,2.2781556,-9.755023,10.82046
-0.79531085,-2.7317526,-2.6597266,4.4112406,-6.176345,5.668979
-0.7317411,-8.547589,-10.025815,5.890935,-3.9587157,-3.8409712
-2.8089125,-4.1119843,-3.8245838,4.9196067,-7.6331077,3.0657554
-1.3043,-2.7047062,-2.4784422,3.1365843,-6.384615,3.3907225
-5.5106444,-2.7072241,-1.2714989,6.014229,-10.125712,11.1215725
-0.10264337,-6.925118,-7.7631927,3.652201,-3.5003586,-4.1402555
-0.50968003,-7.4664116,-6.6428666,6.932545,-7.1585193,2.596185
-1.0598434,-3.4570687,-3.4821234,6.510652,-7.915238,5.5631986
-2.3311174,-2.6611207,-3.1538732,2.7438915,-2.15368,1.0737075
-6.3565087,-2.4740708,-0.3577629,-0.87434036,-9.154948,7.403233
-0.59940445,-5.768983,-6.201715,5.718721,-2.569751,-1.5435702
-2.1089854,-3.7234015,-4.1891274,4.5659356,-2.4845731,-0.07671912
-1.5522382,-5.559625,-4.03072,1.3240229,-11.1730585,2.8798141
-0.5715419,-6.1862655,-7.3518844,6.9766316,-2.4620054,0.5541716
2.758836,-4.4120374,-4.8013535,3.6874743,-3.1125457,-0.20630325
-11.142683,-4.1507516,-1.6868033,-2.9590645,-9.030097,5.989762
1.4495462,-7.9353757,-7.033625,5.3405657,-6.5127616,-2.417757
0.36185217,-2.382092,-2.5038283,1.5779929,-7.6488614,3.2684891
-6.4713798,-1.6040161,-0.57729197,0.46988827,-7.739117,8.216595
5.513816,-9.854735,-9.312849,8.966263,-7.6441836,1.7921717
-4.4689555,-3.496698,-2.0696735,0.78482366,-9.018188,6.2955422
2.9674404,-5.1875043,-5.0204744,7.7313957,-4.5847344,1.1832317
1.8275949,-4.786096,-6.2104754,5.5335503,-1.0269146,-0.9874025
0.39618403,-4.66629,-5.262018,6.388663,-1.8073914,1.8869642
-4.668163,-10.725368,-9.725426,7.843386,-7.3715754,-0.59326524
0.09861235,-5.8824363,-5.353692,5.477703,-3.7234166,0.74692994
-1.3626744,-7.212923,-7.4485674,7.910258,-3.9585884,0.19647984
-4.604395,-2.9229138,-1.6580791,-0.044652566,-12.482652,9.323958
4.1714706,-6.0473523,-9.185813,8.114533,-2.3276768,-3.414274
1.575569,-4.769242,-5.18862,6.180997,-1.493812,0.65052724
2.5480862,-4.414995,-6.212338,3.7906053,-3.454914,-4.43496
-11.33435,-4.877155,-3.2712965,1.192781,-9.1089115,7.677154
-4.7891135,-3.8161626,-1.5961692,-0.18447892,-12.097791,7.7025366
-2.150738,-5.3238497,-5.6706057,5.851519,-4.178697,-0.303451
3.1300046,-4.148668,-7.1168776,6.642858,-0.88925976,-4.656586
0.67927104,-6.9395814,-9.614788,10.2709255,-0.74231863,-1.6811191
-5.8984447,-4.752578,-2.3315809,0.54445714,-11.442796,4.6866617
-8.542949,-2.3125098,0.5894218,-1.1061732,-11.022437,11.152687
3.3873327,-3.9167693,-3.8685052,4.2937913,-4.1478095,0.33221737
-2.8028915,-6.438256,-5.9326777,6.406935,-4.184548,1.352059
-0.74827665,-5.8958564,-5.013257,6.8399734,-6.0950484,1.9707851
-6.667705,-4.787803,-2.8205943,0.5452734,-10.219953,4.2050133
-5.5386586,-2.7225087,-0.73039347,0.5026786,-9.501022,6.6596694
4.517637,-4.606155,-4.828653,4.6408734,-5.259151,0.41948882
-2.3001812,-9.534596,-10.063884,6.105195,-5.071575,-4.652246
-0.21446462,-5.404211,-7.398516,6.1280837,-1.6443102,-0.9007178
-1.3649412,-5.7609353,-6.2874966,4.486832,-2.3529742,-1.6033939
2.8847697,-5.3660254,-6.5692973,6.364848,-2.386569,-0.8834415
0.63342434,-6.489576,-8.790901,7.9462085,-2.8263028,-5.013293
1.588849,-3.5963886,-6.3594947,4.095228,-2.051552,-4.508405
-5.255607,-4.2735896,-1.9159992,-0.67132455,-11.582671,5.36267
-4.8734403,-1.1339608,0.18611112,-0.8822089,-10.0601225,9.985867
-6.241103,-2.7083304,-2.6611946,3.0730462,-7.2509527,7.3033204
0.75300264,-3.8611116,-3.9214125,6.30587,-3.3021514,1.1344382
1.6705842,-4.55037,-4.196613,4.736648,-4.1141744,-1.1213855
-0.08147387,-4.456896,-4.6091437,4.310719,-2.6975605,-0.6880706
-2.9916785,-2.7212172,-2.654127,5.522657,-5.1976714,5.628944
-5.4800625,-1.932148,-1.2249331,5.4884696,-6.297399,7.825747
-3.6825147,-2.785074,-1.4771311,0.44781035,-10.095134,8.009415
3.7105067,-6.2701545,-8.630962,9.864711,-1.6957989,-3.2415628
-9.921955,-1.8857983,-0.13322407,0.73422474,-7.364398,9.583447
-9.712193,-3.5844061,-3.4772146,0.85670644,-7.473347,6.542767
3.6894414,-8.950999,-9.033561,8.183287,-6.494619,-1.2950717
-6.8158913,-6.2672405,-4.978568,2.5426917,-7.558642,1.0074574
-4.671538,-2.384045,-1.0016046,2.3801165,-6.239284,6.062331
-9.222114,-5.7329044,-4.9424653,0.6122409,-8.686025,3.1551712
-1.5940591,-5.5684357,-5.232244,5.1978965,-2.820943,-0.3183711
-5.3347697,-6.672693,-5.282805,2.0089283,-9.199019,1.5153658
1.2930998,-8.353714,-8.387845,7.1186175,-4.0732226,-1.2722329
-4.604694,-4.140537,-2.0962343,0.5770062,-10.544719,8.465805
0.27098465,-7.5382094,-8.656907,6.389704,-3.1332796,-2.080993
-7.2450633,-1.7456745,1.4865568,-2.4679182,-11.07568,9.909669
-8.834514,-5.424725,-3.5066414,1.5682399,-8.429775,6.391732
-2.9247496,-2.83865,-1.9445736,-0.41715455,-10.599908,5.9270525
1.7098311,-8.911042,-8.07464,7.415944,-4.545687,0.8958424
-5.836989,-4.081151,-2.4480715,0.3551463,-11.0683775,7.493402
-6.9728904,-2.9846706,-1.5854676,2.9549878,-9.223237,10.602457
1.2156484,-5.8834023,-6.373835,4.4765005,-3.6142206,-0.22032665
1.5630044,-7.0433598,-8.931796,4.4813056,-3.836014,-6.3328614
5.3774614,-5.925131,-9.384964,7.7602973,-0.52492195,-5.1375227
1.4125223,-6.5353,-6.309683,5.4157414,-3.5238745,-0.017513487
2.3811567,-2.588547,-2.1218064,1.9817985,-9.574081,3.9300306
-2.8576758,-1.0856678,-0.4962011,0.45700943,-7.896609,7.90506
-2.3966453,-1.2339859,0.04725644,0.99851334,-8.368992,8.137762
-7.8681507,-2.8508832,-1.9819884,1.4224962,-5.906532,6.0185933
2.4584572,-5.596155,-6.0032372,5.82249,-4.8615336,0.42041072
-1.7031792,-5.7724833,-6.657131,6.0837827,-2.8730543,-0.90735793
0.036276862,-7.443814,-7.763657,6.541332,-4.3163304,-1.6391321
2.2033298,-1.5402737,-1.098119,4.562419,-7.135345,6.842232
-2.5663729,-3.2957463,-2.591206,5.8763294,-7.0406146,6.086369
3.277416,-8.505851,-7.730485,8.632483,-5.689182,2.1196718
3.2318196,-7.2566886,-8.736695,7.9266887,-1.0921413,-2.13935
4.9410663,-8.927416,-8.017094,7.831327,-8.483963,0.15859409
0.8471477,-5.8577313,-6.3806906,6.1666303,-2.4917238,2.1041057
-1.8052099,-7.9451604,-7.3366346,4.6190214,-3.9238305,-2.2553566
5.817086,-11.109181,-10.013821,9.669765,-6.906427,0.5953904
-2.226999,-1.9856583,-1.5885501,1.4223663,-8.71418,8.833433
-7.9514422,-4.297631,-2.8037152,-0.2783553,-8.990985,4.8871436
-3.143832,-1.8311589,-0.92454886,1.1064485,-9.417052,8.416288
-1.9263219,-3.7249274,-3.4071288,4.7030044,-9.637326,6.0804133
3.6867135,-5.6187606,-6.366053,6.3653116,-3.2202137,-0.7499073
0.19181888,-5.546429,-6.344999,6.991667,-1.9992349,1.609772
-4.842445,-5.772797,-4.5416365,1.5340579,-8.346945,0.85271066
-3.1849496,-3.3540518,-2.4914334,0.8335977,-10.672061,7.002492
0.10634421,-2.385678,-2.120467,4.186117,-7.8987875,4.9811673
-6.8864145,-3.7424824,-2.5512989,2.9556613,-7.7928524,5.63802
-3.4798057,-2.5428364,-0.82382447,1.6613079,-11.162157,9.140692
-2.538944,-6.3505692,-5.888322,4.1167355,-4.117677,-0.49155793
-0.1731322,-9.612034,-10.952766,7.9104943,-3.376154,-2.6799939
0.11485824,-3.917335,-5.120053,2.7431324,-1.9072422,-2.1997616
1.1966777,-1.3503176,-4.1765103,5.418672,0.17942593,-2.4029021
-2.0829976,-1.3558952,-1.6976438,4.7473483,-4.160815,3.7667086
-8.811903,-1.5353184,0.3879899,0.43976372,-9.339833,11.411747
-0.1509421,-5.981078,-7.0087276,6.9286504,-1.851824,-1.3472102
-8.37829,-3.6917226,-2.0319955,-0.091330364,-8.81584,8.575309
-7.0940375,-4.3901963,-1.9901586,-0.8692344,-11.368464,6.5371985
-5.729144,-3.8442228,-2.3399544,0.40314645,-11.544919,7.7883515
2.6349285,-7.1065907,-10.1651,8.772838,-2.3352356,-4.863444
0.65153617,-5.612209,-5.40677,5.9779944,-6.042929,1.3475832
-10.114258,-3.0512724,-1.2538259,-1.0661184,-7.1082025,7.4339356
-5.2882733,-2.2126536,-0.18985325,-0.7830657,-11.110612,9.927052
0.025401577,-8.673943,-8.358395,7.4205327,-3.8909285,0.041978408
-4.584644,-2.7494428,-1.2511816,0.7985839,-9.649955,5.9376655
-6.6000533,-4.634114,-2.0693595,0.86149704,-12.272282,8.212482
1.5941617,-5.6237564,-4.1002746,5.307571,-4.173714,-0.6344715
-0.69930464,-2.9571753,-2.2537653,4.641764,-7.2839046,5.1691113
-2.5670114,-3.9595013,-3.1458263,4.096399,-9.267863,5.439994
2.0865848,-4.40833,-6.6669955,4.1670036,-1.8871274,-4.6160355
-6.3459773,-4.9319043,-4.802964,4.8843236,-6.5848594,2.7804914
-5.155175,-5.408558,-4.463399,4.5354958,-6.596003,5.3094196
-5.834293,-1.6026268,-0.065715134,0.85134584,-9.250486,9.759157
-2.086255,-7.8058887,-6.873624,3.2739923,-5.547336,-1.6126653
3.437865,-8.879535,-8.980061,12.171764,-4.27797,0.17408343
3.5421557,-4.448982,-5.2905393,9.910921,-1.7734222,0.5444583
1.0759416,-3.818813,-4.052948,4.940634,-4.324536,0.5988323
-0.3207386,-7.924327,-7.273066,4.3027925,-6.979319,-2.6570637
-2.4185252,-3.3676674,-3.2634678,3.5674734,-5.2912626,4.764742
-1.584819,-3.1720402,-1.7139049,5.466598,-7.865259,6.008653
4.5620704,-3.275327,-3.3511462,4.0350347,-4.82608,2.082387
2.446781,-5.7536902,-5.9365573,6.3736305,-3.510287,-0.35968947
2.2409432,-7.11811,-9.795474,6.9110346,-3.5955765,-4.88871
-7.0757046,-3.7786357,-2.2220428,0.91670793,-12.067307,9.818154
2.6061862,-6.530769,-6.6112866,4.9880695,-4.1333175,-1.0673398
-1.9781274,-4.230437,-3.3512235,2.390563,-8.686078,2.2453485
-1.2440988,-6.1645074,-7.6148973,5.3162885,-2.9859564,-0.7364921
-8.177353,-4.2887616,-3.0459995,0.300313,-11.628068,6.7753997
0.05187814,-3.977134,-4.005083,4.332655,-3.3482373,1.0096353
1.8792943,-3.4143384,-2.5687463,4.662702,-10.83632,8.51054
-0.3834074,-6.3929267,-6.3561583,4.9380283,-3.7942126,-0.033150114
2.1343052,-4.12447,-3.6685534,3.7562613,-3.4059315,0.90989673
-3.6020596,-3.3332994,-3.6248963,2.5326805,-4.8625054,2.5959337
-1.2294666,-7.7385573,-7.3584905,3.8036056,-4.027735,-2.9972284
-6.777222,-3.1989694,-0.9054578,-1.1581583,-12.5480795,9.456934
-7.9271255,-5.828175,-3.6489344,-1.083819,-9.9489155,2.8973086
2.1389995,-6.457175,-8.646186,7.554867,-1.0520738,-2.167391
0.2571041,-7.35084,-7.8164935,5.594825,-4.997336,-0.5082606
-2.9382267,-8.308404,-7.4079084,3.8149369,-5.5699944,-1.5623094
2.4678164,-5.751559,-7.2924323,9.925235,-3.3183932,0.65554494
4.0185285,-9.384026,-8.786337,8.504171,-8.068431,1.7540418
-6.7123055,-4.000132,-2.3223886,-0.579879,-10.737454,5.8893075
-10.233538,-4.9891777,-2.794355,-0.8940043,-9.486224,5.006156
3.9519808,-8.415256,-8.069151,7.5054703,-4.713935,0.998746
-12.33197,-3.6662457,-1.8183157,-0.10407756,-8.431509,8.124823
-5.7039475,-6.491916,-5.468173,5.3635817,-6.7017713,4.111254
2.1341891,-7.104706,-8.183333,7.0459595,-1.462943,-0.48280993
-6.9345293,-3.9591744,-1.3231118,-0.9315321,-10.656531,5.78165
-5.8566494,-2.2336211,-0.26140088,4.657822,-10.886668,13.486126
4.526011,-7.2967467,-7.944692,6.510336,-4.573902,-1.289162
5.5234365,-7.0401177,-6.726558,8.115196,-4.4436803,3.4486558
-6.232736,-3.718746,-2.3723884,0.05786319,-7.378981,2.4689772
0.65881956,-4.8351912,-5.1556745,4.380824,-5.1854177,0.9766692
-6.77764,-4.661834,-2.0255334,-0.067078575,-10.901458,5.0569043
-2.144745,-3.349136,-2.518064,5.928618,-7.4522233,5.6665545
-7.1358967,-3.3950622,-1.438375,0.7086146,-12.195182,10.854799
-6.562762,-2.3701658,-0.8464857,0.8533481,-9.672256,9.756284
-0.19001795,-3.0023715,-3.2795928,7.0059915,-2.1492753,1.9617158
0.44591665,-2.530171,-1.3912983,8.246156,-7.935669,8.174038
-5.322298,-3.9819233,-2.3632474,-0.95616776,-10.165559,5.117488
3.7564673,-9.617679,-9.080176,8.82516,-8.127052,1.7283233
-11.661913,-2.528177,0.018534929,-1.1612835,-8.024768,8.90913
-0.10918559,-7.3395696,-8.307779,7.3642373,-2.517959,-1.6903478
1.4424795,-9.089608,-7.6600485,5.2853513,-9.307525,0.3430398
3.0185533,-8.750942,-8.239666,9.385078,-5.5780954,0.33655748
-3.7284937,-2.3610046,-1.5846617,1.4329095,-9.344337,8.747881
1.7778646,-3.7549403,-6.160835,7.0807433,0.08848869,-3.379686
1.2339913,-6.433983,-5.4004865,4.365984,-4.486829,-0.8748955
-11.567009,-3.794177,-2.253058,0.5776225,-8.922,8.757927
2.1099908,-4.3847356,-6.214859,3.732437,-3.4087512,-3.2544305
-0.58668566,-7.281595,-7.262647,5.104939,-3.2857637,-0.7580345
-6.8399386,-2.6888866,-2.4350708,2.1310322,-7.5940914,7.962368
-3.9593856,-5.6794753,-5.942321,5.3268466,-4.2074714,0.2019652
0.5833024,-5.9869657,-4.846783,6.542188,-5.6693835,2.4195528
0.43955833,-5.391402,-7.148543,8.598435,-1.5232885,-1.3897207
4.8651175,-7.810879,-8.526007,7.817548,-4.5343366,-0.35687038
-2.8740966,-4.3673134,-3.2383454,1.37203,-7.4548545,1.144438
-6.3155246,-3.180515,-2.3597505,2.904907,-10.634128,7.995028
-1.3193933,-7.9470506,-7.612016,7.477422,-3.3269503,-0.07906188
-2.960289,-3.6737945,-3.938396,4.9077086,-5.4717717,4.6476135
0.546444,-5.496554,-6.6785007,3.4832919,-5.3113728,-3.2033198
-4.7027054,-1.8322878,-1.0818388,1.2996476,-5.7570558,7.1301427
-0.3971756,-2.611135,-1.7785978,4.343597,-6.115462,4.383907
-0.29234135,-9.63339,-8.690097,5.113861,-7.04993,-2.495107
3.5981739,-5.7961946,-7.3214583,6.706595,-4.381515,-2.4491856
3.1753895,-5.097891,-5.23565,4.350184,-5.5838857,0.6538858
-0.045780912,-7.6124167,-8.715573,8.13138,-2.3705883,-0.4648697
-2.0131714,-4.305289,-4.212669,5.577187,-4.0873275,-0.2082968
-8.98226,-1.4124877,1.1899366,-1.8351213,-9.212032,11.121233
-2.1142092,-5.857751,-6.7227273,7.525347,-2.5333521,-1.1166202
-8.590906,-6.293264,-4.76405,-0.05533792,-10.627432,3.4601052
-6.929955,-5.236605,-1.8812141,3.2722962,-11.680512,8.55577
-5.3619256,-2.9981978,-2.059712,0.23663756,-10.071042,9.130823
2.6679156,-2.7472417,-2.1473958,2.437564,-9.709565,4.938928
-0.39785576,-7.2865376,-8.676212,8.641902,-2.8489964,-1.9314603
3.9092157,-4.9416723,-7.584186,6.791474,-0.34931257,-3.4271002
0.8832911,-8.533516,-11.16185,9.448975,-1.9123179,-2.8705714
0.8247857,-4.0074105,-3.269025,6.3443046,-8.644521,8.57535
-4.2333474,-1.9342972,-0.20751297,0.6267795,-11.206901,10.582668
0.4877243,-1.9144471,-2.2339942,7.5100865,-8.231994,7.5433164
-1.2225777,-3.9951007,-3.8406768,4.0855403,-9.051368,4.3903627
-7.419254,-4.5498414,-2.486587,0.18328382,-8.607958,4.616058
-2.2229755,-2.0298572,-2.6569123,3.735012,-2.2096968,0.5354164
-4.8032775,-4.793695,-4.592215,3.2405798,-5.799491,3.2922604
6.129786,-10.469672,-9.881964,8.750117,-6.8292537,-1.10351
4.1200128,-7.782226,-7.5386605,8.096287,-4.381923,-1.8291348
-0.42210752,-4.5074964,-3.1842794,4.1916137,-8.053226,4.151027
5.1423845,-8.477638,-10.960657,8.401247,-3.3426464,-5.004945
-4.3370004,-2.2825491,-1.5762017,1.9559596,-5.849467,7.031735
2.9997387,-8.235571,-8.6969385,8.283084,-4.790535,-0.84681135
3.946658,-9.4858465,-8.389562,7.2826796,-6.6535726,0.26886642
-0.17083995,-7.4136024,-7.080359,4.206283,-5.0551524,-3.500436
-3.6648314,-3.208471,-2.296772,0.47975123,-11.5013895,6.8440905
-5.198791,-3.8176367,-2.3021855,3.1154275,-10.030309,8.675667
3.2495563,-1.9772569,-2.592647,4.208204,-3.5099795,1.1079106
-11.431957,-5.135963,-2.5058045,-3.0090306,-10.188047,6.1512218
-6.7644935,-2.7880857,-0.54253227,-0.47003615,-9.903524,8.302985
-10.070301,-5.542824,-3.436986,-1.0523069,-9.901349,5.434499
-5.065514,-4.6586623,-3.9647865,3.341269,-6.0935245,3.7629938
-2.096198,-3.4684029,-3.8698783,2.3024938,-5.422049,1.321001
2.8133879,-5.578648,-4.4424148,4.8896127,-5.963473,2.9584668
-8.552647,-4.2455554,-2.1163533,2.3679721,-10.945647,9.22612
-8.831353,-4.390036,-3.8722548,2.6372015,-7.309399,4.7578297
-1.1548915,-3.0762086,-3.4439888,4.9408927,-1.5148807,2.3136737
-3.98613,-2.9610426,-1.8099418,0.41482985,-9.778933,6.80388
6.8439655,-6.8364263,-6.7974772,6.8984914,-4.7725463,0.70741254
4.9196687,-6.554998,-6.817579,5.999737,-6.159364,-0.14286469
-13.53278,-5.5185895,-3.1554208,0.83109486,-10.331046,9.676086
-5.6662273,-2.96827,-2.2660537,0.020656422,-11.078595,7.8719587
3.3695083,-7.7150693,-7.979158,8.585525,-3.4962494,-2.1861236
1.258333,-7.697223,-8.937767,6.192695,-2.4351242,-3.2100856
2.689369,-3.6324427,-2.5079134,4.820126,-9.857984,7.788687
-5.97403,-2.9359167,-1.4680107,-1.0246664,-11.78967,8.434227
1.7135859,-3.580013,-2.480148,7.7242436,-10.422706,8.62588
-0.33312625,-6.9142184,-6.094729,6.7462344,-7.237286,2.020559
-0.9486418,-6.0553565,-6.379874,5.482238,-3.234382,-2.842701
-0.13358168,-3.8563511,-3.8879077,3.7982285,-4.717209,0.31603375
0.6609434,-9.77546,-8.173621,7.2308455,-8.136929,-0.08501692
1.8230752,-9.5047455,-10.563001,7.957765,-4.0419316,-3.3592894
4.280196,-2.379361,-3.3048701,5.9645596,-0.24592629,-0.12210648
1.7886235,-7.296196,-7.918509,8.989627,-6.5115123,1.8180288
-12.429791,-4.9296527,-3.5407448,0.96019393,-9.975347,7.466779
2.8319137,-9.559638,-9.065578,7.228027,-7.234494,1.0377412
1.7948803,-5.2320304,-6.584351,5.262943,-1.4421605,-2.298322
-7.36818,-6.657846,-5.57342,3.131954,-8.456891,1.2630838
-7.1120753,-5.277854,-5.399185,4.9531407,-6.2101912,2.6526663
-12.868216,-4.169459,-2.677871,1.975806,-9.336655,8.973975
-5.404247,-5.0137725,-2.704545,0.0724742,-12.515493,5.6836877
-2.3818772,-6.9833665,-7.6609015,8.330924,-4.055197,-1.4211929
3.8491926,-8.209657,-7.658558,7.241653,-6.832903,1.2036358
3.6945994,-5.52807,-5.1252456,6.6603827,-5.414019,3.244612
-5.5127883,-1.0656867,-0.8077468,1.7695727,-7.367652,8.343056
5.3460417,-5.143556,-5.4571004,5.129014,-4.240236,0.33877304
1.9825649,-4.461156,-4.6731505,4.5560794,-5.3801847,0.84548265
5.4396706,-5.713478,-5.8883233,8.293963,-4.019875,1.2508854
1.670694,-5.746858,-4.9856334,2.9704006,-6.537647,-0.65925413
3.3555217,-4.736193,-4.5384593,3.9454658,-6.7960677,1.7222773
3.4189274,-5.0481977,-5.122516,4.3054657,-4.7293925,1.6143936
0.023399934,-10.82829,-10.223233,8.394851,-5.283366,-1.0168537
-7.2846856,-1.8738692,0.049392372,0.55363464,-7.9128327,8.450637
0.016055211,-6.618197,-6.874519,8.101697,-2.4622083,-0.50019443
-9.299884,-3.7744174,-2.5421472,-1.1818924,-8.614598,6.2412987
-3.7031431,-2.5611522,-2.6132548,5.012418,-4.6091027,5.4569945
2.5561135,-7.267954,-7.3003364,5.2867236,-3.9806097,-2.9691284
1.6136411,-9.005788,-10.077335,6.2814445,-5.270709,-5.6692357
-1.2364365,-6.9804244,-7.0739136,4.383663,-4.20683,-1.0084718
-3.6656773,-2.4020371,-1.2625763,-0.06971963,-10.414223,7.8284736
-2.1440325,-1.747664,-0.78161776,1.7357345,-9.7366,8.570551
5.675727,-7.521086,-7.429286,6.7132945,-5.7181706,-1.4589714
1.3576219,-2.3452048,-1.9716477,1.6378416,-9.71038,4.452401
-8.264761,-4.162704,-2.3737216,1.2622588,-9.838331,7.904856
-4.844907,-2.116114,-1.5704861,2.7431104,-8.411664,6.181765
-5.9697423,-3.8252585,-2.698372,0.9657834,-10.26612,7.433451
2.713728,-3.316264,-4.449387,5.866269,-2.2989314,0.110445336
-8.269145,-2.5406215,-0.97731405,-0.37204903,-6.6128006,7.498815
-5.1545873,-1.3998241,-0.61999685,0.918122,-6.8154635,5.8693647
-11.017556,-3.7354617,-2.2840254,2.5306613,-7.3437824,6.662539
-0.6670592,-9.723712,-9.944576,8.533875,-4.9984646,0.49074307
1.4341346,-10.017112,-8.919115,5.55578,-7.54857,-1.683298
-3.303211,-4.3216405,-4.925585,6.734607,-2.9211729,0.21480411
1.1658084,-8.141731,-7.4406433,7.289166,-6.6497674,1.368729
3.8095877,-8.040272,-7.3077364,9.348045,-7.238521,3.1896162
-0.8762473,-4.848613,-6.147883,4.064281,-4.2346215,-1.7115358
-11.218579,-4.3650613,-1.7741969,1.5969318,-12.305056,12.5488825
-1.9347097,-4.503569,-4.1705365,3.5115144,-10.231094,4.164535
-1.4358281,-2.99343,-2.7492537,-0.3087238,-7.1601834,0.5842619
-1.3544928,-3.6079793,-4.005912,5.9011154,-2.235572,0.6923793
-6.270642,-2.9725087,-1.4256265,0.9348525,-9.429888,7.2459807
-4.3717847,-3.0730598,-2.285339,0.23364925,-9.478722,7.554563
-1.8675923,-3.8273492,-2.6180782,1.5086415,-6.578924,0.98604935
1.7169939,-6.689696,-7.3113046,5.0833325,-4.1404586,-1.5183591
-4.3851027,-3.4794333,-1.7546833,0.81082696,-10.926488,8.731482
2.8234346,-7.672636,-8.097763,6.696816,-3.6622438,-2.461181
-8.115152,-1.1410078,0.9179731,0.41059232,-8.635899,11.1179
2.0964587,-5.598907,-5.983701,3.9169078,-5.8690133,-0.2849542
-0.5087125,-6.632863,-8.951516,7.246721,-1.3292936,-3.9306953
2.7414653,-4.1013036,-4.4325767,3.9063103,-5.6004796,0.016249258
0.38611203,-6.1569653,-7.685323,6.963868,-1.5995591,-3.8149889
-10.6210985,-4.2248635,-2.919526,3.0416644,-7.8412642,7.1804338
-7.4749427,-3.2841163,-1.9430311,0.72176087,-11.188695,11.343062
-6.3149147,-2.2047107,-0.041861236,-0.3897096,-8.682609,9.025215
-3.52194,-4.6959834,-4.1774297,3.73117,-8.239972,1.9303168
-7.864325,-3.8221297,-1.4701042,1.115464,-11.921983,9.759077
1.9080244,-7.2423472,-8.076403,4.2460437,-5.7436514,-5.5276027
-5.546869,-2.5491254,-0.97892946,0.5635512,-10.604941,10.048506
-10.902708,-5.0451612,-3.2368572,1.5815634,-8.644033,6.0796466
-7.9996667,-3.157656,-1.3157637,1.3195701,-9.672419,8.8566475
0.48788136,-3.163208,-5.379784,3.5722344,-2.3257813,-2.4406555
0.6542989,-3.6351988,-3.9770164,5.6711316,-1.0538899,0.74754447
1.8568519,-4.0551753,-3.7847757,1.5886637,-4.646695,-1.573168
-7.702081,-4.0722857,-2.1514106,2.694441,-12.161445,10.823435
-6.6324754,-4.462422,-4.037329,3.932728,-6.510514,2.2116208
3.875741,-9.056599,-9.287076,8.913359,-5.9134746,0.07336126
4.6071453,-5.842305,-8.252399,7.082272,-3.119322,-3.2107558
-1.1121485,-8.01218,-7.0831423,5.964896,-5.516825,-0.36289373
-8.167389,-3.9372382,-2.300825,-0.20424683,-10.768448,8.220478
1.8571159,-2.659626,-2.0694122,3.7703593,-9.070747,6.5355153
1.4700843,-2.2788947,-1.7575431,5.602798,-7.1080937,5.757555
-8.974931,-3.5504081,-0.9380804,-0.3327589,-11.238214,11.986991
-5.25623,-2.623992,-1.0318887,0.26945984,-8.846917,6.3830705
-7.331163,-3.373545,-2.650864,3.137966,-10.1869135,9.060401
-8.037151,-4.4456186,-2.3683429,-0.6722132,-9.098618,4.9074836
-6.646646,-2.8922098,-0.634908,3.9036222,-10.792148,12.912048
0.79068065,-6.1483865,-8.852544,5.06212,-3.332403,-7.3949337
-0.49301916,-10.402568,-10.053172,5.5272765,-6.1179557,-3.829346
1.5176481,-8.349915,-7.9574075,7.6660748,-6.1343665,-0.3064338
5.4281936,-8.641441,-8.154833,9.129193,-6.354822,3.1275733
1.6124822,-6.794511,-7.59131,8.078754,-5.2073426,-0.39626122
-8.160633,-3.1915166,-1.8476381,-0.46937805,-10.223844,8.500951
-11.094355,-4.317371,-2.4754627,0.33291352,-10.153934,7.533302
4.831885,-3.8286302,-4.463217,9.06291,-1.1293995,0.5977903
-5.7996125,-3.6179545,-2.528266,1.6800792,-9.740054,7.197595
2.3318195,-8.105041,-8.438307,10.610569,-5.381947,-0.48544782
4.206219,-10.032287,-10.405706,7.847578,-5.3814187,-1.5038539
2.825737,-7.487017,-7.6874843,7.4929156,-5.2539797,-2.2142186
1.6914197,-5.354676,-6.700646,3.8155558,-3.1771934,-3.8605363
0.5527907,-1.5406308,-1.7256033,2.3326118,-6.2751117,4.193033
5.486241,-6.4473453,-9.155785,7.028934,-2.0291808,-5.047942
2.5328653,-6.536147,-5.8685465,5.934258,-6.773442,2.2899015
1.5169786,-3.7797728,-3.0810208,3.7281883,-10.24044,7.0160327
1.0369778,-4.7552714,-4.773824,4.8046885,-5.5188985,1.5042478
-2.7977908,-4.504538,-3.892247,3.3931868,-8.011057,1.6317002
-8.738352,-2.3064933,-0.061250955,-0.19586943,-10.94027,11.752941
2.2467606,-5.843049,-6.1702166,7.7352667,-4.3927054,3.6163692
-4.6544337,-2.2025874,-1.3540797,3.1905942,-7.2870154,9.538566
-3.0540297,-2.5467098,-3.240558,4.3509817,-4.272021,3.8533704
0.32043898,-1.9084365,-1.545898,4.938635,-7.4241877,6.5954695
-9.341068,-3.3780015,-1.2026813,-1.2945911,-9.439892,9.634193
-6.3256106,-2.670276,-1.2795932,0.511907,-6.9994392,8.20602
3.823342,-4.3642445,-6.2055154,6.22804,-3.1654954,-1.6244061
-6.9492507,-4.320053,-2.3046963,0.15991654,-12.956233,11.333356
-7.131722,-5.7263007,-3.5191898,-1.10122,-9.589473,3.4165146
-5.9167695,-3.2502477,-2.2308552,2.440686,-9.970352,8.972115
0.6647128,-4.6031117,-6.197609,2.5290556,-5.029036,-3.7453997
-0.040791467,-7.994253,-8.614143,7.238951,-5.061415,-2.9411018
1.6332548,-2.813976,-2.3695607,4.950314,-7.505549,7.6910424
1.4309752,-4.3560166,-6.00493,5.7334924,-0.5209379,-0.28735265
-11.207947,-3.4229934,-1.6268008,0.18157776,-8.001809,8.180614
-2.3371649,-2.9583957,-2.6562643,8.507975,-5.5815396,7.0513344
-13.45722,-5.852575,-3.698382,1.2852697,-11.156135,9.427232
-4.959503,-1.3381062,-0.7773647,2.1054127,-6.730198,8.934367
2.524402,-3.5278566,-2.9769218,4.4472437,-3.5400991,0.24832515
-6.5267944,-2.7101164,0.3480547,-0.7082218,-12.692357,12.24399
1.5286292,-3.6643379,-2.3525941,5.821649,-10.026647,7.374548
-0.06961711,-10.256011,-10.250748,5.0130796,-6.171018,-3.8588881
-6.868036,-3.1253116,-0.90122795,2.406549,-11.277068,11.2558155
-1.6050297,-6.7017436,-6.647465,5.4113717,-4.189134,-1.356471
-4.5308957,-1.1619763,-0.45839828,4.684092,-7.246082,10.479977
-3.993007,-4.597362,-3.7714663,3.2760587,-5.6506133,2.8022873
2.4962313,-5.5355577,-8.160872,5.5077243,-2.3304121,-3.372793
-2.9116309,-6.556855,-6.0213504,6.260129,-4.442482,-0.23357002
-5.5357203,-4.854507,-2.7402043,-0.37061757,-10.030427,3.1851563
-0.12381406,-4.4653225,-4.54937,4.3795805,-2.1139958,0.5078835
-10.0429945,-4.033182,-3.2956731,4.7099366,-7.680019,7.245378
-5.978231,-3.4279547,-2.0934322,1.4238193,-8.357342,7.3936944
-6.1679444,-3.0882587,-1.7908931,0.15700091,-8.498568,5.053843
4.767324,-9.359755,-8.242743,7.735296,-7.820151,0.7650871
-0.59037495,-4.3297048,-5.4035306,6.6083035,-2.2302215,1.7180905
2.320929,-10.301578,-10.1445055,8.622595,-4.865793,-0.22512044
-9.971184,-3.4312885,-1.3852048,-1.9315717,-7.3931975,6.4041357
-8.280488,-3.8549604,-2.1105914,1.2307831,-13.372642,10.629332
-6.7626624,-3.380794,-4.222929,6.393066,-5.77611,3.9096973
-4.0154715,-4.391083,-3.7524548,1.2366139,-6.060967,0.8983634
-1.4540337,-2.6959412,-1.7205427,9.7605295,-7.503649,8.805728
0.053899214,-7.3562045,-8.779274,4.8379884,-4.283613,-5.8828464
2.3902633,-7.6376977,-8.081514,5.4741654,-4.289456,-2.2563756
0.0489825,-3.8854032,-2.993645,1.3327925,-9.282916,1.9119607
-5.4854164,-2.5982592,-1.3938911,0.80942625,-8.609763,7.3027043
-0.3195365,-6.7586436,-6.606083,5.929825,-3.798505,-0.27814806
-8.422207,-1.2496806,0.80977505,0.4679799,-9.625686,11.911595
-1.4602841,-5.8606906,-5.2632766,8.232358,-3.460663,2.287454
-6.8676476,-4.9081435,-3.6564627,0.10643746,-10.104199,3.0438156
2.3294718,-10.203002,-9.590682,8.30713,-4.309912,0.14675306
-3.75294,-3.6829612,-2.410194,0.23582926,-12.209332,7.6070647
1.9155633,-6.6569157,-8.295959,6.5231314,-2.0235133,-2.9140928
0.053994402,-9.320035,-10.030664,9.001775,-2.712677,-2.7576516
-9.389717,-4.7670193,-3.0016446,1.1508759,-8.2323675,6.6747627
-3.078866,-4.220677,-3.987055,5.13925,-8.332903,4.6367126
-7.574667,-5.1090226,-2.8086119,0.53752494,-8.790428,5.9816537
2.5183704,-6.7664475,-8.3624935,4.749896,-4.5462165,-5.0441628
-11.0233135,-4.347097,-2.3791378,0.43262446,-8.419749,5.874406
-8.432642,-2.3643622,-2.3625498,4.9294143,-5.6941547,6.9056883
3.2874558,-4.1619697,-7.206669,6.8934827,-0.44017297,-3.6037786
-8.106827,-4.3616037,-3.0033684,1.3044149,-8.122487,5.927846
-9.887339,-5.0853896,-3.1584845,0.08594321,-9.853648,7.7499027
-3.7870696,-8.081387,-7.298386,5.1869297,-5.135052,-2.237724
0.9039074,-6.968095,-7.3676085,6.761562,-2.159193,-0.06312665
-5.13427,-2.2592478,-1.208235,0.91158843,-11.325471,11.595114
-8.453953,-4.1543775,-2.5054817,6.3086905,-9.171855,9.333392
3.0521398,-7.3451147,-7.623547,7.381064,-3.792288,-0.45769143
3.5709608,-9.119485,-8.56767,11.910302,-4.9057727,3.184222
1.6430763,-5.3933425,-4.8906755,4.929606,-5.415689,0.96529543
0.63482594,-8.006856,-7.5040383,8.1274395,-4.15448,1.3964888
4.9834785,-8.880572,-8.75773,8.105171,-8.692777,1.9272581
-6.014078,-3.160157,-2.6327224,1.3683441,-8.03537,5.0518904
3.1350822,-8.171853,-8.354139,8.47452,-5.398351,-2.4077182
-0.19678615,-7.2958155,-7.0865197,3.5394778,-5.265593,-1.9664065
0.63462687,-8.3840475,-7.688337,3.674056,-5.8331494,-4.1895776
-7.4841256,-3.1177022,-1.370013,3.752774,-10.23652,10.952911
-5.4515405,-1.7776321,-1.308321,1.7037103,-6.851691,9.717724
1.1734506,-10.850126,-11.948835,9.331559,-4.8455634,-3.1865666
-10.807697,-5.1721387,-2.019991,-2.4165113,-11.981242,6.9150205
-8.111642,-3.515435,-1.9485924,0.25274706,-7.8260293,6.9634876
-3.1191292,-7.4079638,-7.548922,8.538624,-4.8818583,0.53756905
4.981523,-6.168593,-6.008326,6.07078,-5.5961747,2.148087
-6.191031,-3.0452979,-2.688898,3.8206751,-8.210431,7.7449203
3.3106139,-4.527407,-7.305842,5.8097672,-1.0122691,-3.993313
0.6848841,-3.591258,-4.5025744,6.803497,-0.23493665,-0.44779414
-1.4652604,-3.622502,-3.2887006,3.0850618,-8.159553,3.5679436
-5.243631,-4.332402,-1.8827493,2.303,-10.286996,6.540981
-1.9609312,-5.6915565,-5.5286937,8.262735,-4.4810305,1.7003912
-7.6807156,-2.6604087,-0.62296253,-1.5517251,-8.991631,6.879213
-0.31776458,-6.147185,-6.426206,6.9787555,-3.5738285,0.78869957
-4.7864413,-3.0685613,-1.9051228,1.2106727,-10.982434,8.209063
-3.8998702,-3.642668,-3.7152565,3.0883691,-4.952642,3.055913
-4.0888724,-5.4615808,-4.4911485,0.6890912,-7.5558476,0.57502234
-0.94523203,-6.961279,-6.206657,5.113119,-3.595043,-0.0069179498
3.747942,-6.3643994,-6.278108,6.2419553,-3.8667247,0.36767504
-8.738433,-4.937943,-3.2598047,-1.6454965,-9.10328,3.54675
-4.622229,-1.8950639,-1.6217709,0.7602277,-8.073157,6.6582947
-6.5057836,-6.096037,-4.8071103,2.54711,-7.469182,1.4665242
0.2955699,-8.282165,-8.611628,7.325022,-2.7022257,0.8060332
4.471949,-8.806786,-8.141666,7.9043036,-7.105728,0.21254452
-8.565078,-4.2218757,-1.7229934,-1.242204,-13.689956,8.597382
-5.480105,-5.5812855,-5.123509,2.1091866,-6.626898,0.33195478
-2.257214,-7.939608,-8.785232,10.738009,-4.0395765,1.256385
0.31552446,-3.8069532,-3.3111382,3.851187,-10.725921,6.9175935
-10.47021,-4.9075522,-2.7126374,-0.9726755,-8.515769,6.4525313
4.77008,-9.297099,-9.156879,7.907064,-5.427867,-1.3063
1.504638,-4.6938086,-6.2939515,3.6220696,-2.6437967,-3.5488327
4.0040827,-4.7407875,-4.4243875,4.337231,-5.315728,1.3533595
0.89837265,-8.057492,-8.904202,4.2698426,-4.572929,-4.9643064
-0.25768632,-6.6440663,-7.1280303,7.2200713,-2.3010857,-2.707607
-10.008303,-2.9401708,-0.5048216,-0.46164054,-11.095637,11.384277
1.4238392,-6.327108,-8.526821,8.936509,-0.6664316,-2.3671277
-7.8058715,-4.1778293,-2.6196263,-1.1452667,-8.827445,3.74462
-7.1302047,-5.88662,-4.205463,-0.9927644,-12.6890545,3.4916465
-0.06554355,-6.3206077,-6.678601,4.459191,-6.1291976,0.06531386
-1.7196378,-3.6266642,-3.0361245,7.49472,-8.5803,8.17392
-1.8996652,-5.13606,-4.7292347,2.8176098,-2.7990863,-1.887829
-10.405956,-5.0237136,-3.2185843,4.0864644,-8.975804,7.6978607
-2.2641144,-6.432348,-6.6235213,10.146955,-3.6204386,2.992561
-3.0286472,-5.8372006,-4.357868,1.425753,-8.528571,0.92469424
0.89021665,-9.6186075,-9.00169,7.485628,-5.223397,-0.27968213
4.11991,-7.3862767,-7.483747,8.725865,-4.5543885,-0.51993173
5.8314137,-9.721321,-10.337,10.143073,-5.4126534,-1.6861365
3.6223338,-5.405796,-8.761775,8.086782,-0.7951788,-5.8127875
3.2728558,-8.250006,-8.900986,8.248707,-1.8855121,-1.6128329
-5.0715027,-2.245227,-0.8309058,2.8739655,-8.822221,9.507057
-4.8869796,-3.235838,-2.0135357,1.0667387,-8.233172,6.1983485
-1.5869008,-3.606994,-4.245498,5.268061,-3.7588422,1.0118787
-13.056504,-5.962811,-2.8050592,-1.7233998,-10.039605,5.708664
-5.1782794,-2.2431257,-2.1235735,1.4607779,-5.6491523,4.9739995
-3.823239,-3.1202025,-1.2452741,1.3431029,-11.14338,9.550028
-8.436789,-3.8150547,-2.5372877,-0.4210266,-7.581615,5.52747
-3.671028,-4.3907733,-3.4317985,3.380524,-6.9562697,3.6455095
-3.5497868,-1.6848366,-1.1444199,2.9653254,-8.206147,7.3928685
-7.4845786,-3.057341,-2.2314975,-1.1001885,-10.34657,7.667666
-0.10698135,-2.6658514,-3.187914,4.456527,-8.2394085,5.4307904
1.4465827,-6.433776,-5.5855546,6.1154413,-7.108294,1.094796
4.4334574,-9.664983,-11.538152,8.906361,-4.195391,-4.1205535
-3.0858,-2.2736385,-3.1459148,6.205711,-7.4469113,6.057935
-1.4400158,-2.8256047,-2.6546507,3.382754,-6.7149806,2.6377866
4.1118507,-10.138896,-9.642635,9.858608,-5.3425612,1.6123766
-2.5331295,-5.866814,-6.352707,5.017233,-3.1117318,-1.5448765
-0.66976917,-5.1988683,-5.2708983,4.052006,-5.254532,0.41603696
2.4630325,-6.7405734,-6.5027347,6.46765,-2.9380407,1.6232964
-8.372404,-3.6803725,-3.186396,3.0774434,-8.499024,6.010446
-0.79262227,-9.010438,-10.61276,8.547021,-3.3935184,-3.80246
3.6628258,-5.240187,-4.2925744,7.761652,-5.2416916,2.7854443
-2.8174021,-6.565553,-5.647556,5.581085,-5.7478576,-0.21633385
-0.8211377,-5.859503,-5.0945535,5.434646,-5.322572,0.9361246
0.032074794,-6.7551026,-8.587389,6.9239526,-1.5783144,-3.0219738
-2.7199605,-3.3050735,-4.060516,4.28789,-2.9944346,0.12353301
-0.10362293,-5.66875,-8.271535,7.9811616,-1.301313,-2.7109213
-1.3115299,-4.591224,-4.5224757,5.276113,-4.7601914,1.8271039
-1.7557255,-9.015592,-8.33692,4.059748,-6.032103,-3.063626
-5.581881,-3.227581,-2.0423603,2.4394987,-9.76323,7.479212
-7.601882,-2.757104,-0.8413768,1.343604,-8.847313,8.07184
2.8332171,-5.7186136,-6.5846305,7.461571,-3.8077998,0.032927144
4.78083,-5.7964497,-7.7474465,8.033096,-2.8847144,-3.097892
0.9217669,-7.9507136,-6.7089705,4.8628693,-8.097335,0.066104874
-0.86150944,-6.655633,-8.272575,5.339619,-2.7257755,-2.2243593
-10.276932,-3.093032,-0.3792164,-1.126014,-8.369318,9.359629
3.2920494,-6.66854,-7.1680484,6.4823656,-4.2937694,-1.971408
-8.956236,-3.118892,0.22731239,-0.44180417,-11.6255865,10.889555
4.3683257,-5.2362714,-5.443389,4.4659595,-6.55696,-1.2782416
-6.495622,-2.1429307,-1.5233107,1.6681528,-9.108867,10.18669
2.1680949,-8.373097,-8.721835,10.121987,-5.097092,-0.5670598
-5.4756513,-2.7452028,-1.2532825,1.5543895,-8.507404,8.598791
-2.6710045,-10.839084,-10.0825205,9.938744,-5.8807006,0.20822063
0.7993346,-6.932733,-7.715742,7.8648343,-3.4020932,-1.1144272
3.3890352,-6.692497,-6.579271,5.882807,-5.7003284,1.0185747
1.7329257,-3.5277703,-5.2415104,5.6019077,0.08081668,-2.0519722
-3.772785,-5.660315,-5.153707,5.3292737,-4.0264645,-0.26517045
3.0329096,-8.338418,-8.535304,5.7370872,-6.478912,-3.5842497
2.450978,-5.720428,-5.7890944,4.594338,-3.854658,-0.2979912
1.4294995,-7.6600795,-7.4798684,6.1050415,-4.3172054,0.0074135102
-5.59051,-3.9760048,-1.4741886,2.0035818,-11.338149,8.469189
-8.662237,-4.3953185,-3.1027603,0.5937905,-7.863274,5.4256997
-4.4892087,-3.3213294,-1.5138488,0.63498265,-11.2468815,8.639408
-0.6487353,-8.603238,-9.181576,6.5742316,-3.9082484,-2.1761982
4.8564205,-6.0597186,-5.4300866,7.4037967,-5.7078996,3.6224911
3.6489124,-4.072622,-6.0105996,4.1439753,-1.8874135,-3.866512
4.8292165,-4.961889,-7.543113,6.4244304,-1.0759746,-4.2623982
-4.162343,-5.886083,-4.701554,2.8413222,-11.750819,2.9605377
-5.9273753,-3.0076683,-2.0978978,3.2418525,-10.009336,7.49952
-1.4806046,-2.5798326,-2.4009426,3.702048,-7.9388585,4.1800694
4.0281615,-6.353949,-6.431036,5.933433,-4.1529117,1.2828432
-8.693828,-3.3333876,-2.5503476,4.3105373,-11.197698,11.934317
0.050736293,-10.400372,-9.1465025,5.2858796,-8.1644125,-2.2072742
2.8403447,-7.8514104,-8.392278,9.470958,-3.2169995,0.60717064
-8.367338,-2.8887188,-3.0394607,0.39971876,-9.630805,7.035567
-0.6868673,-5.318911,-5.9656167,2.7502277,-5.042709,-2.8926275
-6.452616,-2.8818889,-1.6200533,0.14328386,-11.161035,8.243963
-5.6237483,-2.954409,-2.0083082,-0.50633377,-9.044402,6.4975896
4.510903,-6.9167123,-6.965374,6.1336417,-6.6861134,1.3605665
-6.9100657,-4.164156,-2.9169245,0.18691857,-10.066325,5.46351
-5.540872,-4.217997,-2.2491739,-0.11252369,-10.390861,4.022667
0.9038818,-5.153547,-5.183926,2.6408968,-4.163483,-2.4960744
2.412838,-6.35867,-6.321217,5.6173596,-4.1679645,-0.28649265
-1.8011577,-7.8239827,-7.1723204,3.2227166,-5.480269,-1.4914454
4.7985854,-7.6582427,-8.861877,8.357821,-4.030929,-2.7839396
-12.489792,-3.672464,-2.0187516,0.025594845,-8.946707,9.68458
-0.28255683,-3.6080768,-3.1738658,0.6279863,-9.538646,2.132351
-8.028276,-3.082408,-2.6986737,5.4293947,-7.9192753,8.058032
0.80291367,-2.6347544,-1.8574266,4.302617,-8.964419,6.630408
4.877076,-5.481087,-7.6509676,8.327601,-0.106679134,-2.1993845
2.2182734,-6.1867833,-6.5528207,7.278986,-2.1540983,0.87590003
3.2393355,-9.974313,-9.607154,7.7803864,-6.531524,-0.20266135
-0.255522,-2.3780072,-2.077668,3.6051304,-8.045296,4.872612
-8.41321,-2.6926339,-1.3689675,-0.5637031,-8.947934,7.8137374
0.67668533,-3.3380723,-2.5593386,2.448181,-10.5370865,4.726263
-7.646749,-3.601849,-2.028929,0.5828447,-11.309052,9.268473
1.6225511,-1.2210603,-1.2111232,3.8758,-6.034606,6.3757243
-0.95134175,-2.3840747,-3.3034027,5.4872785,-1.1979077,0.54499894
2.8216915,-9.492612,-8.28575,7.514043,-7.0754714,0.9205348
6.193078,-7.8467693,-8.623702,8.048162,-4.053666,-0.6431667
3.1166866,-5.152638,-4.7761817,6.3044505,-5.3899093,1.440314
1.5581574,-10.255835,-10.175248,7.9206185,-5.0638766,-1.1694163
-1.8491545,-3.7142582,-3.7713428,3.579981,-8.084151,3.7024083
-10.599176,-2.73295,-1.5809004,1.2870315,-6.7966924,7.999336
-6.946878,-3.969753,-1.6637676,2.8598707,-9.898513,7.322208
-4.131726,-4.7825665,-3.9107773,6.1217904,-9.091481,4.796272
2.888349,-6.769727,-6.02692,5.7884784,-5.835954,0.5125311
-1.1261024,-1.7270701,-1.8345318,6.908015,-5.0636697,6.6947494
-6.0701966,-4.0102034,-2.0272753,1.1603879,-10.966718,7.5518155
-3.6432688,-4.5972805,-3.4523416,7.0662084,-8.971331,5.8218093
4.685036,-9.0897665,-10.489168,8.644805,-4.3577275,-4.166654
0.3070724,-6.8896213,-6.4652967,9.610528,-5.9098887,2.2517595
-3.6266334,-4.8280587,-5.5410647,5.821061,-3.2401314,0.3116563
-2.4300237,-8.264789,-8.029876,9.641614,-4.1431603,-0.88282764
-3.9990928,-3.699156,-1.7204101,0.5595021,-12.991546,8.523896
-4.3402176,-2.2259002,-1.6477273,1.6183718,-7.9235024,7.2046285
-9.425889,-2.569475,-1.2506945,0.09588893,-6.919274,7.7846475
4.252146,-6.254143,-8.370937,5.971173,-2.5661151,-4.669438
-0.6149,-3.5002477,-3.9216475,3.9348583,-1.7231894,0.9299452
1.9125003,-7.463241,-8.014414,6.0919423,-3.0763915,-1.0543122
1.8651829,-2.2105272,-1.6786263,6.4603734,-8.949447,9.682537
-0.060259357,-7.691011,-6.8689237,7.4485097,-4.134622,1.0175328
-4.285071,-1.9465123,-1.7949791,2.869772,-8.262262,7.5233693
-3.8199508,-2.7577379,-1.7365139,0.06014201,-9.2423935,7.014786
2.316671,-10.8582325,-11.732136,9.822328,-3.635629,-1.8034903
1.5169564,-8.666583,-8.6699915,9.076475,-4.351731,-2.6753428
-0.7760071,-8.306109,-9.817348,8.204208,-2.4447906,-3.7094536
-11.2206545,-5.7212567,-4.5131197,4.051771,-9.322421,7.3885493
3.1128268,-7.724547,-9.339468,11.029623,-3.0658884,-0.41289133
-8.56041,-4.2443576,-1.8432732,-0.25676662,-11.657113,9.700903
0.32159734,-9.45602,-11.106346,5.464179,-4.8609843,-5.2557125
1.13067,-9.900187,-8.839841,6.933083,-4.268662,-0.07177056
1.6143764,-5.798062,-8.240197,6.0290737,-3.2426498,-3.863045
-2.0547173,-4.326502,-4.331896,6.10919,-1.9415789,0.8824279
1.4990532,-4.986517,-6.5795045,9.366087,-0.101361535,-0.6104439
-6.0707316,-3.0213413,-2.4354973,2.2183259,-9.298892,7.774835
-9.224413,-5.7671704,-4.0310407,-1.1496117,-10.145229,3.7469604
-6.6461225,-2.664556,-0.33940774,-1.1316557,-10.497083,9.29173
-9.069551,-7.3761067,-4.80662,1.0363976,-11.313043,3.6511624
0.4905371,-6.9353704,-7.126762,4.1399264,-4.2359605,-2.882786
1.2728429,-2.3948805,-0.9128861,5.6281238,-8.415119,8.901497
0.242846,-8.452084,-8.0018,7.1755934,-4.420354,1.1962277
2.9555922,-5.8661475,-5.9156775,4.6952558,-3.207997,-0.8244478
-0.7742337,-2.341732,-2.8074555,4.774767,-8.395366,6.3394895
2.2570956,-6.235502,-7.5275455,4.9195094,-2.4935257,-3.7112248
-5.1862082,-3.247105,-1.8240407,1.650455,-10.695997,8.507737
-6.127706,-3.1616657,-2.8014512,2.1361074,-5.9599524,8.062664
-8.061654,-3.4646852,-2.662281,2.4185848,-6.1189914,5.3517756
-7.1808867,-4.110522,-2.0249596,3.087221,-10.070958,8.5656805
-0.09552087,-3.9028728,-3.7559743,8.408712,-4.005884,2.982553
-5.098877,-3.9394047,-2.3985107,3.009214,-8.759305,6.176025
-10.273349,-4.763004,-3.716284,1.6542664,-9.0638075,7.736192
3.1427138,-4.0726385,-6.164141,4.158574,-2.4629352,-3.4920843
-7.352204,-4.229948,-2.1370049,-0.36799252,-12.370383,6.5696197
-0.14956881,-7.6374564,-9.305549,10.164789,-1.7138169,-1.4685093
0.5103555,-3.9816828,-3.1228285,5.266635,-9.060219,6.282532
-1.2816249,-6.016578,-7.143751,5.8595033,-2.15389,-3.1957657
-5.514864,-5.0650563,-5.0205064,2.2222881,-6.5181346,2.1981392
2.304096,-7.0941215,-9.435003,6.0485787,-3.3406498,-5.9052444
-10.723818,-4.819776,-2.9248939,2.644642,-9.608834,7.0363097
3.3323333,-7.9222617,-8.035184,7.7562003,-6.096967,-1.5764061
-7.17148,-2.7486873,-1.5475926,0.80860764,-8.436667,9.206011
-5.8720098,-3.0300865,-1.9741518,3.245108,-9.350753,7.4267125
4.495946,-4.118851,-4.001082,5.1874776,-5.357097,0.9801201
2.1717172,-8.253749,-7.2228928,4.6594257,-8.548969,-0.8194627
3.6223762,-5.6328273,-7.039038,8.695862,-0.2518154,-1.8989091
-8.231974,-1.8218899,0.4589147,-1.365885,-9.61803,11.046068
-5.4065213,-4.9386334,-2.5424223,-1.3346983,-13.68028,5.319123
5.1690598,-4.319626,-4.7302566,5.1061983,-2.100288,0.37963042
-2.5422485,-4.4366617,-4.2514625,2.1111135,-9.039913,2.7141643
2.168036,-3.5113876,-4.777693,5.874623,-0.47264558,-0.33409014
-6.256292,-4.549073,-2.7513437,0.53253645,-9.398897,3.8626935
-4.776118,-2.4070804,-1.6006103,2.9442277,-8.468224,6.988689
-9.987564,-5.049146,-3.3162708,-0.14533083,-9.16714,6.2938857
-10.354298,-3.8856578,-2.2084196,-0.8525347,-7.9170127,5.9184556
-4.2521725,-2.3660815,-2.2694197,5.854465,-5.4888234,4.811669
-6.625797,-4.4021087,-2.7766273,-0.6497148,-11.738,5.993508
-9.584686,-4.2562547,-2.4289575,2.1886861,-11.988129,11.316257
-1.7026459,-7.7119727,-7.6077633,8.212814,-4.4343457,1.2120557
-5.283952,-7.3072753,-6.08464,2.0148976,-9.004898,0.60037494
-2.2134306,-6.983393,-7.6065674,7.864822,-4.063664,-0.9974465
-4.7275023,-2.905414,-1.5320039,2.0730567,-10.317768,8.25387
-2.4883,-6.893419,-6.3578515,2.719501,-6.336781,-1.3080307
-2.7116082,-5.8903866,-5.299498,4.9761662,-4.6463237,0.6273662
1.5423396,-8.918263,-7.502946,4.7691374,-9.123318,-0.7925912
1.9882737,-6.414582,-5.1529193,3.4985974,-8.146479,0.4659535
4.508677,-6.6659245,-7.229282,5.640948,-5.533175,-0.9558456
-2.8343513,-6.5686793,-6.7755146,6.712242,-5.422308,0.06052721
-5.3083625,-2.708687,-0.9158624,0.040064685,-10.938357,9.543369
-5.492946,-2.4825463,-0.016465738,-0.9862017,-10.002927,8.1826935
-6.8926196,-4.8680825,-2.8690557,-1.2549537,-10.295554,3.1914814
-10.542343,-3.7920787,-2.3612378,0.20796822,-9.3362665,8.967609
3.1585948,-7.675786,-7.8243036,6.514376,-4.987211,-2.478319
2.7422218,-7.822518,-6.693309,6.515728,-7.048766,2.0226152
-0.14788343,-7.8577724,-7.3800683,4.701162,-8.102393,-0.36527225
1.3403004,-4.976333,-6.741486,4.8912835,-2.972402,-3.5736759
-6.527947,-2.370503,-2.0827327,2.2316356,-9.135361,8.037233
1.2449876,-3.6328378,-5.124248,4.5335717,-3.145848,-0.76119655
-3.1853616,-3.2605062,-1.8162355,0.22539276,-10.397624,5.8624177
-5.866486,-2.7797565,-1.543915,0.70285654,-10.979955,9.486662
-8.79652,-5.1705155,-3.1943345,-2.0299168,-10.018444,3.7811224
-7.727296,-3.2349823,-1.7858427,2.036789,-7.262632,6.5193453
4.333798,-4.5006056,-4.9269624,5.1322656,-3.4039302,1.6785642
-4.526998,-2.8616645,-2.232401,0.8542377,-8.346401,4.7527704
-8.832485,-3.4308434,-3.1503797,0.9224338,-9.755145,8.419607
4.5441628,-8.224953,-7.836637,6.7979336,-8.709366,0.9468622
0.3519634,-7.294214,-8.583935,6.214312,-3.2180793,-3.4376442
-3.2535617,-2.9119964,-1.8978066,0.5182766,-8.853332,5.633881
4.270615,-3.5428498,-7.030195,5.3427033,-0.8345521,-5.023463
-7.103457,-4.216641,-2.560732,3.6818874,-11.618073,7.964825
-6.602149,-4.85523,-4.597119,4.3339868,-6.750195,2.7537143
-6.1471477,-4.57674,-2.0959547,-0.28293973,-12.569344,5.0630116
-4.742675,-2.5159202,-0.5797763,1.274234,-12.256091,12.399415
-0.7392474,-7.7731156,-7.0025234,3.409541,-5.2548738,-2.7232988
-3.5153034,-3.621504,-1.8316114,0.2551602,-11.01003,6.875549
-11.86981,-5.9433618,-3.9010277,-0.8761892,-10.059773,5.07883
4.1174464,-5.8385377,-5.894694,6.121061,-5.04833,1.6174992
4.1115603,-4.7738175,-4.636756,4.9701085,-5.0783296,1.3266878
2.0562434,-8.906567,-9.422682,5.7875686,-6.513603,-3.8075593
-3.5761886,-3.633865,-3.411138,2.689547,-5.2086225,2.4773667
-9.586155,-6.2285495,-3.9662254,3.1165426,-9.792964,5.092279
0.5772618,-6.298043,-8.444706,8.150021,-0.6487222,-2.8003871
0.67543006,-2.6784213,-2.5327923,3.7215207,-8.019714,4.9457235
1.0725064,-3.1257665,-2.64084,3.5481722,-9.345973,6.9694705
-4.953876,-3.0553548,-1.1997049,-0.67807907,-9.683636,6.234472
0.9032328,-9.155809,-8.225943,7.8529077,-4.288962,0.3553391
2.4178996,-5.4167285,-4.294232,8.032957,-3.3855712,3.9489818
5.4933066,-8.476806,-8.940174,7.3476925,-6.4904914,-2.4711852
-1.6384033,-5.709796,-6.0250716,0.6394605,-6.402557,-3.3773742
1.8220114,-2.169171,-1.7116115,3.9778848,-7.874723,7.0702577
1.3015497,-7.882041,-9.265127,4.8034997,-4.5569577,-5.815288
1.7489849,-8.416511,-7.0880084,6.5726275,-8.175168,2.4638774
-1.30698,-9.983324,-10.309055,7.163131,-4.642908,-3.6488173
0.60957026,-2.4566624,-2.299306,3.8027704,-7.7088647,6.1419225
1.8595412,-6.762238,-7.7223015,6.5235963,-4.9448085,-2.8631208
-0.54420644,-4.976006,-6.2425294,5.709437,-1.8901131,0.28331685
-4.4119415,-9.591744,-8.999062,7.4974084,-6.8802385,-0.5422504
-1.988036,-4.8860974,-5.294224,5.8048277,-3.6819594,-0.20108233
-6.1417356,-2.9376209,-0.75126255,0.67292875,-10.2608595,7.1821103
-4.9661827,-0.9772977,0.23088908,-1.0096753,-9.01379,9.511645
-4.693622,-4.503973,-2.2258427,1.0635165,-11.499354,9.808807
1.4473957,-7.0563564,-8.732569,4.366055,-3.8756893,-6.269559
0.46260643,-8.173772,-7.9980245,7.0608993,-4.4275775,-1.8394462
-2.8347397,-2.1231906,-1.6338315,1.3219628,-8.509639,8.552613
-6.507085,-3.8894932,-2.7117636,3.1288245,-7.745567,5.5975366
-8.918991,-4.259852,-2.6247215,0.1437078,-8.792078,8.260426
-6.362126,-4.9123063,-2.1508598,1.2182039,-12.111749,8.163418
3.358611,-8.676837,-8.636042,11.537289,-4.1958146,-0.22151788
-6.537156,-3.4198825,-1.7170863,0.86409456,-12.159534,9.929445
-3.7540238,-2.6765702,-2.863475,1.9987644,-4.406261,2.4856808
4.7642403,-6.8281603,-6.36371,7.900482,-3.8603108,3.5049565
-5.2590947,-4.000067,-2.5623803,-0.5879638,-10.356922,5.194414
-12.974191,-4.5001993,-2.668788,0.6964919,-9.41225,9.202148
0.07201825,-7.74168,-9.070461,9.035016,-2.269498,-0.70698005
4.1076617,-5.368962,-8.128933,7.3246074,-0.49581668,-3.5546024
3.9113085,-6.899625,-6.897241,7.6049237,-4.0559516,-2.0324268
-3.3651288,-2.9232173,-1.9869161,0.76902986,-9.675899,6.8886123
1.9727634,-3.2947621,-2.233337,7.611884,-9.521922,8.465063
2.9565346,-8.628116,-8.1256275,6.6574087,-6.7855268,0.929629
-5.7559314,-1.1520386,-0.43851063,1.348227,-7.5718746,8.866346
-0.32869387,-6.44384,-6.539187,7.6592536,-2.614696,-0.19251405
1.4563962,-2.5856004,-2.083935,2.0452843,-9.49947,4.52178
2.4819527,-10.541457,-9.326963,6.2229614,-7.532332,-1.2276528
-5.8924093,-2.554665,-1.2913699,0.9155572,-8.710824,6.677044
2.9547539,-4.1280074,-4.450808,3.9725516,-5.5198007,-0.07433663
-10.715066,-5.0311403,-2.9440544,1.2792995,-8.532186,6.167627
-0.7599908,-7.7092986,-6.8389106,5.744701,-5.524595,-0.29597634
0.08840482,-5.1236987,-7.561522,4.1304946,-2.9916098,-5.998579
2.102011,-8.116583,-8.202297,10.98706,-5.472587,-0.3544834
-3.146771,-4.707731,-4.0474772,3.7755468,-9.039711,2.2784388
-6.790046,-4.377884,-2.856886,0.22407012,-13.347348,11.069474
-4.026323,-4.656798,-3.7960455,3.4782224,-6.079701,3.1041486
-0.35122633,-4.635643,-5.713582,7.353122,-2.289234,1.8604068
-0.67424285,-4.2119427,-3.2017481,1.4955294,-10.115248,2.3160164
-0.056202427,-9.290387,-10.051125,8.645337,-2.84,-3.0673354
-9.727768,-4.5981107,-2.3196445,-0.34513724,-10.136033,8.151251
4.968048,-6.444467,-6.3415756,6.455972,-5.2474904,2.0091689
-5.2187476,-3.3657057,-1.9620786,1.415878,-11.519477,8.50105
4.2101955,-8.295858,-7.606087,7.211325,-6.647757,-0.24056749
1.3160139,-8.178109,-9.166781,4.3106313,-4.7709804,-5.7857327
-4.531423,-3.1183517,-2.0612745,0.99005,-7.6803718,5.7069325
-0.33763665,-2.4611113,-3.0121217,4.07748,-7.6260257,4.7726684
-1.0960872,-5.3432426,-4.9259205,5.6825595,-4.974151,1.712419
3.7442598,-8.642266,-8.823637,7.695976,-5.131759,-2.5692859
4.2219176,-8.270326,-8.041095,7.4119387,-6.1056666,1.0732269
4.8940024,-6.930044,-6.1987963,8.312667,-6.1220737,3.9484618
2.2985303,-7.7831607,-8.718543,9.750133,-3.376589,0.15480018
-0.11596933,-7.25341,-6.976621,2.4791746,-6.11879,-3.840762
4.0400667,-9.971616,-9.261406,8.125805,-7.1295753,-0.015339952
3.2837362,-6.13808,-5.5815263,7.0207644,-5.3440976,1.3920182
-0.55339164,-4.469317,-5.0338225,4.7147503,-2.2560163,0.63628596
-0.7926977,-8.783053,-10.227327,8.251819,-2.74645,-3.7467878
-0.89892125,-2.3735597,-2.7685452,4.8021493,-8.261761,5.9687314
0.26442397,-7.2900486,-8.508156,9.995729,-1.8071839,-0.8678169
4.141139,-3.6880152,-3.6966302,4.7185297,-5.2360783,1.0824256
-5.6001673,-2.6338556,-1.5529797,3.2949386,-9.439873,8.204376
-2.2413094,-6.1435275,-5.492499,5.3592725,-4.9215274,0.6974142
-6.6479983,-4.4473615,-2.9653478,4.011388,-11.372425,7.112245
