student_latent_1,student_latent_2,student_latent_3,student_latent_4,student_latent_5,student_latent_6
10.822825,9.072552,7.698655,-6.1183367,5.566009,7.735462
4.639112,5.0990195,1.1249515,-3.8032537,-0.17299141,2.963358
9.74704,9.336681,7.6631274,-6.0697455,5.7834153,5.732998
3.057657,6.2184987,-4.5442595,-3.2314286,-2.4997008,-0.39710388
7.996684,8.2296715,6.779662,-5.446121,5.2671447,6.151245
5.0311418,10.039479,-7.296801,-3.874518,-4.38646,-0.13523814
7.1622486,5.7853093,5.548885,-4.121827,3.8815105,4.9555163
3.3790555,7.0272326,-5.719379,-3.7810292,-3.5776436,0.17229474
5.0997324,9.615043,-7.9831834,-4.0985875,-5.0353227,-0.7034861
4.3463764,8.516051,-5.617627,-3.860452,-3.0431316,-0.13873702
5.855307,9.780315,0.56565434,-5.5867577,0.005716607,3.180186
4.133303,10.577866,-6.353496,-5.296011,-3.174209,-1.1851647
5.0868144,9.528486,-8.043365,-3.9578009,-5.1001544,-0.638829
3.8674743,8.422415,-7.494391,-4.287466,-4.713176,-0.15437853
9.267745,4.928921,7.7971764,-4.345903,5.1244364,7.822278
4.783629,5.593243,0.89372635,-4.4585447,-0.28763467,3.3002312
3.2733128,8.763522,-6.2076383,-4.92963,-3.2623794,-0.353373
3.8253605,6.1401753,-6.269818,-6.0178056,-4.5705094,-2.7803452
3.1566927,8.640857,-5.895861,-4.9686246,-3.0617979,-0.3206427
5.3257227,-0.62532645,0.74165845,-6.3452907,-1.7767229,2.3286254
2.9960735,2.500444,-5.2295127,-6.511088,-4.716532,-2.5624726
7.8356047,4.844683,7.3948054,-8.636897,4.7427545,3.0617003
4.656824,9.557477,-5.8731203,-4.6268435,-3.0511873,-0.29531282
3.439295,6.040972,-5.554049,-6.608418,-3.5147283,-3.9433708
7.2687407,-0.19332987,6.557907,-7.6951895,3.1991994,4.1376467
8.38958,6.283191,5.3059983,-4.188012,3.4766636,4.9349303
3.3108442,6.910893,-4.5487413,-6.504603,-2.524585,-2.593111
6.872171,0.8910088,6.5100937,-8.194519,3.3181465,3.8643045
4.11075,6.002665,-7.3255763,-6.2065063,-5.437628,-3.3605714
4.7172537,5.09184,1.6912702,-8.062431,0.13240053,1.0190115
6.9570484,5.838375,4.8005395,-3.4420457,3.494984,5.1370783
4.6873245,4.680449,0.8743586,-7.5359406,-0.6558793,0.44551677
2.9172487,5.6496797,-5.3606095,-5.249373,-3.3927844,-2.6829123
4.4010434,3.4697092,0.96794647,-5.322849,-0.674619,1.0976772
2.9963396,2.6445765,-5.287733,-6.617768,-4.7310395,-2.5921712
9.76011,4.721895,9.391454,-8.950973,5.8148875,5.4776754
5.1175036,9.949339,-7.622908,-3.927374,-4.6668277,-0.27260903
6.67786,0.4885084,6.1223235,-7.851421,3.03065,3.6495686
8.125222,5.4907446,7.9555707,-8.891347,5.3399644,2.982414
7.98845,4.8833423,7.666998,-8.6929655,4.9998517,2.985527
9.9566965,8.229571,7.1614804,-6.3654866,5.2510834,7.6339636
9.467236,7.7593036,6.7699485,-5.594647,4.99058,7.250888
4.082467,2.523189,1.8928885,-8.537964,-0.26345795,0.34443036
9.396398,7.0393806,6.781561,-5.181845,4.7942457,7.211156
4.034404,2.8975997,0.98316747,-4.8353276,-0.67738914,1.1481333
3.0427835,5.9115777,-6.4394164,-3.142233,-4.326566,-0.9600741
3.2057242,7.611901,-5.6966853,-4.3969293,-3.0656269,-0.29592538
6.2701225,3.212999,1.3454026,-6.431724,-1.0362835,2.6915803
6.681878,3.2414236,8.442404,-9.538859,5.576613,2.4170089
10.783639,7.7936606,7.6226363,-5.4534984,5.2161756,7.6602383
5.0690928,9.798285,-7.396725,-3.930266,-4.5378923,-0.25734368
7.828138,7.8679395,5.552962,-4.94015,4.143003,5.4836397
3.6773283,9.9102745,-6.076994,-4.4000726,-3.142503,-0.6637578
7.951109,8.26997,5.409311,-5.258898,4.0693464,5.433223
9.390168,7.97367,6.677302,-5.520742,4.977734,7.1857567
4.376185,8.383355,-7.360164,-4.5615172,-4.9460034,0.11016085
3.7071645,6.0167823,-5.7304263,-6.836836,-3.7347867,-3.908709
6.565933,2.4975333,7.648731,-9.189707,4.789925,2.2745929
5.887925,7.527178,1.4009331,-5.811705,0.27880543,3.5306325
9.484847,6.6055217,7.1536164,-4.8805943,4.8969445,7.9148
7.067995,5.261537,4.5330925,-4.168216,2.984831,5.136304
4.3654156,7.783491,-7.501083,-4.1905956,-5.2268925,0.18042263
7.128213,0.5990437,6.88841,-8.144176,3.5779917,3.9967232
5.0311418,10.039479,-7.296801,-3.874518,-4.38646,-0.13523814
2.1961882,4.2938857,-4.6132035,-6.9585824,-3.3496454,-3.2787626
6.3326864,5.794738,-0.6174992,-4.4246745,-1.7789893,4.515313
4.025367,6.4924173,-5.4249763,-6.437899,-3.801367,-2.5539145
4.919794,9.646722,-7.498827,-3.7618885,-4.6404324,-0.3716963
7.289116,7.965203,1.6116543,-5.494747,0.086609006,5.3075933
8.826645,8.130189,6.5753694,-4.9608607,4.740064,5.3611403
5.4714575,3.8834305,2.0540357,-7.4033628,-0.04205443,2.6667583
6.8308554,5.100056,0.65391266,-4.0340257,-0.98526186,4.9923983
5.987056,7.508905,1.1184835,-4.4018574,-0.07222451,2.8458695
7.429276,6.9477477,6.3113995,-4.574976,4.6788707,5.977785
10.512991,9.45265,9.324655,-7.5520043,7.053183,6.947525
2.9644482,7.8696265,-5.622714,-4.2688203,-2.9306648,-0.22401679
5.0107536,9.491102,-7.79885,-3.7253432,-4.913423,-0.41876322
5.126974,9.720137,-8.06441,-4.0736985,-5.0730147,-0.6393592
5.1943083,9.899912,-7.5483317,-3.9902666,-4.6326957,-0.19187441
3.1681406,6.3036523,-5.251445,-6.524142,-3.1244247,-3.9464211
3.133859,8.402184,-5.978596,-4.724645,-3.2059517,-0.8085081
4.945826,9.585338,-7.5857577,-3.6573896,-4.7181935,-0.32587177
5.115607,10.218153,-7.413653,-3.8614845,-4.4467006,-0.08181247
4.3904457,3.2483525,0.9539035,-6.5732737,-0.7716316,0.7805898
8.389993,6.215264,6.102039,-4.570615,4.216792,6.836876
3.0600426,2.3422894,-5.2791963,-6.3620963,-4.8158174,-2.4731135
6.339385,3.7294726,6.4140916,-7.79894,3.9620588,3.1496773
5.118636,9.517347,-8.128198,-4.019366,-5.172849,-0.69585115
7.090816,4.0779166,7.2265944,-7.4783845,4.5276284,4.6803436
7.077895,5.702112,0.13096575,-4.7579355,-1.6728432,4.973866
7.4884987,5.2780523,5.9831624,-4.046695,4.0417714,5.355261
9.853951,7.3997874,7.6233125,-5.9461913,5.4382267,7.713853
5.0135727,5.136563,2.0487094,-7.872659,0.22424014,0.81292915
3.5653105,5.8326545,-5.985227,-5.6175194,-4.3966436,-2.7345138
4.66501,10.030239,-7.3658676,-4.9908185,-4.4017396,-0.026942998
8.533225,6.8828435,6.2247577,-4.6498218,4.3049245,7.4659944
4.2478385,8.453383,-6.191614,-3.8511744,-3.4963,-1.3315837
8.863493,4.286415,7.8779798,-8.366007,4.6154146,5.0461097
7.172094,6.125626,7.737699,-8.519328,5.500128,4.420207
6.4990635,3.8221002,-0.018274747,-3.6865482,-1.8201985,4.7442913
4.2411366,8.504765,-5.3976045,-3.6720648,-2.874663,-0.008625895
8.156116,7.77136,6.1014876,-4.91538,4.568293,7.2698774
8.0275345,4.0802736,8.278245,-8.436408,5.256273,4.938816
7.4743023,5.2274504,0.4687904,-3.7083106,-1.3353198,4.766646
8.898059,2.5880136,7.5747123,-7.5759873,4.047729,5.065955
4.9384413,9.8474865,-7.3588533,-3.7289264,-4.475056,-0.20483747
9.397952,7.903946,7.40626,-5.893126,5.440904,7.46547
9.144524,6.952931,6.789982,-5.047299,4.803594,7.1311626
7.7675896,5.066785,8.225175,-7.701822,5.4800572,4.0264688
6.83505,4.813095,0.21267061,-4.1877875,-1.6929073,4.9775977
7.577535,6.445584,8.104916,-9.214886,5.688004,4.6479473
9.283584,9.0445385,7.4530644,-5.9268146,5.867215,7.2913785
8.212401,3.5895813,7.8475966,-8.592221,4.780413,4.8420887
9.022634,3.6453211,9.58509,-8.351431,6.2557883,5.7042055
3.6839173,4.5857964,0.77177006,-6.1298614,-0.35887182,0.9525178
9.828721,7.2623863,6.2303824,-4.7628713,4.1060333,7.130081
4.9114175,5.25291,0.067443654,-3.737288,-0.87899023,3.1751738
7.6934648,4.8870335,7.3794713,-8.457913,4.808225,2.8629084
3.9922478,8.333692,-5.1624107,-3.3100743,-2.7035522,-0.06223923
10.404781,8.948722,7.2255635,-5.567065,5.233899,7.49878
8.752301,3.140101,7.467442,-7.706237,4.0856833,5.0129385
7.347267,2.69324,6.8906436,-7.6513214,3.8898046,4.5938826
10.50027,8.568401,6.82869,-5.4364924,4.82829,7.3283463
4.1927447,8.72433,-5.2830634,-3.6425185,-2.7360559,0.057518795
4.027141,1.7269611,1.4274812,-7.9200277,-0.7000818,0.513674
10.746205,7.1712565,6.550005,-5.306989,4.2674747,7.2864017
3.9069648,6.421272,-6.3387218,-6.2295556,-4.5375314,-2.91211
5.2551403,9.720207,-8.232681,-4.3181186,-5.212419,-0.7897597
4.9967575,9.895018,-7.177462,-3.681396,-4.3343906,-0.0088626295
5.1073217,9.791296,-7.6248565,-4.036295,-4.715719,-0.4203844
4.234263,8.979244,-5.6538005,-4.366452,-3.343243,1.0364889
9.368323,7.796927,5.9705386,-5.6266627,4.167573,7.1819873
4.295538,9.116477,-6.157624,-4.2700286,-3.5401213,0.58011824
5.0329943,10.31551,-6.713799,-5.146648,-3.809107,-0.2964131
8.128924,5.9396367,8.173348,-9.207919,5.5770483,3.095932
4.3292437,8.648251,-8.109816,-5.078381,-5.1778603,-0.5981515
4.051691,9.5223465,-7.3011765,-5.061066,-4.0381517,-2.218431
7.0028887,5.452879,5.853296,-3.5464456,4.2487435,5.763309
9.229928,7.4851313,6.574073,-5.062674,4.555244,5.4724073
5.183167,9.584557,-7.8918986,-3.9192584,-4.9828944,-0.39771193
7.4976454,4.104166,7.6072373,-7.768528,4.9471183,4.7013607
3.2940109,8.214483,-5.8030925,-4.9873214,-3.068329,-0.4522037
5.1560817,9.686509,-7.957929,-4.048613,-4.9977202,-0.5481737
2.604581,5.123795,-4.6684012,-5.662026,-3.413667,-1.77563
3.7034762,6.041955,-5.300251,-5.9143806,-3.8130798,-2.384236
7.8195014,5.3454385,7.39273,-8.902766,4.8150334,2.9976025
3.4732969,6.3185525,-5.4539447,-6.6121726,-3.4290938,-3.717152
4.4065266,8.967953,-5.867089,-4.4389467,-3.512286,0.9611673
4.214567,6.3687644,-6.3282285,-6.6092944,-4.5495887,-3.049698
5.125039,0.98160094,1.634663,-7.609137,-0.9522114,2.0644093
9.131484,7.1630816,6.698067,-5.073501,4.7802835,7.1161785
5.038615,9.822033,-7.6711245,-3.9879754,-4.7328477,-0.47091973
3.336216,6.103415,-5.482822,-6.549674,-3.3995395,-4.0165815
8.151323,6.5450892,8.29036,-9.3830185,5.840076,3.0030603
2.1997356,5.1738677,-4.9086385,-6.115647,-2.9694507,-2.9911938
7.2552977,0.9644856,7.2663665,-8.462268,3.9269912,3.981345
10.670243,8.160681,6.9933696,-5.3941836,4.845187,7.4176555
2.6050832,5.202133,-4.106111,-6.729724,-2.4524512,-2.9851203
5.4943666,4.0302734,6.102804,-6.380059,4.004886,2.958911
10.406834,8.353373,8.436944,-6.485188,6.331516,7.902196
4.7588215,0.41977054,0.557502,-6.87654,-1.833084,1.8872764
7.3311653,3.1032324,7.3769917,-7.877745,4.429971,4.4365916
8.94078,6.0385566,4.995708,-4.670284,3.07434,5.0296793
3.6732378,8.494205,-7.303599,-4.168342,-4.5320563,-0.024098113
6.5193563,4.8379507,6.861631,-8.193643,4.5669675,3.1893554
4.9334526,6.619203,0.3088125,-4.27723,-0.7583952,2.550259
5.1574736,-0.4078936,0.8936116,-6.473865,-1.6297114,2.2263758
6.6958804,4.3700147,7.1800585,-8.404543,4.734328,3.133595
2.757354,2.7958143,-5.2205863,-6.547868,-4.6047883,-2.8230128
9.209218,6.9358335,6.6030073,-4.993217,4.6988206,7.5016446
4.840844,9.701921,-7.8509927,-5.152599,-4.8496284,-0.38884184
7.9207525,6.336396,6.7549086,-4.744902,4.7110524,5.286318
5.383398,5.7101655,2.2616434,-8.341399,0.45074528,0.79686433
7.7026815,6.3766885,7.8586764,-9.069976,5.466871,2.8830936
7.288588,4.172195,7.670035,-7.001663,4.9450374,3.8304331
2.577181,4.9884496,-4.0477877,-6.0596013,-2.6701424,-2.7389169
5.1495347,9.920145,-7.856487,-4.0983157,-4.855646,-0.48148912
2.1082904,6.14728,-4.379539,-6.353782,-2.3831213,-2.822621
4.957422,9.843855,-7.4720006,-3.7817168,-4.563408,-0.28548717
3.4908202,7.847511,-4.474363,-4.474134,-2.438763,-0.071246296
3.5718327,7.119325,-5.493076,-4.456182,-3.1657493,-0.49055463
3.2015147,2.659288,-5.503509,-6.717376,-4.9454618,-2.590307
7.127301,10.171671,0.5589991,-5.841519,-0.03990911,4.421876
4.8837066,9.785738,-7.020836,-3.4636788,-4.2388377,0.079777345
4.1061525,8.779423,-6.1690392,-3.9723437,-3.637843,0.51406527
7.9179,9.113777,7.088379,-5.395408,5.8573704,5.1537695
7.5480747,7.2804723,6.4757037,-5.260987,4.598431,5.3206034
6.133341,7.8962727,1.2881354,-4.5512815,0.13666628,2.793419
3.8917158,8.332298,-7.5646777,-4.2516074,-4.781821,-0.19760591
8.459133,3.3299193,7.8134875,-7.603209,4.426005,5.023223
4.0840836,9.558252,-6.1860137,-4.0396247,-3.2244895,-1.3766494
10.028868,8.0037565,5.9252357,-5.193541,4.028519,7.09743
4.8547935,9.459944,-7.4936976,-3.4394608,-4.6802344,-0.23591208
4.9587245,0.48366836,1.4145702,-7.1020074,-1.1409812,2.108158
4.397879,8.848142,-5.810579,-4.3813806,-3.5139143,0.97709394
3.3361049,8.568938,-4.0775723,-4.2942553,-1.8579648,0.66924036
4.989573,1.4980925,1.9714309,-7.724516,-0.61742526,2.0440226
8.061925,8.458954,5.751405,-5.247693,4.337744,5.6460257
5.5306015,8.765369,-0.7200814,-5.1350923,-1.0808266,3.1620493
9.14151,8.20887,7.0311,-5.0651946,5.0929494,5.4701633
2.9405572,2.4207866,-5.1806884,-6.3651977,-4.7023244,-2.4836328
5.0280848,9.294126,-7.1780753,-3.506373,-4.5279145,0.0516589
3.1970222,2.8814058,-5.5765367,-6.908341,-4.9552646,-2.7256804
3.6332276,2.1326146,1.7493082,-6.6988864,-0.35761482,0.6285499
4.010703,5.7899804,-7.0481486,-6.105056,-5.2656627,-3.320198
2.9712603,5.8192925,-6.2228103,-2.997651,-4.1505837,-0.98710567
2.855272,8.744049,-6.4665713,-7.7285204,-3.1780598,-5.1020794
4.2048573,8.822735,-6.1829624,-3.7994251,-3.3931525,-1.258184
4.292054,8.774742,-6.164328,-3.817264,-3.3940911,-1.1949174
3.4078739,8.531873,-4.0876064,-4.6310987,-1.9446306,0.6989903
3.7899113,6.165792,-6.4174857,-6.0037847,-4.6556487,-2.9767194
4.220838,8.935451,-5.5906825,-4.437922,-3.3210685,1.0954678
3.176161,8.41357,-5.3761563,-4.5873256,-2.8051765,-0.8316218
4.056035,6.794376,-5.949151,-6.5612073,-4.13823,-2.7785683
4.638132,10.035534,-7.4381547,-5.0600057,-4.4415727,-0.117004946
3.4327753,8.166752,-4.7094126,-4.7195477,-2.4918966,-0.31066823
8.811858,5.542671,5.4344044,-5.06622,3.3818293,6.819262
6.673898,4.288318,6.8184953,-8.358344,4.4652967,2.6149971
3.029817,8.037266,-5.561692,-4.199007,-3.0093734,-0.35367262
3.944999,5.646024,-7.083828,-5.9330745,-5.316002,-3.1445823
7.6200933,5.4664426,6.041208,-4.394269,3.9420493,5.2585917
3.2603834,6.743366,-5.1863422,-6.7902694,-2.9619215,-3.9506617
5.073041,9.953377,-6.3818755,-3.9150984,-3.7640204,0.3746295
9.216254,7.023103,6.9253955,-4.330577,4.879924,5.8345003
4.2169266,9.428757,-6.354762,-4.124399,-3.3773043,-1.3986838
4.8458505,0.42201954,1.3537973,-6.9261947,-1.1611961,2.0769122
2.3357923,4.77309,-3.9521737,-6.3254514,-2.3648841,-3.0741522
7.27822,4.244758,6.780295,-7.9931684,4.2611227,2.7533374
7.931505,6.9014726,5.672877,-5.2615247,4.0343394,5.9260406
3.1860516,6.3732476,-5.316963,-6.236756,-3.2521527,-3.6902595
4.1659803,8.982506,-5.616402,-4.0489593,-3.1524837,0.84554154
2.7867668,5.86442,-4.4930444,-5.3422046,-2.671252,-2.378552
8.8813715,7.4769826,6.5806956,-4.82188,4.8628497,7.459077
6.86864,7.0463786,5.090907,-4.603106,3.7635055,5.6399503
9.688069,7.5974383,6.8534884,-5.667057,4.8746996,7.8002152
2.367664,3.9460363,-4.598887,-7.723397,-3.599953,-3.976348
4.890646,9.737151,-7.15181,-3.4947557,-4.3483806,-0.016104296
9.144996,8.631289,6.6620107,-5.7908597,5.155561,7.11299
4.335738,8.471297,-7.4273367,-4.4121327,-4.9953623,0.25894374
7.7762547,5.0743604,7.609325,-8.664389,5.0040226,2.9859695
7.5792994,7.4563317,1.2316272,-4.3248672,-0.26406687,4.8691554
3.372749,6.9813886,-4.636234,-6.6419654,-2.5824566,-2.6843224
4.990837,4.198834,0.9113489,-7.471453,-0.726446,0.53396916
6.2611656,7.650769,1.1888887,-4.616767,0.011538431,2.7697988
6.772989,6.034196,6.717686,-8.219953,4.6352186,3.028516
3.7618754,6.7440634,-5.5373034,-7.387132,-3.3114064,-4.224713
4.3430853,8.578755,-6.0042224,-3.6760333,-3.3455741,-1.0526185
7.6707716,5.2340164,0.4631685,-3.865472,-1.3891473,4.790025
3.3925693,5.9750504,-4.6252728,-3.4582329,-2.671921,-0.34588227
6.5735245,1.8307406,7.4794106,-8.88112,4.6034074,2.2743921
4.0883727,6.1761565,-6.5553737,-6.400702,-4.768636,-3.1657944
2.53635,5.475536,-4.1659865,-6.377243,-2.564098,-2.5109847
6.6255794,6.332857,0.6150757,-4.032165,-0.5232096,3.2097278
2.9041827,2.440771,-5.11651,-6.4213247,-4.6179805,-2.55993
3.364922,5.826526,-5.472811,-6.26831,-3.5429466,-3.748086
9.233878,8.970198,7.3841877,-5.5266175,5.536217,5.6625357
3.165811,6.0614314,-4.3412395,-3.3715458,-2.3797529,-0.380027
4.004109,3.3246412,1.0552075,-5.982715,-0.6442694,1.76825
7.535486,6.8450503,5.4096093,-4.2030377,3.9444973,5.314802
3.1996012,7.119628,-5.996646,-4.234917,-3.7599456,-0.47562724
7.08329,1.196829,7.2065988,-8.465495,3.9244893,3.8900197
3.6199672,5.7699275,-5.9624953,-5.6705375,-4.413259,-2.6393445
3.7784364,5.601772,-6.383144,-5.8449683,-4.7783217,-2.9815793
3.7782261,5.9719925,-6.2323713,-5.966191,-4.5521846,-2.9282024
3.0067716,6.487948,-5.032251,-5.6900697,-2.9593472,-2.6280458
5.1428976,9.955145,-7.395334,-3.9527214,-4.4960594,-0.13499382
2.8017263,4.7204595,-5.2698426,-5.721289,-3.7818244,-2.488688
10.425566,8.9018755,7.2428756,-5.5643945,5.233373,7.507182
2.6987102,3.5668898,-5.4472303,-6.9704595,-4.6352563,-2.9333029
5.0534325,9.75219,-7.5727353,-3.8327224,-4.6741176,-0.28444067
4.1214004,8.030382,-6.145579,-3.8404317,-3.8168023,0.46506974
10.376059,8.107377,7.1154656,-5.3499904,4.929464,7.535214
10.442941,8.469227,7.408637,-5.397638,5.2504725,7.5630198
4.1752796,8.774172,-6.105325,-4.0776176,-3.5860908,0.5748458
2.416377,5.8748336,-4.8959136,-6.788552,-2.8423676,-3.1871774
5.2380776,9.485271,-8.412659,-4.240537,-5.420727,-0.888146
8.400475,2.7608712,6.8738303,-7.4009366,3.5426621,4.851866
7.2850456,0.5483719,6.906429,-8.267599,3.5651708,4.0643525
2.870785,6.72236,-3.302999,-5.9092355,-1.5885938,-1.9018903
5.013336,9.988388,-6.6946626,-3.761686,-3.951468,0.2526986
2.1906264,4.9946694,-2.6933837,-5.2873025,-1.2799387,-1.6316519
7.6949797,3.1678317,7.420404,-7.3709464,4.4715023,4.8175445
8.520734,6.445809,5.965615,-3.931785,4.101072,5.454367
4.882638,9.628008,-7.5634875,-3.6093016,-4.6886296,-0.32669905
3.9972038,5.8096905,-7.2707057,-5.9906335,-5.4350543,-3.2766037
4.036057,6.8160453,-5.884505,-6.5378923,-4.086127,-2.7309232
2.949466,5.258946,-7.496845,-6.2838054,-5.5074778,-3.506028
5.15044,9.506211,-8.212911,-4.081036,-5.2453885,-0.75278836
2.4947076,5.8743052,-4.2620378,-6.787535,-2.3803954,-3.1355264
2.6088576,6.3012094,-3.9699752,-6.621318,-2.066437,-2.374395
10.865808,9.078276,6.9094253,-5.9362607,4.9671903,7.462158
7.1670027,5.5379953,5.9191823,-3.6209056,4.2759004,5.9109163
7.51149,3.5205207,6.7912097,-7.7566333,4.1465545,2.783045
2.905613,2.5541735,-5.1945357,-6.461371,-4.6765685,-2.557818
3.3398173,6.9623294,-5.445578,-4.259485,-3.129041,-0.51349425
5.2741203,9.803235,-8.247658,-4.4386125,-5.2109513,-0.88891983
6.2513943,4.237613,0.02010905,-3.6509528,-1.646337,4.7344484
7.6808844,2.6738472,7.304829,-7.820433,4.2009416,4.7099867
10.545108,7.844778,7.2838445,-5.219209,4.995472,7.5106363
3.5696154,5.505577,-6.710192,-5.4387817,-5.059796,-3.0598946
7.904866,5.8060193,6.439708,-4.4412675,4.440424,5.5667048
8.080842,7.087367,6.0490303,-4.6854105,4.3655,5.7607555
3.3547497,8.328846,-5.9685407,-5.0271153,-3.170585,-0.482557
7.80606,7.370729,0.9341342,-4.517308,-0.5745823,4.7937555
6.9624815,-0.3565921,6.0257473,-7.3964005,2.7722423,3.9986653
7.189704,1.5229547,7.308588,-8.804217,4.0194077,3.8987339
5.0959444,10.010826,-7.1095815,-3.883697,-4.263273,0.020966887
4.383691,4.841344,1.4819478,-6.9135537,-0.06518002,1.7445879
4.88927,9.6566,-7.636583,-4.9723544,-4.726745,-0.15734178
6.593177,2.7175503,8.015217,-9.314421,5.0984197,2.3802295
3.948202,8.375867,-5.128264,-3.3016582,-2.6641374,-0.037661552
8.496641,2.8111646,7.418369,-7.4654784,3.9943526,4.9910936
7.396226,2.0736883,7.794416,-9.096589,4.4728665,4.0107784
9.136544,7.845705,6.875445,-5.3732314,5.136728,7.1343637
4.334594,8.342247,-5.6381793,-3.7923207,-3.0980875,-0.13425857
9.20473,7.2153654,6.9540687,-5.58894,4.9323707,7.362444
10.755952,7.8510594,7.4993134,-5.3960605,5.1355033,7.640162
4.269824,8.054556,-6.381079,-4.04,-3.9758122,0.31540543
4.0787325,5.929754,-7.2278705,-6.2193418,-5.3636603,-3.3205166
2.0986187,4.7353597,-4.6509185,-7.0566764,-3.2236972,-3.3186488
2.6743405,5.7702284,-4.1225424,-5.1731324,-2.400579,-2.163271
6.2824116,5.9074087,0.09031485,-4.1435895,-1.1724974,4.6987963
9.077081,7.7953444,6.526422,-5.0697026,4.610152,5.4000416
8.623504,4.1563134,8.420402,-7.97342,5.0900416,5.0840125
8.000883,9.703602,6.8035035,-5.841081,5.590163,6.144121
3.827571,6.0951,-5.8251085,-6.090796,-4.2062044,-2.7029052
2.4136212,5.41631,-4.1711993,-6.5446296,-2.4444952,-3.0294957
2.1212997,5.149082,-3.8158245,-6.149259,-2.1711493,-2.8237433
6.1593866,6.981325,0.17536612,-4.777574,-0.93580645,4.2967095
5.8284254,5.9162545,0.2142653,-4.1878123,-0.87806064,4.2569146
2.9868639,6.7847943,-4.5409985,-3.4963582,-2.6513124,-0.4162007
4.443809,8.0942,-6.3594775,-3.8415794,-3.7241523,-1.2270513
2.3384452,3.6227767,-4.465176,-6.740841,-3.4627118,-3.072392
3.8610241,7.756265,-4.678491,-4.0121865,-2.4706702,-0.40069354
3.052705,6.467216,-4.668547,-5.8709636,-2.6912525,-2.502075
3.8159587,6.2405005,-5.765157,-7.066271,-3.707897,-3.988533
6.9554205,-0.07875054,6.2928023,-7.5875936,3.0614486,3.8692966
6.5646544,4.9300056,7.4291883,-7.9246373,5.437557,2.5943916
7.1917763,2.6743817,6.9254823,-7.690475,3.981148,4.342807
4.3409634,3.3892894,1.1372237,-7.349959,-0.57861304,1.2198801
5.167898,9.381311,-8.135577,-3.9313521,-5.2309585,-0.5885332
3.2359912,7.694206,-5.572494,-4.312708,-3.0912907,-0.41011506
5.86707,6.133409,0.3295141,-4.1742077,-0.9401298,2.770756
8.382569,7.3715243,6.010165,-4.6886797,4.435945,7.2370577
5.1415606,5.6415257,0.51783204,-3.8311856,-0.46567827,3.2111816
6.500647,2.1113453,5.755565,-5.8106027,3.121165,3.1850185
10.512303,8.829024,7.002765,-5.565557,5.020802,7.4269085
4.105521,7.0391498,-6.4277253,-6.527327,-4.504975,-2.8068602
3.8363163,6.184947,-6.699343,-5.7822404,-4.9243565,-2.8148584
2.3504286,5.477593,-3.7614655,-6.7302,-1.9237943,-3.2435699
4.318056,9.655132,-6.465096,-4.365887,-3.415326,-1.4475603
4.471558,4.3282847,1.5528204,-5.634875,-0.07832591,1.0287592
7.350092,3.5784054,7.4497952,-7.3050275,4.605492,4.8508854
3.1555982,2.3992584,-5.393103,-6.4297533,-4.916368,-2.4360461
5.7727413,2.311555,6.2741475,-6.018911,3.859331,3.0072694
8.899085,5.681564,5.7145104,-4.233933,3.5931172,5.14417
8.091039,5.598294,7.942888,-8.932788,5.3517327,2.9735353
2.6405466,6.0208473,-7.668238,-6.3843417,-5.336002,-3.6965337
3.9182336,6.065834,-6.6722474,-6.1375003,-4.8815637,-3.1772385
8.705323,8.3900795,6.9683166,-5.5373483,5.415709,7.1108727
7.9831104,7.7396293,6.99292,-5.292959,5.3744636,6.050227
3.3727844,7.8923326,-4.7607913,-4.098772,-2.389938,0.09198567
8.438263,7.0211368,5.936954,-4.571667,4.306407,7.1875334
7.6711636,5.771112,7.567537,-8.947003,5.123227,2.858305
4.3429995,8.437488,-7.448257,-4.412987,-5.020286,0.24620605
4.2428546,6.01786,0.55151856,-4.2964344,-0.40109646,3.1453125
5.042555,8.0685,1.24516,-5.267228,0.28303272,2.8517733
2.1596656,6.051122,-3.685415,-6.7852087,-1.6695635,-3.2413735
5.0131116,0.737312,1.7220808,-7.2784886,-0.85739046,2.128192
3.8770711,5.03382,2.1304421,-7.813994,0.5961696,0.5771133
7.3589964,4.7341676,7.930573,-8.278174,5.1696687,4.725503
2.6645157,6.135961,-4.4596534,-5.836858,-2.7817068,-2.2868955
4.865857,9.418257,-7.563507,-3.4636478,-4.743777,-0.28675196
4.332473,9.327389,-5.383582,-4.087394,-2.6997764,0.04230869
4.007066,6.6786847,-6.667935,-6.1868157,-4.786759,-2.8484216
1.8255551,3.6679406,-3.8014936,-6.189594,-2.8017929,-2.7930326
5.842743,7.1100507,0.9332172,-4.15814,-0.25064123,2.7625344
7.6588097,4.9013495,0.43394047,-3.7411675,-1.4634286,4.777649
2.2823384,3.4183207,-4.5558786,-6.722049,-3.9788995,-2.5674124
3.9394772,8.863338,-5.8419213,-3.4564734,-3.1268346,-1.1813407
3.259939,6.85521,-5.107731,-6.9005904,-2.8675177,-3.94003
7.217121,4.3795724,7.0323462,-7.7169633,4.5524836,2.727906
2.842454,2.7254214,-5.222427,-6.578268,-4.6305485,-2.7607725
5.6339827,8.5108185,2.4545357,-5.6934075,1.3223433,3.0432944
2.2296236,5.443872,-3.4363937,-5.45293,-1.722281,-2.0574527
7.857337,8.6003895,6.2378016,-5.7110124,4.8156757,6.1515436
4.1616845,8.941568,-5.4147277,-4.303974,-3.1757455,1.1645651
7.0773363,6.413911,0.942687,-4.923154,-0.46488053,5.092574
3.4034345,8.36009,-4.1685243,-4.155377,-1.9577733,0.65087867
3.2153647,6.9402127,-4.9959464,-6.8618484,-2.7601233,-3.8579469
4.2839813,4.5760884,1.5377697,-6.6219854,-0.024862185,1.7770929
4.174365,9.790679,-6.203652,-4.2459598,-3.1966932,-1.3735662
7.7730107,4.3999,7.1687675,-8.277085,4.5300584,2.8791924
6.0054817,5.162027,6.6993504,-8.302794,4.6895313,2.3546762
2.6720288,5.38423,-4.8927617,-5.7742014,-3.4994318,-1.8905244
5.120056,9.771735,-7.8335147,-4.0414066,-4.8763638,-0.51576096
3.3208983,7.5341115,-5.3404098,-3.9228492,-3.1523964,0.25315604
4.3651333,9.007942,-6.307363,-4.0247617,-3.4545443,-1.2477329
4.26225,8.979825,-5.1080785,-3.82197,-2.5542347,0.17693044
8.60979,8.781429,6.9898715,-5.8212,5.496914,7.1171627
8.237352,10.461596,6.687457,-6.4695168,5.747744,4.951721
5.0729394,9.619218,-7.8905215,-4.0370073,-4.9607706,-0.6378146
8.355697,8.010259,6.574267,-5.2756476,5.052961,6.9834986
5.175112,-0.43484497,0.7175543,-6.357005,-1.7848374,2.2509668
3.7323358,8.271958,-7.338073,-4.1936865,-4.613214,-0.12653488
9.114887,7.951801,6.684026,-5.3288026,5.0110564,7.0777082
10.457189,7.2618423,6.8385243,-5.0433226,4.511159,7.407977
2.852174,3.0127678,-5.395126,-6.7175612,-4.747237,-2.6711035
4.3330965,8.244897,-6.079646,-3.6284142,-3.475343,-1.0895896
8.194369,8.044638,5.7343264,-5.640343,4.153318,6.4809885
3.2814581,6.1900373,-4.697726,-3.4055676,-2.6867864,-0.37209645
7.7483873,8.212858,4.789675,-4.8703184,3.6189706,5.244072
5.317544,4.0718513,1.9261132,-7.546991,-0.09394787,1.0311971
7.711055,1.8037505,8.031816,-9.14745,4.567427,4.1618223
10.034643,7.296082,6.0735083,-4.8803983,3.9572961,7.14258
5.110873,9.725427,-8.022698,-4.042384,-5.037278,-0.6112327
7.3869586,4.829722,-0.028577968,-3.659082,-1.8159018,4.576329
8.033103,3.748077,7.6833377,-7.50112,4.453457,4.8911276
2.7658846,4.8381543,-5.617156,-5.4694734,-4.071227,-2.400983
8.20413,4.864534,9.400897,-8.218656,6.4795413,5.353449
3.0363343,8.390889,-5.9613147,-4.4909987,-3.1132185,-0.3085143
4.320881,9.469807,-4.9993787,-4.001842,-2.3906844,0.2803418
4.139656,8.996999,-5.235996,-3.8473687,-2.650259,0.017238542
7.4940767,2.6561773,7.311146,-7.5909333,4.2330947,4.719593
3.8394845,6.601892,-6.5685325,-6.0490837,-4.7031035,-2.9134026
4.9850035,9.160916,-7.21002,-3.3888783,-4.6003966,0.047236145
6.367778,3.8216903,8.229417,-9.494252,5.55539,2.1934478
2.2437317,5.9652114,-4.863308,-6.9309454,-2.7943344,-3.5452528
2.6470237,5.5650597,-4.5434318,-6.6502137,-2.8064363,-2.7322183
7.3337626,3.7229738,6.577979,-7.7376285,4.0069566,2.712861
4.477556,9.694048,-6.9770393,-4.653509,-4.1719937,0.14759168
3.25736,7.1321793,-4.012689,-3.99228,-2.2514758,0.043487743
4.2711115,7.8726516,-7.361353,-4.0955873,-5.091558,0.24357414
3.4029987,5.1521683,-5.6039724,-6.192121,-3.812289,-3.8328805
4.850148,6.3661227,0.75629985,-4.758301,-0.26353425,3.227715
8.887961,8.496729,6.991997,-5.582044,5.4458942,7.13955
3.752007,8.276314,-7.3642364,-4.2216253,-4.635016,-0.14471196
4.60108,0.169619,0.6769435,-6.4657416,-1.7014151,1.9646151
4.5830965,6.923345,-6.2086244,-7.2113004,-4.350947,-3.058145
8.893235,7.6913395,6.536123,-4.6563864,4.668674,5.1385336
5.5081043,6.5432043,0.71157295,-4.6469607,-0.6678195,3.6504054
3.9469364,10.731239,-6.3391385,-4.8240895,-3.2028618,-0.71583086
3.2959538,7.043361,-4.963992,-7.02041,-2.696175,-3.9505515
4.1466904,9.233128,-5.6043553,-4.497886,-3.2421775,1.1082816
5.1738873,10.193281,-7.642175,-4.213517,-4.623483,-0.38280168
5.242084,10.33898,-6.6273074,-4.2223287,-3.8510294,0.26131755
7.605159,1.3159223,7.533323,-8.922593,4.1007237,4.1481037
4.196647,6.517801,-6.5243397,-6.633457,-4.655473,-3.1940467
8.835462,4.3522496,8.130025,-8.195306,4.8733354,5.067023
9.22487,8.287956,6.7451305,-5.7743793,4.8698463,7.267685
8.565232,3.441475,7.37183,-7.841228,4.0742083,4.950708
6.339962,2.288652,1.0660182,-6.062718,-1.403867,2.7932749
4.33022,8.280036,-7.4275947,-4.3871417,-5.0345907,0.21393791
3.0027895,6.741451,-4.860179,-3.3101165,-2.6374266,-0.4786476
4.0248938,8.698414,-5.9909964,-3.5658312,-3.2716086,-1.242193
6.2677383,2.213682,0.87858623,-6.04089,-1.5970099,2.6715667
7.624873,4.4474835,6.877669,-8.447011,4.271526,2.8842065
4.403069,3.8472552,0.8503874,-5.6758018,-0.738911,1.1303325
4.6925,7.362278,0.59839386,-4.915467,-0.19412826,2.7391884
8.845895,9.824502,6.8217664,-7.4964967,5.452592,5.727559
4.3135443,7.1990533,-4.745095,-2.947506,-3.077513,1.7550738
6.3789363,9.566501,1.1994321,-5.744241,0.54265934,4.452004
5.066288,10.169961,-7.344973,-3.830356,-4.395942,-0.082960784
2.2863896,3.1536865,-4.1531043,-7.1244235,-3.4623346,-3.596246
5.087205,2.1932626,0.8212273,-6.5951595,-1.1479762,1.1266112
2.8878615,6.4605546,-8.010357,-6.7061048,-5.5114737,-3.7865622
7.2733755,2.9658093,6.185989,-7.498592,3.5589063,2.6662216
3.5999997,5.8062377,-5.848867,-5.6387615,-4.323697,-2.5550168
3.4885256,6.4854684,-5.4640937,-6.7131877,-3.372419,-3.8111053
2.9031584,6.4423127,-3.63588,-5.8083797,-1.9080787,-2.0392919
7.296958,4.507743,7.332231,-8.062956,4.644112,4.403224
7.940095,3.2496011,6.9468293,-7.7928786,4.1380854,2.962172
4.130743,8.814327,-5.1019926,-3.6139739,-2.573617,0.12553617
8.072951,8.387783,7.3707066,-5.8672423,5.492643,5.422785
6.8534603,2.218062,6.5629725,-5.9603333,3.778641,3.4805927
7.7913685,3.7251174,7.8879666,-8.099103,4.882506,4.9446387
5.090762,2.5178037,1.8595053,-6.5234046,-0.35330492,2.730627
4.8075085,2.5125592,0.80107576,-6.0286217,-1.1541592,2.0574906
2.8710883,2.5485234,-5.1923575,-6.455274,-4.639569,-2.708929
7.3227367,5.2789083,6.984205,-8.561868,4.616242,2.6531396
8.00471,3.6263325,7.3570113,-7.3202796,4.2068567,4.8112454
4.39911,6.327617,-5.1072063,-2.5738993,-3.5731761,1.7072566
6.358183,1.5205272,6.881516,-8.549247,4.10839,2.145598
3.7655733,8.819611,-7.4034934,-4.2826486,-4.527035,-0.069837525
3.4088826,6.0614905,-5.523145,-6.5764985,-3.4805572,-3.9267015
9.557634,8.932053,7.2063913,-5.806378,5.2555223,5.7196655
6.2654347,4.2863975,6.725713,-8.529426,4.4139695,2.7662778
3.0065126,2.3497381,-5.194139,-6.40439,-4.703361,-2.5709403
3.4834745,6.5511546,-6.7653966,-6.624904,-4.659354,-3.1386604
5.8742523,2.4546819,1.3138466,-5.814709,-1.1395162,2.7083821
6.7379093,1.2748834,6.7566657,-8.31038,3.608609,3.7094564
6.3562603,1.848431,0.8830849,-5.9521422,-1.6486149,2.7634506
4.0747313,8.819951,-5.394839,-4.3548894,-3.186112,1.1439471
4.0929093,8.917725,-6.13912,-3.7550163,-3.3401108,-1.2987008
3.3941686,6.7712464,-5.3470073,-6.9227066,-3.1198556,-4.0106936
3.2023642,9.0719385,-6.0638103,-4.862064,-3.1405134,-0.6777151
3.3670816,6.7857523,-5.312761,-6.8899064,-3.0838387,-3.9903378
3.3076863,4.197336,-6.453215,-4.363942,-5.2426944,-2.6377087
3.6656618,6.096768,-5.176268,-5.8687396,-3.7092159,-2.287471
7.4778037,6.5166116,7.8317523,-8.904375,5.5251026,2.8054843
4.447589,8.126394,-6.269153,-3.9232779,-3.6544569,-1.3117158
2.6993344,5.652842,-5.374073,-5.8426995,-3.57603,-2.4945176
5.392583,9.409738,1.134004,-5.319222,0.69139725,3.0991383
6.312333,3.4303818,1.6122754,-6.49732,-0.7446972,2.7312918
8.253297,4.615397,8.239509,-7.908729,5.0538244,4.9710836
6.477498,5.36292,6.4988933,-8.3048725,4.2024474,4.1666203
4.2146454,8.890628,-5.466152,-4.388776,-3.2529817,1.1474004
2.6243014,2.747302,-5.0560546,-6.4334507,-4.493998,-2.696343
4.44219,9.053119,-5.8532224,-3.7885103,-3.1486747,-0.92505497
7.2468166,3.199209,6.080109,-7.6258836,3.4852278,2.6801543
4.157653,6.9546647,-6.644895,-6.6086097,-4.6833606,-2.9657574
4.0510025,7.8929667,-5.0102115,-4.350828,-2.6922536,-0.4926346
3.2378972,4.000539,-5.230002,-4.989283,-4.1481223,-1.7611427
4.494519,9.760818,-5.1595774,-4.381128,-2.4814136,0.23779103
3.7450984,7.4817863,-5.854221,-4.2624755,-3.6000602,0.20474148
2.9898388,6.3302608,-3.8482466,-5.8430257,-2.1118333,-2.082902
4.0790124,6.8429527,-6.401164,-6.5075154,-4.508986,-2.8665485
6.088868,0.22232985,6.88821,-6.480412,3.8833368,3.0348592
5.2380776,9.485271,-8.412659,-4.240537,-5.420727,-0.888146
7.509763,4.1937127,8.158444,-7.773832,5.3865385,4.955372
4.79874,2.7530234,1.5117493,-6.3468814,-0.66310316,2.3239717
4.9688044,9.822201,-7.369363,-3.5633354,-4.509971,-0.06887424
3.6334941,9.799033,-5.737054,-4.836886,-2.8269134,-0.37250283
3.2367058,6.471045,-5.243915,-6.681641,-3.08755,-3.9387546
8.894376,8.059304,6.49954,-5.256489,4.695827,7.0951047
6.9287663,1.4137826,7.072571,-8.528375,3.8835802,3.7216225
3.8755267,6.234917,-6.1401873,-6.178185,-4.4186764,-2.85294
6.47416,3.4943552,1.5756944,-6.801219,-0.8793922,2.6231189
8.670799,6.859965,5.699307,-5.3417816,3.913257,6.9396987
10.262897,7.616649,6.684113,-5.040128,4.497627,7.3244934
7.648613,0.8834556,7.4394307,-8.693291,3.993478,4.1866813
2.8746502,4.65496,-5.5898213,-5.5086956,-4.1205444,-2.3240225
10.707564,7.9217153,7.606294,-5.4282155,5.2408214,7.65728
7.7027025,2.9040504,6.8308797,-7.103698,3.6290705,4.7259073
8.54902,8.46111,6.4110956,-5.0062513,5.001367,7.3943005
3.1895506,3.073512,-5.6525416,-7.0418625,-4.977047,-2.7842407
2.8418257,8.160066,-5.739741,-4.27013,-2.9682086,-0.20015144
2.905613,2.5541735,-5.1945357,-6.461371,-4.6765685,-2.557818
2.9853344,7.146683,-4.513577,-3.5430536,-2.250306,-0.4378531
4.255055,8.337903,-7.319675,-4.2497306,-4.942765,0.29485786
3.2659912,5.5287805,-4.3316956,-7.1110473,-2.7137396,-3.4338403
9.3287,7.794625,6.8924155,-5.146757,4.898861,6.1252127
6.810305,7.9803023,1.3259257,-5.2318635,-0.07276459,5.2393627
4.57181,6.3641353,1.5945169,-6.7846017,0.33423245,0.88921726
4.4012785,9.51128,-5.3117414,-4.0408993,-2.6352177,0.16669536
5.5756636,1.9561161,5.9922514,-5.780533,3.5847738,2.9442291
7.121702,3.8551176,7.4085164,-7.9597673,4.5657425,4.5766697
7.8331056,6.4759502,0.65480155,-4.308274,-1.0027641,4.83531
4.237126,7.0535545,-6.7883906,-6.6941557,-4.7870803,-3.0043058
10.271964,7.9588695,6.887131,-5.1805944,4.735247,7.4146247
3.306183,6.20365,-5.4336286,-6.486583,-3.346523,-3.9320269
8.907577,7.223166,6.239083,-5.0739684,4.513081,6.9688587
2.8571565,5.8888507,-4.8561635,-5.312005,-2.952607,-2.4378924
3.028095,5.793987,-6.089332,-6.188721,-4.1251097,-2.8326206
5.0542574,9.992992,-7.471119,-3.8895493,-4.5290823,-0.22240186
4.096142,8.70005,-5.6337123,-3.9700494,-3.2438455,0.8225541
9.108695,7.141392,6.3246975,-5.055987,4.351955,7.209585
9.253613,3.4628444,8.522081,-8.079116,4.949122,5.293188
11.058236,9.097821,7.4485645,-5.9518437,5.390307,7.5704594
3.9983418,5.713199,2.422303,-7.7859263,0.85002,1.2726555
5.9749756,3.385307,6.277739,-7.455045,3.9477704,2.836029
3.0722494,6.9695635,-4.6160607,-3.581541,-2.6556478,-0.40331644
9.1476,8.243783,6.9641576,-5.24812,5.029238,6.0953226
7.364862,5.3613696,7.9725814,-8.104599,5.452649,4.7057195
8.0456505,7.939133,7.510402,-5.4911027,5.7830634,5.6537037
4.1206293,6.738261,-5.2723107,-6.6299863,-3.637337,-2.435008
3.7462113,9.514441,-5.8582225,-4.0682173,-3.1126752,-0.3530224
2.9985282,2.2392797,-5.1846347,-6.188679,-4.7705307,-2.366158
8.839428,8.262468,6.253265,-5.8346663,4.4674125,7.1196747
6.364819,8.831108,0.6720344,-5.4049716,-0.10860045,4.275283
4.996524,9.425766,-7.490149,-3.536534,-4.718359,-0.14302933
5.292315,10.133598,-7.8785686,-4.389114,-4.830114,-0.5293198
3.467984,6.5070047,-5.4480977,-6.8499703,-3.3051898,-3.952808
10.41841,7.70293,6.844072,-5.1690745,4.623437,7.430523
7.65354,4.9573565,0.5314416,-3.7504065,-1.3538522,4.8638973
5.010907,-0.14269182,0.6157818,-6.484909,-1.8386734,2.1110692
9.713866,8.201389,7.7435427,-5.4174733,5.5859942,5.748597
10.054578,7.946668,6.983745,-5.0803084,4.833778,7.394696
9.519324,8.795803,7.0675807,-6.3866982,5.3278747,7.451395
7.39303,5.2320504,7.133903,-8.404529,4.6687818,2.8043213
9.064741,7.293946,6.59921,-4.5906224,4.6269345,5.850547
2.6956644,3.0238452,-5.2368846,-6.6059146,-4.550235,-2.9552736
4.4016666,8.499629,-6.145645,-3.7960696,-3.4719903,-1.1142004
4.923436,9.49365,-7.2524605,-3.443267,-4.506267,-0.02834785
3.9069648,6.421272,-6.3387218,-6.2295556,-4.5375314,-2.91211
3.587292,5.543135,-6.5451055,-5.469835,-4.924558,-2.8687563
10.884708,8.4473295,7.3576956,-5.6926217,5.158216,7.6302805
7.614619,4.3992486,8.003217,-8.259441,5.139953,4.853136
3.051483,2.5881271,-5.306718,-6.644958,-4.7434025,-2.6480849
6.9404325,1.6414045,7.2215266,-8.642998,4.0031877,3.7812142
3.185898,2.5313783,-5.4083996,-6.654074,-4.874989,-2.5801861
5.0653095,9.996061,-7.1192126,-3.926905,-4.2732306,-0.051562518
3.2929323,6.343247,-5.3001494,-6.628039,-3.2119186,-3.850502
3.6492608,5.9077926,-6.798122,-5.499972,-5.0482907,-2.9762588
5.3618045,0.083055384,1.1462938,-6.924956,-1.4434867,2.1990905
2.9775712,5.6216316,-7.7655077,-6.5852466,-5.569527,-3.7064247
2.7502384,4.6824746,-3.975607,-6.718028,-2.433727,-3.0618215
7.629038,5.8473086,1.0333611,-3.8784723,-0.7562687,4.9263067
5.2152452,9.841913,-7.663133,-4.0343437,-4.7365613,-0.27013853
6.02962,1.8191485,0.9756209,-5.52231,-1.4709558,2.8098738
8.540482,2.879776,7.8721223,-7.4053445,4.410146,5.0533166
5.0324993,9.8015785,-7.16635,-3.826848,-4.3590846,-0.0929043
7.3452616,1.0093032,7.34646,-8.53315,3.976074,4.036164
4.904724,3.186851,0.97176677,-6.9159493,-0.9100228,1.0324628
4.8840313,2.4194958,1.1567405,-5.8397202,-0.8665331,2.2422621
10.563256,9.087096,7.254844,-5.701302,5.270498,7.543648
7.1992908,5.1426687,6.6420445,-8.612338,4.313032,2.597238
3.1391897,4.43288,-6.4080663,-5.528105,-5.168663,-2.5016599
9.153737,8.707728,7.7593493,-7.693172,5.912356,6.3840065
8.506863,10.670904,7.2085333,-6.5592203,6.18395,5.1304026
9.401664,8.906796,7.4791465,-5.4410567,5.5486255,5.553957
3.3705647,8.539953,-4.1971383,-4.3704534,-1.9537779,0.6132639
2.6366646,2.7089965,-5.1377945,-6.2399073,-4.6150036,-2.5663252
5.9429045,2.2059634,0.70300204,-5.5343776,-1.5999109,2.739099
2.5995758,7.1475453,-4.7632318,-3.4715433,-2.5894418,-0.64820415
6.3928056,5.9365306,7.207438,-9.235051,5.184502,2.605188
4.86625,-0.120187394,0.70605916,-6.4432793,-1.7416047,2.1040726
7.885949,7.925233,7.133289,-5.282128,5.479138,5.415865
8.344657,2.999441,7.2287707,-7.476522,3.8833973,4.930645
4.172373,8.962769,-5.6329784,-4.052281,-3.1689703,0.8361494
6.376406,3.4203806,7.9472823,-9.499009,5.1962667,2.2106934
5.156514,0.41032106,1.0711633,-7.02132,-1.4783158,2.11729
5.0712285,9.533924,-8.000484,-3.927245,-5.063624,-0.6100691
7.8727894,7.83582,6.739524,-5.135944,5.131258,6.2165833
2.9652495,2.5161898,-5.2147126,-6.494496,-4.701176,-2.559994
6.9424067,0.18791825,6.177757,-7.754137,2.953511,3.9595938
3.0224116,5.5387,1.4764777,-6.1076207,0.37044543,0.8408118
3.8938134,6.411494,-6.820225,-5.9835515,-4.9542556,-2.9644015
4.158,6.6934266,-6.0367217,-6.664311,-4.2455397,-2.7639873
6.726879,0.8547035,6.5756536,-8.039144,3.4415128,3.6585374
5.03589,9.7597,-7.807054,-3.898314,-4.851498,-0.46827167
7.0627794,6.3909564,5.834162,-3.6757236,4.3981366,5.834489
7.1503043,3.6545787,6.8474555,-7.5085206,4.086881,4.486455
8.186231,4.423419,7.9785237,-7.7657223,4.8252482,4.9015527
4.3201575,10.023335,-6.38485,-4.447009,-3.2648242,-1.4167454
4.1592164,8.516391,-5.729056,-3.3757439,-3.1482604,-0.9832024
2.9281068,4.64718,-4.892673,-5.252213,-3.755153,-1.7664688
7.516919,6.784127,6.773005,-4.5162616,5.1124434,5.7441707
10.453414,8.565928,6.6148067,-5.5303464,4.655939,7.362669
6.8882523,8.984856,1.6104468,-5.5982566,0.69109905,4.7178574
4.740494,4.816201,1.5040041,-6.9746614,-0.20374228,2.380734
5.277687,0.127307,0.85544276,-7.107104,-1.6938978,2.0857675
2.4220774,5.5420766,-4.2097363,-6.5875287,-2.4150298,-3.1269317
2.7311792,5.611469,-5.0004497,-7.272926,-3.0944927,-3.6177552
4.9157143,9.117147,0.43580776,-5.822045,0.013121858,2.989606
6.201403,5.5971136,7.1918383,-8.730132,5.2135983,2.583496
4.080986,8.93862,-6.122618,-3.7405062,-3.3243573,-1.2931225
10.304216,7.9568343,6.7602296,-5.1812806,4.6344686,7.37541
4.609726,10.487427,-7.2093873,-5.225805,-4.163692,0.050914798
5.728422,4.1732736,5.8485265,-7.689001,3.7220628,2.8002741
2.188165,3.9635954,-4.524828,-6.7492795,-3.3893747,-3.169248
8.993686,3.5978916,8.223279,-8.063494,4.7665343,5.1522694
3.824239,5.9752803,-6.767877,-5.9405603,-4.9908776,-3.0806623
4.2245035,9.596643,-6.1996846,-4.023632,-3.231612,-1.2982183
11.0123,9.987339,7.5985475,-6.2954836,5.7033157,7.670241
4.9107094,0.63818175,1.4525285,-7.0713253,-1.0815778,2.0712013
6.8991947,0.0386293,6.0687795,-7.6739526,2.8720672,3.9066439
2.782319,5.7920403,-4.707379,-5.7719016,-3.122423,-2.238762
7.402275,4.620356,7.2890625,-7.9810624,4.787082,2.755494
9.4293165,8.542896,6.3576417,-5.7460036,4.613438,7.3375406
3.6252072,5.1095214,-6.9257874,-5.380824,-5.3271656,-3.1911721
10.591855,9.40139,7.117537,-5.869,5.233834,7.5115786
7.9422994,4.550987,7.8508687,-7.529042,5.00319,5.370165
2.3628983,6.2207956,-3.717441,-6.1182566,-1.8508227,-2.219399
2.9172733,5.8925176,-4.710032,-5.603922,-2.8391078,-2.60029
11.024776,9.079525,8.030353,-5.9409866,5.8176064,7.807948
7.1267004,6.9753203,6.3080134,-4.836761,4.4979243,5.02841
4.0064125,6.7087064,-6.1414685,-6.418595,-4.33056,-2.759662
3.6665142,6.536176,-5.608193,-6.9969807,-3.486385,-3.9086585
2.6092265,6.505257,-3.6535954,-6.5636363,-1.8186551,-2.0780668
3.0727916,5.2858195,-5.207583,-5.6518135,-3.8324852,-1.9129395
3.2514455,6.1203284,-5.359169,-6.2989326,-3.3464773,-3.740696
9.789527,7.7013683,6.0163074,-4.924082,4.05103,7.0574636
4.266485,9.161789,-6.270824,-4.263203,-3.6243339,0.52213454
2.9114735,6.9169717,-4.1111193,-5.8093038,-2.136039,-2.2693017
2.7456589,5.298097,-5.4950256,-5.783629,-3.7784941,-2.5828333
6.9589815,0.76428217,6.8052263,-8.126678,3.550614,3.896093
7.5224204,0.62998664,7.3403964,-8.441226,3.9219835,4.1271334
3.1377196,6.2153,-5.304315,-6.1876817,-3.2411208,-3.7756934
7.560295,5.797729,7.7136455,-8.807519,5.3025603,2.8288112
6.5762815,4.6900535,6.5675945,-7.4472156,4.3355308,2.9631348
4.141491,9.0097885,-6.12581,-4.0254273,-3.5479333,0.5557219
2.9545493,8.51841,-4.9656644,-3.5721936,-2.5002499,0.21844137
8.82248,7.692891,6.379024,-4.8861613,4.513968,5.896607
3.2776396,7.145239,-5.0139766,-7.0046077,-2.7110999,-3.9309292
3.9181867,6.091515,-7.0504346,-6.0421305,-5.1841187,-3.216855
4.666013,0.26727548,0.59871376,-6.612437,-1.7833233,1.9435472
8.657624,7.551313,5.2835965,-5.1037154,3.6095319,5.0799494
4.0282125,8.7833805,-5.246424,-4.328586,-3.092778,1.2142112
5.9445553,4.497179,7.1081033,-6.835467,4.9880834,3.33745
4.290941,8.555815,-7.010805,-5.043928,-4.4636893,-0.27530676
10.465524,8.225376,6.960354,-5.265367,4.854008,7.3524494
4.905301,6.094485,1.5925595,-8.2497225,0.12782602,0.41379642
6.2503924,7.6075616,0.6840352,-4.919188,-0.23568986,4.394494
3.2204092,7.0750823,-4.865337,-6.9447713,-2.600293,-3.8838227
3.0337846,6.2453885,-5.0543647,-6.3058486,-2.9942753,-3.7350335
7.7684507,9.6934185,6.646327,-6.4577355,5.2821383,4.7803617
8.138389,2.9546168,7.488321,-7.1201053,4.1807036,4.8946495
4.420661,6.340044,1.3958874,-6.59229,0.19653226,0.7948749
2.2340753,5.8575997,-4.2971625,-6.326219,-2.4604435,-2.679593
3.9306405,9.418361,-7.0374136,-5.1360226,-4.2567587,-0.37166417
7.492112,6.7060065,7.981507,-9.005291,5.7043943,2.8307042
5.0187297,6.602884,1.9944004,-7.828525,0.5678208,2.3184927
2.7807057,2.7986903,-5.2386775,-6.565556,-4.6188564,-2.8309386
4.947748,3.9414916,1.8029242,-6.5958934,-0.06644954,2.191734
10.339821,9.4805765,7.1954865,-5.7592573,5.3426604,7.4877224
3.4285378,5.963852,-4.704948,-7.533655,-2.900107,-3.7248898
2.2252123,5.5019603,-3.7263222,-6.893235,-1.8461082,-3.0305958
3.294626,6.006458,-5.3606496,-5.9363694,-3.3553264,-2.7456892
4.1847076,6.7676563,-6.8842473,-6.6731124,-4.873671,-3.3000088
2.9337327,5.567076,-5.972938,-5.9525642,-4.110023,-2.6747835
9.204204,8.113262,6.522157,-5.350937,4.617574,5.465649
3.218022,2.6478279,-5.505263,-6.7269435,-4.949373,-2.5887024
6.451835,6.179399,7.175184,-9.17493,5.1451097,3.0699933
7.795182,5.475117,7.6067414,-8.905292,5.0686054,2.9351454
2.4589427,2.808598,-4.266611,-7.097526,-3.5650008,-3.5996037
5.090192,-0.05092611,0.5976922,-6.7333164,-1.8771964,2.0772564
2.2781405,5.140285,-4.089079,-5.9188323,-2.5400784,-2.9747736
8.691207,7.828894,5.783248,-4.9912667,4.0706577,5.1399064
1.9995785,3.6215334,-4.3755493,-7.1733966,-3.364968,-3.9783635
3.5696929,4.539448,1.165363,-7.9456134,-0.1220548,0.450611
3.63649,6.226414,-6.324932,-5.7223206,-4.5926137,-2.8159785
4.03323,6.3467755,-7.018219,-6.285732,-5.1001277,-3.179757
3.9297135,6.797848,-6.1168504,-6.351462,-4.2734866,-2.8206692
3.8696368,6.724878,-6.459163,-6.212995,-4.5568337,-2.9860005
4.9577274,9.871582,-7.305692,-3.5450215,-4.448771,-0.027414918
7.169671,0.1749112,6.597944,-7.881122,3.2693336,4.086139
6.42712,0.8690967,5.9010196,-7.935432,2.9368365,3.4362915
4.7407846,7.742314,-4.9928217,-3.6647706,-3.1922681,1.4494743
6.9778366,3.8930724,7.344175,-7.2688274,4.69251,4.595164
8.086882,3.240252,7.7670865,-8.38862,4.650822,4.7980742
6.217933,1.8354533,7.139961,-8.61122,4.3577976,2.105946
8.772914,8.267117,7.004738,-5.4942613,5.4072547,7.1425066
6.6272907,6.2696214,0.42589843,-4.2477026,-0.9840189,5.331767
8.575875,4.25365,7.602917,-7.9180593,4.450893,4.903578
8.815326,7.656092,6.4159985,-4.5145373,4.5925355,5.6466303
4.78529,3.672515,1.5403799,-7.098411,-0.38387817,1.0057294
4.9070706,9.571846,-6.608598,-3.5505085,-3.9953043,0.23611116
2.8123863,5.4499393,-4.9535165,-5.1429973,-3.1086643,-2.5274482
5.0812607,4.1824718,2.0247016,-6.6220737,0.16327135,2.2960527
3.7025228,4.537436,1.9579519,-7.459986,0.36708868,0.46389022
2.7939818,7.298759,-4.7464232,-3.6197472,-2.636076,-0.5733488
2.950765,6.2244744,-4.977641,-6.1701503,-2.895546,-3.7573116
4.1615267,9.095442,-5.515307,-4.3544507,-3.2018864,1.1289525
4.0883427,9.479781,-5.520809,-4.630713,-3.1382887,1.1756351
9.080367,9.03653,7.28207,-5.987598,5.7694507,7.2405405
3.4912717,6.644566,-5.417231,-6.860964,-3.278382,-3.853918
3.7206786,5.810534,-5.7529006,-5.8645744,-4.2333975,-2.57025
4.195153,9.557167,-4.674949,-4.0547557,-2.125791,0.3671061
4.5309935,9.2716465,-6.024257,-4.7323146,-3.5841725,0.98357826
3.1997166,6.804171,-5.095718,-6.726459,-2.8708441,-3.884369
4.3680496,9.195625,-4.998512,-4.0148244,-2.4489796,0.27354652
4.165205,9.203173,-5.6707397,-4.5250826,-3.300441,1.0679536
2.8648283,5.1121507,-4.931931,-5.5771923,-3.6409957,-1.8237376
1.9586505,5.568379,-4.3991084,-6.1644216,-2.5371892,-3.299059
7.871436,7.032294,6.109889,-5.406021,4.340814,5.4469028
8.8951645,8.440596,7.003012,-5.571981,5.438778,7.149618
2.0554173,5.308225,-4.032876,-4.7467027,-2.2835376,-2.0038018
2.7042844,7.1454487,-4.849912,-3.5761933,-2.7115076,-0.65886503
4.164572,9.017434,-5.582162,-4.3709984,-3.267174,1.0802598
2.5575068,5.06616,-4.925756,-5.6703763,-3.3816001,-2.3085973
7.5725307,4.560098,7.982617,-8.126917,5.154498,4.9883785
2.138013,3.9373567,-4.455258,-7.4895434,-3.4331262,-3.9409113
8.312553,7.750051,7.8229795,-5.598253,5.887408,5.8766947
2.8049374,2.67568,-5.1620774,-6.4991984,-4.6117353,-2.5978794
7.2438426,4.6100364,7.5369563,-7.9817166,4.9423814,4.573166
4.0159326,8.938185,-6.0075793,-4.329838,-3.350397,-0.62113756
7.4958544,0.77767354,7.2234836,-8.569392,3.8471506,4.088196
3.5655136,5.7394795,-5.840341,-6.2210007,-4.0800524,-2.8434925
2.716353,5.3357563,-7.4722,-6.157378,-5.398454,-3.5458288
2.3924663,2.8333797,-4.0192485,-6.2241445,-3.348008,-2.6208434
2.8329651,6.0640645,-4.834452,-5.35542,-2.8915064,-2.4851398
2.7645094,7.1884646,-4.945473,-3.6155105,-2.7601798,-0.67307156
3.0436947,2.47963,-5.2561793,-6.535848,-4.742679,-2.5675392
2.8100588,6.367907,-4.73824,-6.1455007,-2.6105566,-3.7422898
3.9260237,9.644168,-6.7843065,-5.2321873,-4.0259395,-0.23337632
8.775071,8.047593,7.139512,-5.3709083,5.4469786,7.146293
7.771681,8.408183,7.14704,-5.498024,5.6893125,5.3777895
5.743035,2.0013216,6.0598073,-5.620168,3.629635,3.2273622
3.7237527,9.500738,-5.595146,-5.2460775,-2.767986,-0.29992446
4.3195486,9.366731,-6.340839,-4.1482735,-3.3857331,-1.3341203
2.0041373,8.147993,-5.8807364,-6.6789927,-2.7508402,-4.7983503
5.0951676,9.605083,-7.7378445,-4.0796213,-4.8514957,-0.5893588
6.835743,8.164317,1.3580436,-5.217383,0.33630145,4.6707973
6.2366514,5.417074,6.726765,-8.677386,4.676687,2.4814637
5.294571,9.386364,1.6279633,-6.117913,0.81591713,2.6265316
4.772279,8.650205,-6.8064322,-4.311582,-4.3136115,-0.05769871
9.466519,7.731811,7.01117,-5.9561496,5.0567503,7.530056
3.2650714,6.775767,-6.1031823,-7.5028105,-4.105438,-2.6955905
3.923041,9.685217,-7.179629,-5.203992,-4.282218,-0.42146116
6.443563,5.868272,7.4825034,-9.052264,5.4240165,2.6503468
2.7202942,7.184183,-4.779079,-3.490232,-2.6299856,-0.6294397
8.313232,9.952988,7.5073237,-5.9809737,6.2941527,5.3034225
7.498372,0.5155402,7.1937456,-8.37615,3.8053358,4.0975637
3.8555763,5.72362,-6.6835093,-5.9416823,-4.9871955,-3.12142
6.254052,4.340513,6.718987,-8.550296,4.420736,2.7618933
10.425464,8.356343,6.83953,-5.5161147,4.7895093,7.428068
3.8367717,9.226488,-6.865029,-4.866062,-4.163626,-0.28220868
2.5349996,3.3834634,-4.6653476,-7.579614,-3.64471,-4.0434427
3.3374197,8.3467655,-3.9824226,-4.2120442,-1.8499712,0.7139655
3.1400092,2.309527,-5.3497114,-6.3947754,-4.8794384,-2.4509645
8.492593,7.402943,7.4933734,-5.39811,5.401294,6.034986
3.8672662,1.8941417,1.3589486,-7.896399,-0.71071786,0.41886067
7.3449388,0.78427196,7.258883,-8.421033,3.8958223,4.0237927
4.1989055,3.041903,1.1972193,-5.706503,-0.63557756,1.3268495
3.990153,8.999427,-6.056153,-3.7160373,-3.26054,-1.307775
5.383569,9.896265,-8.3804455,-4.573882,-5.2977033,-0.89138037
5.343197,9.704281,-8.434218,-4.4825244,-5.385351,-0.9285956
6.371559,8.271514,1.0809463,-5.158983,0.20068528,4.4798408
8.293572,6.4148498,7.2685113,-4.8888755,5.1111937,5.4745684
5.3606863,9.288166,1.170673,-5.211942,0.7110637,3.0929806
10.719254,8.214537,7.0368323,-5.7381573,4.861097,7.565286
7.538514,5.1065536,0.4005853,-3.714534,-1.430014,4.736689
5.046932,8.95192,-7.5518775,-3.5109024,-4.913194,-0.18691665
4.0122476,6.3030286,-6.415391,-6.3315864,-4.639071,-2.8860586
2.8109553,7.614865,-5.347137,-3.9617777,-2.943111,-0.80664116
4.250865,8.020394,-7.3685555,-4.166406,-5.0620914,0.2746806
3.0461357,8.363665,-5.880199,-4.6669564,-3.0695379,-0.32802063
7.683891,7.1015058,0.96635205,-5.608936,-0.7646672,5.1376095
8.801734,7.5738454,6.512399,-4.8970027,4.8427196,7.420423
10.352721,7.426685,7.037106,-5.083611,4.7190523,7.4448996
5.7418556,7.133332,1.2061003,-4.860265,-0.032145217,2.9687352
4.431221,8.976839,-6.285133,-4.119986,-3.4431412,-1.2902362
7.582961,5.0171776,0.4881531,-3.7200732,-1.3757777,4.816106
7.9373436,7.4494596,6.387178,-5.1836514,4.7448354,5.3867464
5.965519,7.7084727,1.2809303,-5.3297925,-0.087889805,3.7939496
5.217616,9.4852295,-8.376394,-4.2061977,-5.3889422,-0.8648525
5.250101,9.933378,-8.122694,-4.3512893,-5.068585,-0.71610993
4.1421814,8.464929,-5.536231,-3.917763,-3.2031145,0.829067
4.179445,8.808695,-7.0284896,-4.236549,-4.598091,0.45811874
7.879708,4.34642,7.885768,-8.536378,4.9706235,4.8960705
7.426794,1.1957151,7.324122,-8.791812,3.9636176,4.0426593
9.070142,7.7421336,6.684647,-5.2309623,4.953927,7.0736938
2.2669575,3.9437423,-4.6055717,-7.6210275,-3.5614862,-4.026148
4.874646,9.853211,-6.861075,-3.426547,-4.103506,0.1955402
4.95539,9.417587,-7.835463,-3.7847114,-4.9586525,-0.5722502
8.096352,5.939627,0.9268486,-4.236289,-0.8969274,4.8526297
3.1985707,3.044337,-5.6561685,-7.0020165,-4.9934244,-2.7046175
7.5137057,7.0384355,5.9747605,-5.1680007,4.3381906,5.147026
8.689517,3.9745922,7.873929,-7.8648276,4.6258416,5.0161953
4.684845,10.3480835,-7.615862,-5.408299,-4.4958253,-0.28688782
3.9656072,6.455356,-6.799727,-6.2028093,-4.913567,-3.0107222
3.9216664,6.203872,-6.261417,-6.2312827,-4.519628,-2.946599
8.153094,8.262795,7.216044,-5.36643,5.5837803,6.322585
3.1725826,7.048309,-5.651074,-3.568655,-3.5007296,0.089037105
10.732657,7.8857923,7.649469,-5.4928365,5.267636,7.632218
2.375445,4.546122,-4.86692,-7.318616,-3.5252326,-3.4349399
4.10686,8.713437,-7.688276,-4.590032,-4.8204474,-0.2326436
5.26978,9.814329,-7.7696843,-4.069012,-4.835087,-0.29235783
3.1981146,4.969231,-5.0775023,-5.437443,-3.866444,-1.7416205
2.9055266,6.844692,-6.5281672,-3.4499578,-4.1286907,-1.0704198
7.6904364,5.1274414,7.579217,-8.495281,5.052084,2.8203702
7.143719,4.450493,6.739967,-7.9306397,4.3092756,2.6131263
7.343938,4.5416126,7.75911,-7.3792167,5.0259404,3.894393
6.397743,0.41050708,5.7324343,-7.6004424,2.7198083,3.5638478
2.282852,6.527921,-4.7295003,-6.802843,-2.55506,-2.9764075
5.4522867,1.8233066,2.04521,-6.415609,-0.36108625,2.9791183
4.2197857,8.135441,-6.295151,-3.9982533,-3.9030778,0.41874385
4.3073907,9.464266,-4.9549556,-3.976201,-2.3589985,0.30217654
4.5718126,2.1012094,1.6811286,-7.9285016,-0.74574196,1.7267454
3.9033096,10.145309,-5.9106793,-5.7605186,-2.8927348,-0.34892872
8.982706,7.1284523,6.282005,-4.435944,4.388366,5.6569724
7.885542,3.9883645,7.8357816,-7.223036,4.8922305,5.329909
5.75033,3.096501,6.8934255,-9.008571,4.4370923,1.7122238
9.028657,6.032661,5.825848,-4.5532064,3.7864182,7.4946423
4.172489,8.688779,-5.2743287,-3.990717,-2.9584246,1.0130723
10.046947,8.284994,6.1247935,-5.331803,4.24718,7.1886024
7.6663632,1.5714648,7.8875294,-8.985182,4.4334884,4.1473184
3.419051,7.988852,-5.71108,-4.7261515,-3.293728,-0.33275503
9.951044,8.085224,6.185118,-5.216155,4.264511,7.1649866
2.1447253,5.1083217,-4.0581183,-4.6852374,-2.3945374,-1.947609
6.431511,5.761859,0.61351544,-4.4015007,-0.76602495,4.9436436
3.5088193,7.2861753,-5.751411,-6.944671,-3.5797389,-3.0344715
6.331231,3.9521856,1.8673335,-6.6741605,-0.42681324,2.6806831
4.2051697,9.4495735,-6.3414097,-4.1099267,-3.36284,-1.393707
8.838701,7.6075644,6.3468065,-4.5089703,4.52551,5.619148
4.32081,8.459186,-6.1699147,-3.8132424,-3.4781654,-1.2497008
9.548249,9.089666,7.0994325,-5.9186573,5.239923,5.6487083
5.924837,4.6872706,7.275274,-6.8529615,5.236046,3.2126496
2.7822704,7.6603026,-5.177838,-3.895864,-2.8066154,-0.72294146
2.3711398,5.685681,-4.815558,-6.5187116,-3.0747352,-3.407258
2.439999,5.4437947,-7.309792,-5.7473025,-5.2511716,-3.3743944
6.227455,0.41063052,7.370768,-6.524999,4.2959847,3.1577642
6.353673,4.965059,7.1694303,-8.694295,4.950136,2.6491065
2.5468147,7.8458533,-5.1779456,-4.0189996,-2.6123922,0.09300738
7.6848793,6.7596154,0.68306094,-4.2999554,-0.9001297,4.798601
2.846183,8.156991,-5.6613355,-4.1602726,-2.9952157,-0.48618996
10.148606,7.780831,6.9119687,-5.058169,4.7271333,7.382533
7.679185,6.8491654,5.4737544,-4.7934947,3.852074,5.518404
6.691736,4.601944,7.845041,-7.99029,5.4103556,3.1412153
7.65683,3.9072802,6.867257,-8.175448,4.1894765,2.9395971
4.4908304,0.42599326,0.96606237,-6.705192,-1.4381562,1.943805
10.085996,8.623284,6.8807206,-5.383528,4.9154897,7.3894353
9.324094,4.106892,8.862059,-8.332773,5.361857,5.3162203
3.7580945,6.017575,-6.583982,-5.7345405,-4.861274,-2.806325
3.4558642,5.29259,0.6507062,-6.2470765,-0.21114497,0.83528966
2.8105013,5.43914,-5.018872,-5.6850963,-3.595227,-1.9175367
7.2736464,1.650434,7.4191833,-8.900912,4.090519,3.9737988
4.1200476,7.102402,-4.9680076,-6.7253976,-3.321789,-2.2796617
3.2993362,7.921456,-4.0140553,-4.2909865,-2.0704381,0.0037854016
5.2535725,10.363207,-7.030872,-4.2556877,-4.1355495,0.024069354
3.4105601,7.0552506,-4.292512,-3.7115734,-2.4818919,-0.09395006
2.8710883,2.5485234,-5.1923575,-6.455274,-4.639569,-2.708929
3.311517,5.978212,-3.7980323,-6.8347635,-2.2926476,-2.575483
7.680835,8.576802,7.1448627,-5.7821364,5.4000583,5.0647087
7.356174,5.6749463,8.002583,-8.269282,5.5641904,4.683793
7.1826696,6.4449115,7.7099886,-9.503537,5.435553,3.0018332
9.665616,8.868069,7.355123,-5.9029675,5.360905,5.7987742
2.7658165,6.9007497,-4.6056805,-3.454629,-2.6374173,-0.5518925
2.264414,5.6478834,-3.8531036,-6.643104,-1.960886,-3.2166336
4.3159904,8.99764,-5.767957,-4.404544,-3.4271362,0.99371487
1.9479904,5.537002,-4.411982,-6.1859117,-2.5283468,-3.3599744
7.2038364,5.591848,7.0890737,-8.40983,4.7547727,2.6536903
2.2894769,5.682383,-3.7595682,-6.7322326,-1.8652215,-3.2043264
5.4380217,2.292604,6.0773726,-8.449746,3.6427202,1.5690038
7.7660294,5.9506783,7.586745,-9.10271,5.162675,2.8407187
10.362522,9.341527,7.36955,-5.754503,5.4461093,7.5448236
6.2440815,2.3782194,7.330734,-8.945796,4.540735,2.1251626
5.090397,10.000376,-7.298833,-4.0000105,-4.4096084,-0.1811161
7.2553606,1.7095654,7.4790606,-8.837181,4.1372776,3.9972262
6.950056,7.1428723,8.053827,-9.405984,6.3090787,2.7414656
4.385165,7.8936467,-6.2490015,-3.7822485,-3.6833882,-1.2986009
3.167055,6.4213634,-5.293212,-6.2276587,-3.2228677,-3.6685698
6.9682875,4.9581585,6.41347,-8.321818,4.125078,2.5122619
2.0150688,5.573541,-4.4221005,-6.2383533,-2.546697,-3.358386
9.249724,8.878327,6.611935,-5.7907453,4.8391523,5.520167
4.359021,7.5496316,2.388012,-8.847764,1.2644738,0.53048587
6.8208866,4.918667,6.570272,-8.250859,4.127942,4.2935033
6.9693646,3.9745588,7.351025,-6.80559,4.664031,3.6826088
2.690779,6.8276687,-5.2778606,-6.6875825,-3.4052694,-2.168936
7.318074,0.3025177,6.647437,-8.088131,3.2918198,4.146621
7.324704,4.5574865,7.74686,-7.3750615,5.019424,3.8893454
3.057657,6.2184987,-4.5442595,-3.2314286,-2.4997008,-0.39710388
3.8674743,8.422415,-7.494391,-4.287466,-4.713176,-0.15437853
3.439295,6.040972,-5.554049,-6.608418,-3.5147283,-3.9433708
4.4010434,3.4697092,0.96794647,-5.322849,-0.674619,1.0976772
9.396398,7.0393806,6.781561,-5.181845,4.7942457,7.211156
5.0311418,10.039479,-7.296801,-3.874518,-4.38646,-0.13523814
4.3904457,3.2483525,0.9539035,-6.5732737,-0.7716316,0.7805898
5.0135727,5.136563,2.0487094,-7.872659,0.22424014,0.81292915
8.752301,3.140101,7.467442,-7.706237,4.0856833,5.0129385
4.234263,8.979244,-5.6538005,-4.366452,-3.343243,1.0364889
5.183167,9.584557,-7.8918986,-3.9192584,-4.9828944,-0.39771193
4.214567,6.3687644,-6.3282285,-6.6092944,-4.5495887,-3.049698
2.6050832,5.202133,-4.106111,-6.729724,-2.4524512,-2.9851203
5.1574736,-0.4078936,0.8936116,-6.473865,-1.6297114,2.2263758
5.1495347,9.920145,-7.856487,-4.0983157,-4.855646,-0.48148912
3.3361049,8.568938,-4.0775723,-4.2942553,-1.8579648,0.66924036
2.855272,8.744049,-6.4665713,-7.7285204,-3.1780598,-5.1020794
4.8458505,0.42201954,1.3537973,-6.9261947,-1.1611961,2.0769122
2.367664,3.9460363,-4.598887,-7.723397,-3.599953,-3.976348
2.9041827,2.440771,-5.11651,-6.4213247,-4.6179805,-2.55993
3.0067716,6.487948,-5.032251,-5.6900697,-2.9593472,-2.6280458
4.1752796,8.774172,-6.105325,-4.0776176,-3.5860908,0.5748458
8.520734,6.445809,5.965615,-3.931785,4.101072,5.454367
7.1670027,5.5379953,5.9191823,-3.6209056,4.2759004,5.9109163
6.593177,2.7175503,8.015217,-9.314421,5.0984197,2.3802295
4.0787325,5.929754,-7.2278705,-6.2193418,-5.3636603,-3.3205166
2.1212997,5.149082,-3.8158245,-6.149259,-2.1711493,-2.8237433
6.9554205,-0.07875054,6.2928023,-7.5875936,3.0614486,3.8692966
6.500647,2.1113453,5.755565,-5.8106027,3.121165,3.1850185
5.7727413,2.311555,6.2741475,-6.018911,3.859331,3.0072694
7.6711636,5.771112,7.567537,-8.947003,5.123227,2.858305
4.865857,9.418257,-7.563507,-3.4636478,-4.743777,-0.28675196
7.217121,4.3795724,7.0323462,-7.7169633,4.5524836,2.727906
4.2839813,4.5760884,1.5377697,-6.6219854,-0.024862185,1.7770929
4.3330965,8.244897,-6.079646,-3.6284142,-3.475343,-1.0895896
8.033103,3.748077,7.6833377,-7.50112,4.453457,4.8911276
6.367778,3.8216903,8.229417,-9.494252,5.55539,2.1934478
5.1738873,10.193281,-7.642175,-4.213517,-4.623483,-0.38280168
3.0027895,6.741451,-4.860179,-3.3101165,-2.6374266,-0.4786476
2.2863896,3.1536865,-4.1531043,-7.1244235,-3.4623346,-3.596246
6.358183,1.5205272,6.881516,-8.549247,4.10839,2.145598
6.3562603,1.848431,0.8830849,-5.9521422,-1.6486149,2.7634506
4.447589,8.126394,-6.269153,-3.9232779,-3.6544569,-1.3117158
7.2468166,3.199209,6.080109,-7.6258836,3.4852278,2.6801543
5.2380776,9.485271,-8.412659,-4.240537,-5.420727,-0.888146
6.47416,3.4943552,1.5756944,-6.801219,-0.8793922,2.6231189
2.8418257,8.160066,-5.739741,-4.27013,-2.9682086,-0.20015144
5.5756636,1.9561161,5.9922514,-5.780533,3.5847738,2.9442291
5.0542574,9.992992,-7.471119,-3.8895493,-4.5290823,-0.22240186
7.364862,5.3613696,7.9725814,-8.104599,5.452649,4.7057195
3.467984,6.5070047,-5.4480977,-6.8499703,-3.3051898,-3.952808
2.6956644,3.0238452,-5.2368846,-6.6059146,-4.550235,-2.9552736
3.185898,2.5313783,-5.4083996,-6.654074,-4.874989,-2.5801861
6.02962,1.8191485,0.9756209,-5.52231,-1.4709558,2.8098738
9.153737,8.707728,7.7593493,-7.693172,5.912356,6.3840065
3.0224116,5.5387,1.4764777,-6.1076207,0.37044543,0.8408118
4.1592164,8.516391,-5.729056,-3.3757439,-3.1482604,-0.9832024
4.9157143,9.117147,0.43580776,-5.822045,0.013121858,2.989606
4.2245035,9.596643,-6.1996846,-4.023632,-3.231612,-1.2982183
7.9422994,4.550987,7.8508687,-7.529042,5.00319,5.370165
2.9545493,8.51841,-4.9656644,-3.5721936,-2.5002499,0.21844137
10.465524,8.225376,6.960354,-5.265367,4.854008,7.3524494
3.9306405,9.418361,-7.0374136,-5.1360226,-4.2567587,-0.37166417
4.1847076,6.7676563,-6.8842473,-6.6731124,-4.873671,-3.3000088
6.42712,0.8690967,5.9010196,-7.935432,2.9368365,3.4362915
4.78529,3.672515,1.5403799,-7.098411,-0.38387817,1.0057294
2.8648283,5.1121507,-4.931931,-5.5771923,-3.6409957,-1.8237376
2.138013,3.9373567,-4.455258,-7.4895434,-3.4331262,-3.9409113
2.3924663,2.8333797,-4.0192485,-6.2241445,-3.348008,-2.6208434
4.3195486,9.366731,-6.340839,-4.1482735,-3.3857331,-1.3341203
3.923041,9.685217,-7.179629,-5.203992,-4.282218,-0.42146116
3.8367717,9.226488,-6.865029,-4.866062,-4.163626,-0.28220868
5.343197,9.704281,-8.434218,-4.4825244,-5.385351,-0.9285956
4.250865,8.020394,-7.3685555,-4.166406,-5.0620914,0.2746806
4.874646,9.853211,-6.861075,-3.426547,-4.103506,0.1955402
3.9216664,6.203872,-6.261417,-6.2312827,-4.519628,-2.946599
4.5718126,2.1012094,1.6811286,-7.9285016,-0.74574196,1.7267454
2.1447253,5.1083217,-4.0581183,-4.6852374,-2.3945374,-1.947609
2.7822704,7.6603026,-5.177838,-3.895864,-2.8066154,-0.72294146
7.679185,6.8491654,5.4737544,-4.7934947,3.852074,5.518404
3.2993362,7.921456,-4.0140553,-4.2909865,-2.0704381,0.0037852898
9.249724,8.878327,6.611935,-5.7907457,4.8391523,5.520167
