teacher_latent_1,teacher_latent_2,teacher_latent_3,teacher_latent_4,teacher_latent_5,teacher_latent_6
10.082659,9.31402,6.6218157,-3.4725397,5.2237697,7.433542
3.8704116,3.2141106,0.7944512,-2.3104355,-0.69865966,2.4995742
11.524958,11.290453,8.6917,-4.893592,6.395382,6.432886
2.4570072,5.251453,-3.8829103,-3.2088268,-1.695715,0.10037725
8.494641,8.25217,7.2078857,-7.063347,5.1181445,7.7241793
5.0007973,10.462775,-8.512899,-4.8372912,-4.750241,-2.661781
7.9682045,5.4551415,5.9926925,-5.407461,3.6897862,4.5615983
2.6565783,5.379604,-4.682586,-4.3445344,-3.4371176,1.078838
6.564008,10.506024,-11.0794325,-7.045665,-7.378712,0.42885983
3.3227084,5.0946336,-2.4734557,-2.486988,-1.2524981,1.136348
5.0114956,11.645301,0.9533908,-5.2404284,1.4803357,3.4336634
5.5132513,13.235446,-6.690552,-6.7140427,-2.1034281,-2.4515967
5.1820135,10.669471,-10.25411,-5.5875607,-6.414687,-1.6152207
3.7125027,8.89097,-6.6463237,-3.6023252,-4.363476,2.2863708
10.378052,4.118874,9.845874,-3.935188,6.495056,8.431202
3.0129569,5.4676886,1.0142887,-3.680485,0.31945667,3.0417786
2.872329,8.282366,-4.9361253,-1.1662756,-2.1572416,-1.1518098
4.4398303,5.9435143,-3.2619586,-6.3656654,-2.64943,-1.5644635
4.1685753,8.685208,-4.444658,-5.9614515,-2.3268635,1.6208156
5.2013683,-1.3203772,0.90028626,-5.800151,-1.9182249,2.2060413
2.3256233,3.3777316,-2.9904258,-6.7020445,-2.8225124,0.08494173
7.4866147,6.4274497,6.956162,-8.373399,4.6516337,2.0758507
5.0875435,12.260871,-7.023644,-5.536583,-3.288248,0.3868146
3.2136464,8.895866,-7.7029123,-9.773677,-3.3572063,-2.475988
7.6209755,1.64475,11.275248,-9.540289,7.649467,6.3338594
7.821965,6.13672,4.358221,-3.4482615,2.7625852,4.2614436
3.1839335,9.642452,-3.1758661,-6.6678944,0.29406413,-1.8418652
7.5057487,-0.24790235,5.242571,-6.4931526,1.1933812,4.7023883
5.529102,5.316837,-5.11233,-6.974552,-3.815712,-3.9941444
3.6286702,4.6796346,1.5160066,-8.933931,0.7572695,1.7158864
6.4324055,7.939611,3.6087718,-1.5600035,3.2024622,4.1296043
5.3408074,6.9793043,1.9494557,-7.675043,0.91576123,-0.8975005
1.4034888,6.10189,-7.677972,-4.072185,-5.3637195,-5.1040845
3.6782734,4.1637044,1.3098607,-4.3703313,0.32376423,0.7359818
3.4151666,1.2676128,-6.5143437,-5.0445676,-6.752262,-3.1279273
11.55632,2.0498812,11.435062,-8.226689,6.790109,6.181635
5.4076357,6.0855527,-5.8900113,-5.88109,-5.0813107,-0.9750286
5.6649246,2.1196356,6.5403366,-9.532102,3.7761834,4.20329
8.183927,6.155591,7.968696,-8.804799,5.8375597,2.2458453
8.371613,4.7727027,9.272529,-9.997481,5.791576,4.3062673
9.111999,8.804313,7.3050046,-6.4496107,5.6214705,7.028402
10.1171,6.625589,6.877105,-6.8404937,4.4914684,6.3751116
3.3474457,2.9314878,2.1911612,-9.102501,-0.032795817,1.448948
8.833708,10.82767,5.6719584,-5.7068567,4.593065,7.77945
3.8862886,2.9565022,1.4254236,-5.7351246,-0.24541345,0.8778752
2.9046032,4.8556743,-7.36772,-1.538411,-6.0045075,-2.93047
2.2879157,7.5418286,-5.1894436,-4.2962375,-2.3720114,-0.70084363
6.401601,1.5190234,0.8675615,-4.5575085,-1.6765924,4.020763
6.161258,2.4341557,9.692026,-6.939556,6.9848294,3.1522148
10.677025,8.314972,7.993935,-6.236603,5.569877,8.242852
4.3608203,8.486754,-6.140286,-4.425344,-3.7104897,1.1416014
7.537171,7.5480742,6.335567,-4.923834,5.0362644,5.086974
4.8216267,12.18105,-6.4936147,-4.822249,-2.6347957,-0.74303687
7.834979,10.169812,5.389973,-5.09476,4.5462227,4.1394935
10.3967,9.491757,6.5403724,-5.391247,5.003615,6.195813
4.6266937,7.471284,-8.892327,-6.6773233,-5.54121,0.7238774
3.4127564,5.470097,-6.8098993,-6.868664,-5.124291,-5.6895423
6.39332,5.521342,8.39883,-8.914244,6.5132475,0.9952316
5.5705132,7.902704,1.7815263,-6.700456,0.4170684,3.3093145
10.010022,8.241767,8.524454,-8.042378,6.0910087,9.699325
5.230075,4.3340616,2.9370651,-2.4579914,2.357529,4.4622564
5.884961,7.7888837,-8.119823,-3.914411,-5.277102,0.0004262785
8.043439,0.18426524,7.373038,-6.4367123,3.6031709,4.7627172
4.575959,12.753044,-9.029798,-2.0309556,-5.272756,-2.8360107
2.3810403,6.4796205,-4.1730275,-9.838669,-2.0317953,-2.2769723
5.3347464,8.882415,-0.18036593,-5.997042,-0.6632128,5.824134
3.5168893,2.7391126,-3.273802,-5.474667,-3.6218414,-0.055338994
6.3623776,12.224638,-6.5083995,-3.4237487,-2.9646654,-0.21085443
10.374472,6.7025733,1.895803,-3.3734305,-0.69798577,6.364485
7.8931828,9.27519,6.033134,-6.2048597,4.0664783,5.3502545
5.9333344,3.9244244,2.7719815,-8.497652,-0.28652182,3.4740767
7.984287,5.3203473,1.4982507,-4.8405294,-0.27227595,6.014591
5.711462,6.574849,2.017328,-4.521264,-0.014315397,2.588684
8.5475,8.847552,8.121238,-4.98106,6.686111,7.2783012
11.145031,10.866385,11.641601,-7.9281073,9.3798275,7.1059194
2.8723798,9.315383,-5.3216825,-6.4819794,-1.8664609,0.33195508
4.312986,12.95739,-6.7492404,-5.469095,-2.7414222,0.38563013
5.7384605,12.725508,-6.6096034,-0.43085778,-3.8961906,1.079592
4.942547,8.877934,-7.9296756,0.45412484,-4.828133,1.0677332
2.051843,4.8174014,-7.296054,-5.8458395,-5.2709174,-4.2036443
4.354245,10.090653,-6.6819596,-5.114625,-4.0700583,-4.4559155
5.0315533,9.798558,-8.945881,-0.772976,-6.310186,-2.7489858
5.5131416,10.531597,-5.870233,-5.355341,-4.3002343,3.244863
4.510038,2.5347593,1.0713141,-8.345352,-0.6513052,1.0678474
7.775365,4.072725,8.04446,-2.5819526,5.763304,6.400223
3.3828883,1.0997505,-5.9951615,-5.40331,-6.6067605,-4.6608934
8.364562,2.4848063,6.361854,-6.4161577,3.0218513,2.7860756
5.8044643,10.008237,-6.212279,-5.213579,-3.2367382,0.05585061
6.2409797,4.030953,5.444711,-7.465789,2.898058,5.7121305
7.673318,3.4111729,0.9385955,-3.524345,-1.4594793,4.9046273
10.145751,5.2042193,7.204022,-2.6354215,4.3935285,6.19691
10.042285,9.2826605,10.188078,-6.0738716,8.865674,7.5308847
5.744049,2.7550228,2.2240276,-7.0250454,-0.2858092,0.8867391
4.204647,3.3218515,-3.0902982,-4.420652,-3.6626081,-1.2493649
4.3655033,7.1018243,-6.136648,-6.2040434,-3.9632106,2.2561703
8.850435,5.638973,6.2610908,-3.7785442,3.5766501,6.660125
4.4294972,7.52471,-4.666612,-5.339456,-3.591739,1.5227668
8.898889,2.3358507,6.900459,-8.14776,3.6062522,4.185265
5.831085,7.779488,6.144699,-9.451752,4.5179896,3.87063
8.6619215,3.8766496,0.2574165,-3.8581254,-2.0229964,6.4105043
4.3459997,5.8393455,-4.432564,-3.8842971,-3.2042966,0.7607287
9.253866,7.0517054,6.770537,-5.0711718,4.806386,8.422936
8.347884,3.732501,8.675661,-9.580965,5.841906,5.3931513
6.2597923,2.9914904,1.5644356,-3.763486,0.06858009,4.2637806
8.088471,2.275467,10.944401,-6.5707717,7.1726375,6.52761
4.360537,8.695123,-9.105057,-5.7728553,-6.1458654,0.1400389
7.652359,8.469842,8.994443,-7.802641,7.8293777,7.554165
7.3763504,7.6115584,6.377995,-4.467037,5.713679,6.206452
8.265034,4.3941317,7.3069715,-8.723439,4.515132,3.8157895
6.1606426,4.716071,-0.32436854,-3.8127587,-1.8502672,4.5970545
8.135618,6.7821155,8.829145,-8.756426,5.8196416,4.011926
9.868267,9.13013,7.276633,-4.6826935,5.915076,6.9913497
8.056074,3.1222775,7.7277794,-9.914261,4.0046306,4.993572
9.575201,3.7354615,11.913965,-10.315773,8.0800705,7.055834
3.2372863,2.4895627,1.1051304,-4.2104063,-1.0488516,2.200499
12.235344,7.053314,9.60754,-4.15428,6.6604533,8.687761
4.864351,5.2224755,0.9368718,-4.4003687,-0.6720834,3.0540497
7.061157,4.1327033,7.479962,-8.840551,4.5886073,3.72344
3.4291825,10.303536,-5.2122054,-1.7263457,-2.1235006,1.0248189
10.126188,10.015112,8.19108,-8.421792,6.3221498,9.490888
8.02109,2.8929935,8.994638,-8.62444,5.125036,4.17513
8.375404,3.284466,8.385834,-10.149241,4.843215,7.0083838
10.994773,8.594293,6.5756783,-5.1860127,3.9850745,6.8604927
4.9623084,9.459384,-3.915635,-2.640041,-1.610112,-0.3439536
4.200606,2.82053,1.6946666,-9.713266,-0.20431158,0.59681535
8.032353,10.8773985,5.723803,-4.986647,5.544769,6.564614
3.4770467,7.4089627,-5.0226502,-6.306569,-3.044475,-2.1365392
3.2173545,7.473509,-9.18358,-2.2551486,-6.299971,-2.688143
5.234623,8.393594,-4.9268823,-2.5515273,-3.6108418,-0.20428337
5.611489,11.494596,-7.0298505,-3.3342872,-4.063091,-0.98756194
4.4803715,10.202802,-7.2666636,-3.7735379,-4.124453,0.92066294
10.4450245,8.312516,6.6163116,-6.3618093,4.3653617,10.315628
4.0756173,7.9112697,-4.209768,-4.587425,-3.2686768,3.687718
3.2142322,10.566009,-5.268867,-3.8900902,-2.3391547,0.29494393
9.869078,3.8125293,9.211395,-8.984316,5.2773414,4.7849197
4.902631,8.634104,-8.874374,-5.8993444,-6.3202696,-0.14762409
4.5631804,11.74537,-7.32415,-4.559879,-3.1049242,-1.7886139
7.582255,4.8482833,6.344892,-3.177056,4.3535104,6.1123757
8.51061,7.180875,6.687159,-7.0524054,5.112062,7.063895
5.547733,5.523335,-5.0729837,-1.7903798,-5.147655,2.531551
6.2383585,5.1322618,6.714563,-6.2137213,4.5038004,3.660158
2.4143345,7.8461986,-4.369954,-6.361203,-1.917979,0.58670235
5.237591,8.707114,-6.8870797,-2.0353293,-4.271828,1.4165105
1.432294,5.084707,-4.9347987,-6.437335,-3.28544,-1.9321884
1.6177677,4.186156,-5.9977603,-5.1548347,-4.70939,-3.9803038
8.5618305,5.216797,8.023253,-8.897478,4.578542,2.6180084
3.703296,4.296066,-5.04141,-7.85632,-4.0543175,-1.3752626
5.2114744,8.037991,-5.946087,-4.2280273,-3.4861999,-1.1683683
4.0214224,6.1468186,-8.180696,-7.9419746,-5.813768,-4.117068
4.3586884,2.7016737,2.4442637,-9.1893215,0.2738566,2.520345
8.017757,6.5489907,7.9233108,-4.5212617,6.670846,7.440709
4.0978203,8.120578,-7.754651,-3.9982045,-4.8230267,-3.5018396
3.585482,5.8955855,-4.1307154,-7.8324065,-2.6374183,-2.1448715
10.163213,9.274503,10.312533,-9.880795,7.757863,3.2479095
3.4929507,2.3473117,-3.209868,-5.498608,-3.0488977,-1.935561
7.1868258,0.21704604,7.7662344,-5.6127934,3.7388592,3.4950285
13.375123,8.140707,7.2720237,-4.573727,3.8305566,8.067483
2.8389838,6.397405,-1.6395482,-8.100517,0.29765627,-3.7899692
5.4430585,3.9721043,6.107454,-5.9192057,4.1751795,2.5540595
9.80018,6.9659896,8.594404,-6.7842913,6.2092853,8.375188
4.7061853,0.029897407,0.625639,-6.2377086,-1.4061223,1.8544753
7.220068,2.0646253,7.6148396,-7.666089,4.620077,3.8711452
8.501769,5.1286674,4.413887,-3.2119486,2.791587,5.2170224
3.0990465,6.4233756,-7.050495,-5.240736,-4.5567203,-1.4168347
6.452958,4.3304105,7.5361686,-8.74045,4.4863443,3.8041584
5.069886,4.1536264,1.1949499,-3.600816,-0.73051655,1.7768999
4.3217306,-0.5649193,1.0004318,-4.6621494,-1.0277898,1.8941951
7.292712,3.6654935,6.905219,-8.234345,3.6291883,4.04603
1.6832085,1.5199883,-5.730931,-2.1662927,-6.5920944,-3.6957674
8.552394,6.143919,5.9251957,-4.619108,4.266006,7.8315
5.023083,13.824529,-8.984123,-7.0713496,-3.4593828,-1.0724946
8.206924,6.0439506,6.129435,-6.803912,3.7867863,5.1555815
4.216143,4.466552,2.5031514,-8.756542,0.2853417,2.0047505
6.436533,7.3534284,7.605246,-9.314854,5.6185164,2.230144
8.508283,5.95119,7.1570373,-5.574509,5.1336193,3.6477466
2.188082,5.906656,-4.9926076,-7.27736,-3.1525135,-0.88309354
4.607484,13.187877,-9.793842,-7.550253,-3.6227398,-3.7977662
1.4992566,4.9753003,-5.0705495,-6.304928,-3.3491788,-4.654193
4.131909,9.426541,-7.418716,-5.288589,-4.0033097,-0.6276067
4.031337,8.7605505,-5.837893,-4.622451,-3.890969,1.143493
3.3239307,6.7841,-4.6088886,-4.6069584,-1.6283312,-1.8012776
2.3378985,4.342351,-3.386016,-7.2208347,-3.2016106,0.7042009
5.8263674,11.270035,1.8523743,-5.899286,2.1190727,4.4363728
3.8766859,10.191262,-6.8263516,-5.2036734,-3.6210256,-1.7239785
2.6219978,6.460078,-7.177846,-3.1010349,-3.8305137,-1.6746386
8.312394,10.891231,7.574441,-5.214233,6.4987626,4.563354
8.796749,6.154317,7.982305,-3.8206131,5.69268,6.3221903
7.001191,7.0814753,1.6495843,-4.1799116,-0.36980435,3.349304
5.6700754,8.369847,-9.060973,-6.6084642,-5.725142,-3.141627
8.17243,0.6745293,7.198346,-6.596865,3.6216242,5.7564955
4.4662495,12.748025,-8.710384,-6.177368,-3.3041735,-2.191512
8.865814,6.6236353,5.783099,-6.115655,3.7632065,8.239042
3.8483813,7.3755994,-8.957148,-3.3553288,-5.5123343,-2.805453
5.8650446,0.5038784,1.979053,-8.671557,-0.81965446,2.4295843
4.334635,8.320523,-9.053858,-6.223939,-5.8432436,-0.80371594
3.9671192,9.439832,-4.199727,-5.737341,-1.9834163,2.1330705
5.202567,4.161656,2.4808497,-12.318207,0.008562118,3.2828634
8.293974,6.167248,6.245169,-6.294591,3.9722967,6.92059
6.688467,9.602188,0.4962235,-5.52332,-0.9880444,4.029735
9.166191,8.716733,7.1438904,-3.5161114,5.3343005,4.247104
2.7249534,4.467961,-4.6733,-8.6549425,-3.1009321,-1.8603028
5.2966805,10.905564,-7.050553,-1.2181413,-4.060125,1.3378631
3.3081324,5.519053,-7.5089374,-11.398043,-5.030522,-4.1576557
3.4259653,0.9785876,1.9670985,-5.5710406,-0.38315076,1.1118362
4.636293,1.0100477,-4.330395,-3.1158464,-5.2225113,-0.86186904
2.843733,3.35309,-3.3833523,-1.3286656,-4.0446076,-0.014641746
3.3710897,10.030053,-5.9475007,-7.0375824,-2.1268709,-3.7475226
6.38908,12.337754,-6.665533,-6.199398,-3.251261,-3.8003812
4.273378,10.20961,-4.376753,-4.249626,-0.72317886,-0.21763302
3.4921813,7.5956874,-2.8694944,-5.753191,-1.8968276,1.4006579
3.6910634,8.975854,-6.4556565,-4.923425,-3.7666323,-4.4099674
4.465438,6.9528785,-3.2426417,-5.3828745,-3.1831777,2.563684
2.6220806,9.833664,-6.243901,-5.669108,-2.613293,-1.648674
4.6632223,9.209886,-7.13405,-7.4477024,-3.868009,-3.3652215
4.5839663,8.922536,-8.85557,-6.8397384,-5.4882474,0.9760202
4.472781,9.005232,-3.7044375,-4.517378,-2.2295337,0.89222825
9.568473,6.9434934,5.532122,-5.3244457,3.9168568,6.9987884
7.634961,5.2397113,7.5868087,-8.932198,4.927754,1.7102716
2.2636464,9.669448,-6.3540964,-6.158236,-2.6987476,0.5364505
4.040314,6.1255755,-8.513575,-5.956451,-6.079182,-4.7305794
8.12042,4.0661883,7.7153273,-3.453899,5.2825665,5.29323
1.7218881,3.8727157,-5.893745,-4.1731997,-3.9889455,-5.601395
5.150284,7.9781203,-5.3790846,-4.3961153,-3.704019,1.6203444
8.513464,5.675629,5.790603,-3.8523185,4.007522,5.1919184
4.0879173,5.6626344,-5.0934224,-3.6131089,-3.171617,-1.4251008
5.639662,-0.89419013,1.4036794,-7.066002,-0.907997,1.900931
2.8460543,4.234835,-5.8913627,-5.7016897,-4.0742764,-2.6956472
7.8009996,5.1911774,6.729276,-7.9138336,4.3599916,1.1007243
6.7872667,5.109735,4.83534,-4.221853,2.7404833,5.9190855
3.1437397,5.2735457,-5.3982778,-4.2292857,-4.5513573,-6.4514728
3.7230165,10.467412,-6.847273,-7.318536,-2.8748436,0.022854434
3.2792983,5.1730065,-2.7567272,-3.6158931,-1.8022261,-1.4740198
8.176648,8.734323,6.423493,-3.8332155,5.1018624,6.2225094
6.784115,6.9908013,5.094178,-5.472112,4.440289,5.43836
9.882012,6.1930714,6.9526677,-6.4403553,4.5017886,8.078744
2.3371322,3.8016999,-4.729326,-8.576323,-3.8208776,-4.2963233
5.493041,12.653722,-5.97174,-3.5666215,-2.1875238,-0.2367809
9.306641,9.232363,6.9767995,-6.1206446,5.8782372,7.1893725
4.615659,8.452518,-9.039252,-6.9455004,-5.1553817,-1.4282515
9.831436,3.9453452,8.429178,-7.5662284,4.7071414,3.5622191
7.8516216,5.266773,0.7112196,-2.8797972,-0.9405248,4.983305
3.1878521,9.276034,-6.4195666,-8.510705,-2.47844,-4.0913434
4.293785,4.817651,1.4491875,-8.189309,-0.14004341,0.9866287
5.9661007,7.2919574,1.705142,-4.2267,0.15189281,3.266688
8.607649,2.0260253,6.028436,-5.291751,2.417144,3.4352386
2.7922134,9.04091,-4.651411,-5.779913,-1.4264973,-5.129678
5.6822476,9.105472,-3.2700746,-5.3489633,-2.1475084,0.15022455
8.372265,6.273653,0.6283397,-4.8083963,-1.1765409,6.2164836
3.3162925,6.019852,-2.010075,-1.6522733,-0.52652854,-0.95732194
6.71012,1.1932508,8.536753,-9.161814,5.151044,1.4543264
3.8137858,4.107783,-4.320869,-4.841859,-3.7180495,-3.3159704
1.4269686,5.658433,-1.9547775,-5.5302696,-0.91719556,0.09641276
6.289152,8.7063,1.5291147,-6.0613165,0.06083706,3.8713233
2.136564,1.4686675,-4.03321,-6.057922,-3.2549071,-1.2546084
2.831004,4.028032,-3.84664,-5.047159,-2.4521675,-3.1576767
8.442457,11.754267,9.308834,-6.118594,8.833822,6.0154276
2.2364118,7.176104,-4.7893,-6.099271,-2.317292,0.21140085
3.3979304,4.1273036,1.4889077,-6.3463516,-0.666605,2.3452053
7.3011446,4.6194777,5.8271985,-2.5739787,3.58783,4.145335
3.6971624,7.711695,-6.0060782,-5.3847666,-4.122753,0.5970812
6.489414,0.3067912,6.2008348,-8.856773,3.1395097,2.512629
3.3933952,3.150092,-4.660689,-4.609766,-3.6866884,-0.40670788
4.240674,5.8975196,-6.5669856,-2.9381783,-5.4008946,-4.307885
5.2115974,6.2643075,-5.1590395,-2.1647894,-3.6963441,-1.3136263
3.4828558,9.756691,-4.5464754,-7.60106,-1.7457418,0.014751301
5.427746,12.70227,-7.3631544,-2.7998283,-4.6215215,2.1603224
2.6046808,5.44749,-4.781676,-5.07093,-3.4974766,-0.12759508
11.401585,9.205946,8.235929,-6.563141,5.8683424,9.166878
2.7640793,2.98866,-7.8073497,-7.6435843,-6.232304,-5.168588
6.4492197,11.9685755,-7.307088,-0.39595717,-4.1630917,0.17595004
2.4462745,7.9845004,-5.890883,-3.7783408,-2.4789011,-2.5678701
8.918177,10.613393,5.9933333,-4.994157,5.4849324,6.488119
11.229151,8.804858,8.028936,-6.735811,5.290095,7.6224594
5.138656,11.416584,-5.0899262,-3.362054,-2.2003388,1.9300299
1.0498599,5.344538,-6.6598372,-5.4827433,-5.1630845,-6.1815596
5.762644,13.350839,-11.837464,-3.5324855,-7.390257,-2.6755538
8.412973,5.34908,7.121368,-7.9168844,4.0985837,4.4754586
9.260162,0.8063158,11.037872,-10.055044,6.4999976,6.67319
2.4803655,5.141627,-2.5747929,-3.8009508,-1.7459197,-1.2021135
4.693797,10.622352,-4.9822702,-3.0429285,-2.355822,2.76541
2.186043,3.4981334,-2.0646937,-6.016964,-1.7396169,0.25234824
7.0124683,3.8095956,7.057337,-7.965328,4.4146533,4.5054
7.714525,6.428039,5.811347,-3.3535717,3.700614,4.3141
5.5428653,9.662068,-7.179754,-1.8500388,-4.6469836,0.8183182
3.4749448,7.984113,-6.8046246,-7.576851,-3.86691,-4.28388
3.006076,7.1664596,-6.2505794,-4.1770363,-3.1208396,-1.8612734
1.4385576,4.7529144,-4.261509,-5.711781,-2.6879632,-0.80608165
3.8618715,7.688811,-8.702234,-4.632302,-5.082726,-0.8129015
1.707248,5.5031295,-5.5830846,-6.708793,-3.6798718,-3.9837737
1.9048611,4.5525537,-4.260749,-5.7798615,-2.4401429,-3.962363
8.560963,8.338675,5.808495,-7.545701,4.026377,6.5702
7.077427,4.8929186,6.4591193,-3.1388526,5.1752095,6.8424854
6.1993933,1.8644288,5.3091636,-7.452343,2.9894404,1.4233142
3.6338367,0.4816138,-2.761204,-4.4319124,-3.776367,-1.419072
1.9692004,4.879475,-2.8860006,-3.669708,-2.1563945,0.002113388
6.475275,9.876546,-5.650995,-2.0824895,-3.773737,-0.76557004
5.0775666,3.099487,-0.18257208,-2.457329,-1.3182396,4.7369437
5.0434246,0.88235223,4.1551943,-5.034246,1.8210936,4.3925505
9.946067,6.224293,6.5104966,-6.2315493,4.5113444,7.7666745
2.9733448,3.9449155,-8.066674,-4.7731237,-7.59372,-5.1796627
9.902848,6.1723475,9.527908,-3.2442372,6.800714,6.2053432
7.490531,10.112048,6.411963,-5.41041,6.7727175,6.5093718
3.5391986,9.788839,-7.653896,-6.3784933,-3.937531,-0.28380942
7.480543,13.111925,1.2042618,-4.873845,1.5494202,4.8930144
7.196823,-2.368458,5.611574,-6.3674917,1.8278496,4.072214
5.3414793,5.0536256,6.358319,-11.359711,4.9202456,3.4360242
5.478133,10.491777,-5.019611,-3.005802,-3.7510662,-0.06909157
4.7853184,6.7971363,3.0317292,-8.020368,1.2427764,2.6544535
5.2782207,8.887097,-7.0277677,-4.6886334,-4.685575,-2.2849143
7.2618837,2.037714,8.306752,-10.265123,5.21867,2.68619
4.1113234,10.480512,-6.9101233,-4.092399,-2.912191,-2.8149002
8.325172,1.6250134,10.835457,-6.286297,6.772672,6.245338
6.729063,2.514871,7.36953,-9.346897,5.1146545,3.0319426
8.950384,7.3706326,6.522889,-6.0734534,4.874395,6.6577687
4.004915,7.203404,-5.761309,-5.2151947,-2.9641397,-0.44621417
9.5771885,6.698318,7.1237693,-7.857645,5.2718797,6.791332
11.085886,5.054507,7.292333,-5.8190975,4.7448645,9.6122675
2.9159305,7.2310157,-5.284142,-3.1624258,-2.340458,0.45129043
2.8751376,6.3064203,-6.8754673,-6.523033,-4.2125163,-4.5846586
1.4333742,3.3018868,-6.242715,-5.092744,-5.104505,-6.4196534
2.7536986,5.1913586,-4.2961717,-5.259695,-2.3768907,-1.9952561
5.5417523,5.7148147,0.9951362,-4.896589,-0.8240231,4.301792
7.292378,5.7810755,6.1016407,-4.0401077,4.1027513,5.494793
7.976062,1.8808775,6.9988203,-5.6129003,3.6118674,4.9790435
7.354283,10.439802,5.8009095,-3.225225,5.687695,6.6887283
4.065998,4.3102174,-5.816889,-9.011801,-4.744177,-1.0835394
2.1677043,5.4666123,-3.3181272,-5.9040494,-1.2505095,-1.914535
2.68211,6.9105477,-4.481445,-6.4610767,-2.3443074,-2.8548353
6.9452724,4.105127,0.8491886,-2.2233243,-1.5076721,4.357451
5.6640244,5.0234704,0.20556565,-3.680752,-1.7815497,4.4688377
3.4005272,5.4943433,-4.7088227,-3.4928725,-3.371974,0.8535116
3.9382646,8.945806,-8.5776205,-2.5271993,-5.5278716,-3.978603
2.825631,3.0501273,-4.2661223,-7.650193,-3.2848563,-1.5606068
4.553975,9.265528,-4.768281,-1.2245909,-3.223053,0.28900182
3.3711026,8.263513,-4.7725835,-6.75801,-1.5192271,-2.5928102
4.7515697,5.9454894,-7.5891376,-8.220627,-5.7686477,-3.5952783
7.2172318,-0.9906195,6.2008677,-7.2873974,2.9013524,3.7397685
7.1488514,6.5795846,6.941501,-8.215089,5.0194497,1.5061415
6.8182006,2.230813,6.6822433,-6.114773,3.3393764,4.5684743
6.095052,3.3027222,1.4878583,-7.5038433,-0.53387463,0.033083722
3.464368,7.872862,-8.674803,-3.799225,-5.122439,0.29785895
3.375753,6.9662695,-4.9967666,-1.2017597,-2.7018747,1.1914626
5.275823,11.125503,0.6900535,-5.284313,1.0692153,1.868999
8.096541,7.793962,5.3220067,-5.793401,3.7422159,7.6884146
4.3785744,3.2507637,0.6075052,-3.7154257,-0.78507817,3.3965077
6.2239985,2.1403184,5.8040366,-5.969142,2.8496408,3.1557705
10.319754,7.9764457,5.6095695,-4.42581,3.1455052,7.469166
5.2979755,8.06795,-3.451475,-7.19898,-1.6933465,-2.738215
3.3859212,7.197846,-7.924299,-7.496756,-4.848161,-2.9162457
1.4767494,4.98414,-1.7336671,-5.049653,-0.7123432,-3.226424
2.89692,5.13775,-4.6738734,-1.4660732,-3.5513947,-3.2632735
4.723438,2.9061854,1.7890396,-3.3195493,-0.76224744,0.7541908
9.634984,1.9229643,10.821978,-5.4720287,6.362913,6.609631
2.9057634,3.2230208,-5.312035,-4.3310432,-4.2598367,-3.890226
5.079985,3.5098808,6.139343,-5.9076796,4.4307556,2.8419776
7.6631093,7.914086,6.349702,-7.1945887,5.1494017,6.991905
9.01522,5.413002,7.3284793,-9.988617,4.791826,2.4901655
3.9291131,7.113429,-8.956974,-7.9931707,-6.547816,-6.3092785
4.400685,4.1417947,-4.507774,-7.77824,-4.6068454,0.3155514
7.664091,6.970596,8.924322,-4.8449125,7.104923,6.6591945
8.019915,6.4713273,7.2483897,-5.629287,5.494425,6.350525
4.824437,8.655177,-5.3808684,-2.8652265,-2.8109808,-0.92593527
9.055012,7.5253224,6.495047,-4.804862,4.1601367,6.9511213
9.008892,5.1570067,8.090607,-10.422287,4.953154,3.4242675
4.290642,4.326539,-5.6353917,-4.2343807,-4.993233,0.45719916
3.2597754,4.3707604,0.59550124,-2.8289888,-0.22554672,2.5237825
5.6594067,6.7155166,1.5378498,-5.853985,-0.28806958,3.195017
2.0199487,6.1737437,-4.888031,-7.2836313,-2.5571036,-6.286591
3.0896187,3.0322206,2.0473483,-5.936145,0.52020717,1.7088263
4.4389715,4.8780274,2.4594722,-6.9071703,1.0188419,0.6096761
7.8676004,0.9955753,8.251755,-5.109874,4.2678924,4.7459106
2.30597,5.687149,-3.4466047,-6.1207957,-1.5551095,-1.0462307
4.48209,6.811542,-7.9728875,-3.6756885,-5.528931,-0.85929835
3.7066066,5.2790275,-6.891847,-1.7663072,-6.3740163,-0.5353566
3.8377998,4.2489324,-3.439134,-5.2869635,-2.2635603,-0.53728783
1.3012254,4.20777,-2.6387255,-5.947644,-1.6612117,-1.3459822
6.2451735,7.1254787,1.2469629,-3.6493907,0.08851355,1.7718581
8.165936,5.0907326,1.5981908,-3.0410314,-1.141303,5.335267
2.084644,1.295268,-3.0746064,-4.8849773,-3.0926893,0.37140974
4.5460615,6.8037014,-4.8525085,-3.3830526,-3.9172695,-2.3726084
3.7882254,9.061478,-6.743015,-7.0414605,-3.0494351,-5.8937054
7.5432177,4.742061,7.5926776,-9.483727,5.2043734,5.3182206
2.9832547,3.1445022,-5.2865014,-7.597226,-4.720423,-2.4712615
6.1459265,9.39063,2.1434598,-6.342037,0.6907525,3.5221019
1.8067265,5.330098,-2.8619316,-6.086148,-0.48013547,-1.5477653
7.8357,9.644307,6.0910077,-8.143213,5.3006444,7.3920984
3.3774254,6.1023316,-3.1339915,-3.1663795,-2.269346,1.4822127
7.9207344,4.952059,1.3681115,-4.305815,-0.7646543,5.223878
3.2614927,7.5818267,-3.7168918,-3.40185,-1.9018856,-0.33597642
2.0537581,3.4151473,-3.1120415,-5.6734095,-1.7851486,-1.0453538
3.8766365,2.6736758,1.8180277,-5.666954,0.115002945,0.18993597
4.0889225,11.956187,-5.725002,-5.2835827,-1.915091,-3.1087837
8.090081,4.1090226,9.807502,-10.079678,6.6458006,4.4742823
4.9084578,6.013181,6.3708024,-8.726957,4.79115,1.8840898
2.7959104,8.01286,-8.56799,-5.528157,-4.9098105,-3.5043137
6.4621286,13.449358,-7.337256,-3.6251478,-2.8204985,-0.48946035
2.886719,10.033479,-4.662605,-5.5735693,-1.1169665,0.41364825
4.139135,7.840545,-6.217481,-1.6859025,-3.607071,-0.82361466
5.620141,9.655438,-5.4965262,-5.7053003,-2.504658,-0.35326934
7.730151,8.217391,6.981046,-9.0838175,5.053509,8.698008
8.016667,12.379552,8.20339,-7.400688,7.6502247,5.1414475
6.696223,11.515271,-7.6790633,-3.1075275,-4.620583,-0.17688788
8.606188,9.502276,7.6789856,-4.030349,6.653914,7.4714
4.9309363,1.0472155,0.9821176,-6.284395,-0.6010641,1.0416087
4.0855174,7.8748326,-7.813972,-1.8914412,-5.0037627,-1.362693
9.172818,7.377093,7.8042846,-5.4033074,5.5483975,7.4411335
12.903442,4.6998663,6.819987,-4.8973346,3.2688193,10.199747
3.569792,1.7733792,-6.414972,-7.88418,-6.2856884,-3.9956079
4.210454,4.877373,-5.63849,-2.604302,-3.7944021,0.14602529
7.2639947,9.43655,5.3162837,-5.176564,4.430794,6.493302
2.837032,6.6785817,-4.079713,-4.4766874,-1.9006213,1.9359711
6.9199324,8.733681,4.966991,-6.3725514,3.4806705,5.1910815
5.511817,4.4967556,2.1382499,-5.722069,-0.3539408,1.9346082
7.2225685,0.75444806,8.151082,-9.232983,4.229935,5.067911
11.270998,6.8491135,7.2967424,-4.1825037,5.006678,7.989311
5.005162,6.447909,-5.5039544,-0.63051635,-4.250233,2.575922
10.083746,3.094932,1.0150772,-2.2462962,-2.4769883,5.0754056
7.441662,4.1664395,7.2719893,-9.109777,4.6101427,5.898215
3.9829018,4.9547114,-5.467116,-6.380101,-3.848331,0.024857627
9.007265,4.5323534,11.247818,-5.46038,7.749716,5.4809027
2.9322612,9.128569,-6.817455,-3.4393418,-3.0194807,-1.5742198
5.0105324,12.27625,-5.118548,-7.527686,-1.5968323,1.2387154
4.9097757,9.118893,-7.3821607,-3.8643036,-4.5476775,-0.23155113
8.302561,1.4029127,6.805019,-7.096022,3.0847495,3.9617374
3.5546193,6.1766706,-7.414224,-3.4869363,-6.653705,-5.670268
3.3580134,9.107097,-6.840417,-6.114746,-3.653078,1.4696032
6.825764,4.197985,8.916229,-8.138292,6.1122155,2.287743
2.2656343,4.7426357,-3.365416,-7.019552,-2.0498774,-3.6424634
2.930494,6.252879,-3.8004155,-6.415844,-2.6036954,-2.9858177
7.1382003,3.4783356,6.9619684,-6.399747,4.356686,3.038427
4.0562496,9.73702,-4.0351853,-4.6721897,-2.3243644,1.8539213
3.3435018,5.0293756,-2.937629,-3.7999108,-3.184837,1.0421214
3.519891,7.620675,-7.1674747,-2.835324,-4.7864833,-0.96004975
3.8549948,4.226152,-6.454681,-7.661864,-4.4007554,-4.6725655
3.8039553,7.2928443,1.0022285,-5.530946,0.6288029,2.9383423
9.210953,8.473031,5.7601886,-4.7704053,3.872182,6.940657
6.325593,9.258655,-6.5319324,-4.1820865,-5.087076,-1.2258543
3.4037282,0.57381535,1.2328,-7.175813,-0.5243652,1.548258
3.5169396,8.193536,-5.574816,-7.5014544,-2.1050415,-3.5899143
6.8945045,5.5876684,5.4374704,-2.5291028,3.5495481,4.3439593
4.4810376,4.917742,0.42333663,-2.8703904,-0.7283547,3.833231
4.9932857,15.26378,-6.6894183,-6.584646,-1.4089572,-0.8974265
2.2568648,5.4871316,-5.7852077,-7.356284,-3.4176006,-3.232783
3.9301853,9.586333,-5.9741187,-3.9522738,-3.5512688,1.9819617
5.6873703,11.400779,-8.906911,-3.5013225,-4.5396705,-0.9916601
3.297776,8.333901,-3.7275848,-4.4404697,-2.8291767,2.0732553
8.137863,-0.24920467,10.71061,-7.562213,6.351265,5.9523244
4.0937943,6.220282,-4.3903317,-5.1961336,-3.1512175,-2.7667787
6.8415613,8.519765,6.392935,-9.810918,4.9997163,3.4107354
10.418678,7.5181184,7.3450084,-7.1108036,4.08312,7.8807845
8.246688,3.902984,7.5219626,-8.100456,4.7826266,6.708992
5.5110016,1.9764922,1.782068,-7.5533752,-1.0628908,2.946724
4.5750656,8.825839,-7.0303817,-3.4805605,-3.938931,-1.0822374
1.9166851,5.1588845,-6.306979,-2.252638,-3.7341976,-2.6404238
4.417058,11.907653,-8.851841,-4.6991673,-3.5428877,-3.2496865
7.974224,1.387914,0.6998542,-5.768519,-2.355627,2.8910217
7.5107665,1.6619037,7.533419,-7.8843756,3.8210545,3.5026982
5.25717,1.5950084,0.87163687,-5.1637254,-1.4721695,2.721655
5.7185326,8.049642,1.2954645,-6.342408,-0.086171836,3.5362868
7.419999,9.464734,6.6739984,-6.8485804,5.2113595,5.444338
2.8893628,5.1303144,-2.1344032,-0.85275483,-1.5101554,1.4905262
6.0399923,8.385335,1.5974777,-4.125801,1.3849299,3.488576
5.217394,10.8341,-10.208123,-6.296011,-6.2454104,-1.769406
2.6549428,1.0646838,-4.6736913,-6.906542,-5.098623,-4.0632734
5.4040246,2.955879,0.937419,-6.6013436,-1.0443102,0.5990349
4.2894382,8.250315,-9.410065,-7.242955,-6.97821,-6.9522924
6.0612593,1.4406404,5.3585258,-4.8183913,2.7976418,2.0625644
4.2226286,7.2187304,-8.323908,-7.6668673,-5.7925344,-3.9306629
3.2834284,5.44405,-5.312473,-8.16704,-3.7763317,-2.2849493
2.7512524,6.711466,-4.3553104,-6.8714743,-2.5411654,-3.7059042
7.274213,3.6876104,7.481767,-8.595066,4.4054723,4.8227286
6.6886196,2.7555327,6.382136,-7.857046,3.4824219,3.994951
3.3503392,5.3752213,-3.0158105,-1.1450595,-3.0253873,1.5082636
7.447,10.46572,8.455838,-7.115065,8.577925,5.1307597
6.856806,2.0519724,7.3020635,-6.1302137,4.647689,3.8809102
6.8689537,6.903478,8.283424,-8.871521,6.647356,4.527284
4.0657587,4.437859,1.8941076,-4.9142323,0.37195387,1.9281121
3.5171163,3.2986424,1.0465813,-7.171037,-0.09649691,0.86334056
3.226833,-0.06134139,-2.2948966,-6.3161936,-3.706837,0.0816655
8.261317,4.850846,8.332653,-9.975021,5.4377427,4.4826326
6.78944,5.792822,6.316088,-7.090165,4.1589537,4.109378
3.8740869,4.4420905,-4.214433,-1.2561727,-2.9109929,1.4248704
5.948586,2.62425,6.4806085,-8.69953,3.7864523,2.3106298
3.1269722,5.339599,-7.057898,-4.147114,-5.2917695,0.30803537
4.1214585,4.390243,-3.8677773,-6.3257284,-2.8989947,-3.2580817
11.8573475,12.358539,9.121602,-6.323852,7.1022434,6.0980954
6.929651,3.822666,7.979464,-8.6556015,5.0518537,3.2950284
2.7547414,3.8545315,-7.580323,-6.949506,-6.033908,-2.6455507
3.0242639,7.3125863,-7.1604137,-6.587925,-4.251777,-4.948118
6.556672,2.1544318,1.5105164,-6.3702106,-1.2982281,3.319613
7.6421614,2.0729203,8.582368,-10.2347555,5.286183,4.946108
9.455274,1.187907,1.2968087,-5.869335,-2.2143664,4.375823
4.7869554,10.045213,-5.313347,-5.691208,-2.8774936,3.4411235
3.413255,8.78143,-4.765344,-4.65357,-2.6858716,-2.698456
2.8141742,3.760102,-1.8838139,-6.7948847,-0.63920486,-2.0110416
3.9427269,11.591195,-6.5062027,-7.4126062,-2.9946632,2.1131015
3.942557,9.459475,-6.88017,-7.3971243,-3.1463854,-5.3089027
3.315459,1.3189859,-6.15531,-1.2322451,-7.391335,-3.158431
5.2745337,5.386811,-5.622123,-7.1087313,-4.718277,-0.874205
7.915017,8.565461,8.894301,-8.153507,6.8991437,3.639542
4.490405,9.103853,-6.8635316,-6.78242,-3.1286407,0.789366
2.6375759,4.071473,-5.753466,-4.0612817,-4.835153,-3.59456
6.386628,12.917346,1.4220014,-5.222424,1.9166572,3.8519063
4.590571,5.8847938,1.9911652,-6.6775146,0.68604076,2.8971887
8.085604,6.3180747,8.986037,-7.7589083,6.631073,6.9825487
7.4687824,4.5788674,7.0668426,-9.322789,3.8298616,5.381628
4.204099,13.13858,-6.691542,-3.866425,-3.063447,1.21519
3.5674596,2.996234,-5.43482,-8.05606,-4.7679353,-0.57350415
4.8860354,7.996758,-4.741295,-2.4247167,-3.2158926,2.2667112
6.526716,1.375581,5.9690204,-3.2503211,2.9892082,2.68893
3.1157925,4.7309403,-6.332049,-5.8505783,-5.7440896,-1.7528217
2.6667602,6.620685,-3.6154394,-5.5736046,-2.5359578,2.0124998
3.812782,1.8110151,-6.292187,-4.559972,-6.4131217,-1.8665684
3.3292065,10.474051,-4.5928493,-4.04019,-1.2731643,0.4254713
3.4129927,6.7276754,-3.5039144,-4.036481,-2.6906302,1.8570126
2.9035065,3.5461035,-3.5642686,-4.960308,-2.3799562,-0.6477425
5.0582857,10.507432,-7.8967834,-8.894228,-4.0549645,-3.3555968
6.2222314,-1.3950964,6.665448,-5.306713,3.2074003,2.5555856
6.0387383,9.838369,-7.35997,-3.8221092,-5.0973697,-1.4970177
5.421397,5.73349,7.2271476,-7.4591312,5.780824,4.2317386
4.937186,2.2092168,1.8877497,-4.4674945,-0.6140877,1.2940167
5.3223667,10.28946,-8.525017,-5.7060513,-5.005758,-2.982014
3.942167,12.981107,-7.8858685,-6.937579,-2.4851174,-2.6292465
3.635266,6.7687707,-3.4037895,-7.1137495,-0.99447715,-3.6192086
7.443141,6.432362,6.292769,-6.0802193,4.74186,7.0294714
6.722186,-0.49621475,6.0856104,-7.205886,2.524648,4.4800997
3.7406898,5.020038,-6.883632,-6.832259,-5.520276,-2.7997546
5.663269,3.789998,1.4614214,-7.416996,-1.0616927,2.377801
9.018997,6.891681,5.827166,-6.029454,3.625732,7.5576153
11.935152,8.246235,6.3303227,-4.825101,3.4587522,6.808469
7.6497364,1.219514,7.013518,-11.137474,4.1769633,4.2485514
3.431352,1.4246291,-4.4311123,-3.298392,-4.6719375,-1.3423723
11.573807,7.1721864,9.66293,-4.695224,6.764197,6.9305596
6.89556,2.567932,6.266765,-4.773246,3.6867778,3.6969063
7.427367,8.359396,6.604191,-4.593219,5.730686,6.7401915
2.8038356,5.02493,-5.9261613,-8.168691,-3.6506166,-1.1053942
3.3248622,8.936261,-6.807156,-6.7584534,-2.9479663,-0.07796253
4.4275684,2.0038345,-1.4646235,-4.0989285,-2.501628,-2.448577
4.041277,8.364326,-4.711373,-6.6823583,-2.1537485,0.651962
5.530531,8.682256,-7.6319575,-5.939876,-5.3357525,2.7775545
2.8313625,4.7050204,-1.995177,-6.5876255,-0.2747857,-2.0565727
10.332105,8.094278,8.689045,-5.6777377,6.3205132,8.319143
8.087502,10.5673895,1.4528108,-8.424032,-0.1346887,6.163199
3.6770618,5.161132,2.3167627,-6.5766416,0.77163625,-0.09288706
3.9604886,8.6768055,-4.484963,-3.0675025,-2.8373048,1.0497293
6.5253754,1.8588575,7.2326365,-6.431319,4.0100822,3.171131
7.4554315,2.6528797,6.98191,-8.443906,4.266347,4.6492224
5.595397,8.029612,0.90138704,-4.226492,-0.100883335,3.9848433
4.477589,7.428755,-6.057753,-6.5241804,-4.315674,-2.2671995
10.259577,8.94147,6.3397565,-5.2006564,4.372764,7.6419396
2.8573463,4.743829,-6.6523247,-7.712786,-4.1912513,-4.458914
9.372006,3.9437358,8.174687,-3.918287,5.6396546,8.2964115
3.636335,4.268225,-3.4532232,-7.477186,-2.26085,-2.334514
2.9525,7.125813,-7.0793676,-4.642886,-4.819489,-4.7162046
4.491953,7.626718,-3.7669792,-2.4947407,-2.6825182,0.9405736
3.174794,10.340298,-7.2236953,-3.7986104,-3.4931245,-1.7404429
11.033241,8.99227,6.303641,-3.5401785,4.0038385,5.9444003
10.469018,4.1415997,8.350813,-8.822031,4.892673,6.0189238
9.517569,3.9892662,8.4230385,-5.953549,5.8999124,8.443322
4.354125,6.9110446,1.9782267,-10.218327,0.71522295,2.459479
7.4635115,3.8885744,7.5829253,-7.849782,4.4889636,3.5138748
2.7608397,8.902488,-4.555977,-4.318384,-1.396752,-2.352915
10.617846,7.006719,7.8955626,-5.5410943,4.6269846,6.3711414
7.0273905,6.2737303,7.4792547,-6.897911,5.153939,4.436712
8.003349,7.2713504,7.0407066,-4.5316844,5.185137,6.3544116
2.913214,3.875786,-3.477035,-6.9604692,-1.9182354,-2.9303942
4.0405774,10.221541,-4.91598,0.056562446,-2.5830178,1.1300273
2.0233593,2.6640933,-3.1923003,-6.6060457,-1.9807324,-2.131744
9.741409,8.184671,6.5640326,-7.518856,4.3186307,9.243958
6.5397797,10.431908,1.6616287,-4.6289663,0.6141771,4.18701
4.5592365,8.619194,-8.387105,-6.3963146,-5.0485215,-0.62748545
6.375519,11.0223675,-10.042907,-5.0960608,-6.1823378,-4.778123
3.0130775,6.5165668,-3.2721097,-5.78608,-1.1369581,-2.0184617
10.017567,8.627861,7.0443587,-5.3741727,5.339353,7.2123713
8.802161,4.771906,1.5130589,-5.1570854,-1.3262277,4.274374
5.1628656,-1.2721545,0.723718,-5.677413,-1.9394149,3.0415895
10.681137,5.8825197,9.62965,-6.407836,6.772221,6.0935054
10.102133,7.8361053,7.2344832,-3.7645023,5.1980796,7.6392946
10.779861,8.686655,6.830054,-5.1417885,4.320492,7.756913
6.643957,6.1972938,7.575893,-8.594217,5.4292903,2.5951629
10.992362,5.148043,7.235207,-3.9924352,3.8221474,7.5651045
1.4872749,4.656223,-5.620809,-7.4117174,-4.0774674,-6.220823
4.309282,13.421951,-7.058498,-6.7868376,-2.2068973,-3.1287277
6.5431356,11.722441,-7.85029,-6.7971506,-4.75083,-0.14613177
4.5907016,4.9501615,-6.2651734,-4.4285865,-5.650131,0.034274265
3.1338117,6.359678,-6.8251457,-7.823476,-4.2173014,-0.85039705
10.117475,7.714639,7.7187247,-5.109684,5.051086,6.8408327
7.8566847,6.6328545,8.723206,-7.4027033,5.984203,4.064576
3.2183316,-0.66741014,-5.969211,-2.294212,-7.9917064,-2.015481
7.1803904,2.1825142,7.7377114,-11.229614,4.681572,4.2362356
3.0062847,2.1355343,-5.586435,-7.34496,-5.6172333,-1.0478848
6.098574,12.004973,-10.320072,-7.654887,-4.9232035,-2.671418
2.8988764,5.516913,-4.6892524,-6.5804043,-3.4585633,-4.184235
3.5731754,6.8070316,-7.10183,-6.5647597,-4.2485557,-4.471416
4.425946,-0.1302668,1.6165726,-5.1430807,-0.73241365,0.7426294
2.7978175,5.68442,-8.359421,-5.1313314,-6.4904323,-6.054039
3.151022,3.8884485,-3.3421106,-6.1015854,-2.5610209,0.18824808
8.75292,5.530368,0.7086371,-5.4580173,-1.2656971,4.433121
4.7077017,8.014571,-5.4938927,-5.4118395,-4.295803,3.246017
4.782634,5.5039926,1.4686832,-8.581724,-0.26826862,3.6499524
10.774778,2.0922146,10.370142,-7.41279,5.6159625,6.377742
4.4850645,6.6551695,-6.3996935,-3.7425265,-4.061186,1.9578426
8.038903,-1.2857363,5.5601315,-6.4090886,2.1553004,4.0229974
3.241944,3.649823,1.6798327,-5.326133,0.037421376,0.93049407
5.1443524,-0.0043130666,1.129641,-5.0133877,-1.1624148,2.6057782
11.439093,9.997633,9.62599,-5.094077,7.5705066,7.921246
7.608469,3.0306766,7.7270284,-6.2179184,4.4730906,2.8652394
2.4289114,2.9642518,-6.3252997,-5.532178,-4.8295555,-1.5653516
10.3881035,9.262452,8.685151,-8.805442,6.583714,7.7453947
6.3050165,9.265946,6.4990954,-6.630886,5.8766837,4.2122087
9.609585,8.5346575,6.6762295,-4.724788,4.5735264,6.317272
2.2061923,7.7955375,-3.504087,-4.609408,-0.24236995,-0.45175636
2.4446247,4.79194,-5.7486253,-9.043348,-4.460063,-2.2178874
6.607851,1.2967778,1.2037838,-4.447492,-1.4812958,3.8369923
3.5001402,8.310201,-4.7220387,-0.6826063,-2.0896406,-0.68315864
5.611396,3.2409322,8.556089,-7.105423,6.370872,3.3409858
5.766411,-1.4155163,0.9558762,-5.814048,-1.8395619,2.808012
8.791669,10.952015,7.660849,-5.60439,7.216143,6.5282245
7.7311707,-0.032245427,6.4067826,-5.565533,3.2788272,5.3073144
3.1535099,7.0578647,-4.7327957,-1.3540572,-3.4770036,2.1088352
7.7143054,1.2862289,10.033649,-8.131018,6.356087,4.0930867
6.381607,-0.9027196,1.6819191,-7.415905,-1.4958175,2.6081016
5.2169065,14.365161,-9.48666,-7.2028675,-3.8592544,-3.4528499
8.854278,5.4477143,7.2773194,-4.629815,4.573264,6.1098557
2.2493286,4.385356,-3.6692264,-6.881785,-2.474258,-1.2743944
9.402162,-2.1245894,6.5752096,-5.674265,2.3597426,5.935229
3.471221,5.2235355,2.1312413,-5.8870945,0.50714123,1.2726439
3.9153347,6.7446456,-7.2590175,-5.031192,-4.239524,-3.7578785
3.4102352,6.624544,-3.5274396,-5.8806915,-2.6662593,-0.29529727
5.2215137,2.5174553,6.5581584,-7.991854,4.0819335,3.686243
5.154218,7.9243913,-5.1686425,-2.4045007,-3.9898605,0.6306708
7.091493,8.853501,4.3958616,-2.654488,3.9236436,5.965194
7.8196254,3.0251615,6.9580665,-7.204815,3.3760362,4.412394
8.668373,5.2065916,8.002884,-8.054172,4.625488,4.270783
4.274399,8.682945,-6.7313957,-5.791852,-4.1914887,0.3619851
5.1907597,8.660314,-3.7324188,0.07395493,-1.3403759,0.09682332
2.874694,5.257247,-6.514839,-5.531687,-4.1364756,-1.8193781
7.04865,7.7583523,8.598867,-5.394643,7.8310933,5.106537
12.083705,9.546466,7.798673,-6.5643797,5.732541,8.466732
7.373933,9.012998,2.121993,-3.60829,0.97249925,5.196367
3.3532555,5.9018445,2.21704,-6.837435,1.3436306,1.9573225
7.407209,-2.081035,0.9274619,-5.324713,-2.3080826,3.9920683
1.8220625,7.2215414,-4.716573,-7.738689,-1.862726,-3.5362244
3.0341609,5.743372,-4.384319,-7.1644497,-2.7034693,-3.8475497
4.8606787,9.309544,1.179522,-6.385518,0.4678627,3.8799224
6.168908,3.0292506,7.4786797,-9.01269,4.981486,4.0031643
4.9222546,8.729251,-4.5565248,-4.8842516,-2.1990519,-1.540342
12.019708,5.3874216,9.780718,-3.3399062,6.2768536,8.702498
4.9693775,9.117939,-5.1810737,-1.9453906,-3.6357555,1.2445215
6.0915256,5.084003,6.7562113,-10.119696,4.476093,2.1453624
2.2912176,3.8332455,-4.906166,-6.464799,-3.7095115,-2.7743578
8.635878,3.0169003,6.7532935,-8.93843,3.6073132,3.4905674
3.9146824,8.4795685,-8.5451355,-4.8312483,-5.905413,-5.110198
4.6144,13.848702,-8.435138,-4.6396427,-3.6326683,-3.1859064
12.399553,11.631299,7.4719768,-5.9819193,5.870646,7.9527097
4.5455317,1.5598199,1.5203452,-8.31094,-0.72863066,2.9712672
6.85287,2.2238631,7.421509,-9.576138,4.409028,2.290034
2.9248765,5.939694,-5.4787307,-7.292349,-2.4573987,-2.8186738
6.5398393,6.010368,7.700663,-7.1916323,5.817241,1.5224248
9.014902,7.779011,5.31462,-2.7006705,3.7808738,6.299098
2.8312433,3.234187,-7.334417,-4.981041,-5.7011847,-4.5862694
8.174204,9.072684,5.3783097,-3.9250634,4.331829,5.987938
7.5171747,6.337243,8.581706,-9.46337,6.0919414,6.107941
2.5979626,8.373138,-2.9518118,-6.963279,-0.508477,-1.0320721
3.5333748,5.3284764,-4.144918,-4.237978,-3.3753257,-3.6810932
12.025405,8.229322,8.009304,-4.3777533,5.3707232,8.856521
7.3705325,6.2474284,4.4823704,-3.2686782,2.8320937,5.0514784
4.0280585,6.131328,-7.4154897,-4.932104,-5.0548015,-3.2362878
4.20053,4.16804,-6.1500726,-5.250063,-5.4125857,-1.0646665
2.6656315,4.763437,-2.7405941,-5.1792707,-1.7546324,0.014737115
3.562329,5.181269,-4.9768167,-4.8032093,-3.6080585,-1.4656587
4.1054983,5.601589,-4.6436048,-7.6406555,-2.8549018,-1.1845819
9.590385,7.9248724,5.3503385,-4.624357,3.4126704,5.548735
4.3279715,7.718739,-7.484691,-5.5624876,-5.4607,-1.6345096
2.6037776,7.920089,-3.7576332,-5.7776394,-1.3482461,-2.3374944
3.0043166,6.6651607,-5.422368,-7.888034,-3.3775074,-3.4270158
7.0179434,1.1616012,6.66759,-7.5847816,3.4240491,5.213411
7.2923365,-1.1251609,6.326162,-5.9142933,3.0425577,4.150171
3.665509,9.722634,-6.606114,-7.1526475,-2.8921478,-4.7550163
6.9973965,8.265203,8.635318,-8.111221,7.254786,2.5743349
5.773941,4.7068753,7.644996,-8.192285,5.6286316,4.008163
4.8157825,11.182287,-5.710181,-4.6599817,-2.5377855,1.8726243
2.9310787,7.6764774,-5.280705,-2.9656491,-2.889638,1.4956604
7.8776703,7.42721,4.8390956,-4.039224,3.3546736,6.221531
2.8521757,6.3772206,-6.4820247,-5.633348,-4.5761695,-7.1978035
3.7752616,4.458975,-4.852635,-1.6592491,-4.166735,-1.8400984
3.9563782,1.9714322,0.45800763,-9.303537,-1.374215,2.5434334
8.066635,8.181662,5.0692887,-5.5095944,3.3755794,5.66491
3.4971657,7.8223624,-3.9175792,-3.4897194,-2.7696643,2.441564
6.432523,2.9803061,8.769979,-7.5432043,5.661443,3.9923193
4.4627895,8.321653,-5.2407002,-2.7657535,-2.8065996,0.056472406
11.851732,7.0399857,7.3848596,-6.296298,4.411456,7.4644194
4.6393065,5.756625,2.5943117,-6.4754953,0.9146967,0.27161384
5.017905,10.670405,0.98268884,-4.7161303,1.7216432,3.711874
4.323304,7.8624253,-3.7389383,-8.059438,-1.0668437,-3.15406
3.450227,3.8977845,-3.4985108,-5.951096,-2.1477783,-2.8149748
6.625592,10.2108755,6.578054,-6.5371695,6.1218123,3.410834
7.948844,2.1758273,5.953648,-6.808424,3.1565814,4.866022
4.5987177,7.8780828,1.590338,-5.903661,0.81106377,0.4498707
2.4995427,4.86247,-5.0578475,-5.3005733,-3.268288,-2.2293022
4.700511,9.150587,-7.992282,-5.9112015,-4.7869773,0.16420387
8.636906,6.539961,10.015867,-10.152172,6.605597,4.803274
3.6088111,6.938107,2.5091143,-7.936978,2.0655932,2.8835485
3.173815,2.4292185,-3.688908,-5.636456,-3.4501567,-1.2703998
6.67056,4.014833,1.8800108,-7.720394,-0.6602318,3.2367697
10.345245,9.47916,9.248391,-5.844145,7.6204,6.49792
4.1102176,5.795281,-7.136398,-7.9944015,-5.271409,-3.6684983
2.7289612,6.006796,-3.9433856,-6.102833,-1.7229223,-3.759491
2.8989427,3.912864,-3.8413653,-4.712534,-2.904987,0.0068930844
3.2962933,8.997485,-7.695679,-8.366982,-3.504427,-4.0033617
3.3228176,4.7854104,-5.842442,-4.9441156,-5.473682,-4.2996473
11.494968,7.7377276,9.781981,-5.0637197,6.7366543,6.247703
2.6779232,2.6696653,-6.744615,-4.4120226,-6.7940784,-5.652387
6.0190744,4.846823,7.5353904,-9.541988,5.4853406,2.942087
6.3259087,7.223091,6.3710628,-10.073001,4.4540906,1.3141834
2.6315765,3.7347658,-2.149951,-6.6286316,-1.1182235,-2.2638278
7.193384,-0.585771,0.68829817,-6.6794605,-2.3355117,2.2457387
2.070336,5.7336545,-1.4056244,-5.345454,-0.26089692,-2.6572473
8.512746,9.3665495,5.750048,-5.0297766,4.3870096,4.570372
2.1076782,1.5479742,-2.3883667,-4.902062,-2.714922,-1.1376613
3.0354698,4.3190284,1.717486,-7.1732273,0.6439519,0.49559462
4.1713357,7.175406,-6.821056,-6.728964,-4.079313,-2.5276937
3.948657,5.076567,-8.3773985,-6.9165316,-7.1852593,-1.5182508
5.2892103,7.386617,-8.998728,-7.6253996,-7.116517,-4.8277283
3.3487916,6.064139,-7.754403,-5.0020742,-6.142476,-6.485038
4.3196926,11.462337,-10.119803,-2.9306626,-5.739378,-2.3768194
7.9427576,-1.2226765,6.1547427,-6.592021,2.2171707,3.9819834
6.1044407,-0.19018972,5.8368497,-6.57362,2.5493028,2.7112987
2.9218447,6.1358457,-3.4936974,-2.8653207,-1.736348,1.9990209
6.4587927,6.8216453,8.894541,-7.7754993,6.980327,5.205591
6.5681944,2.1939552,7.053455,-7.9868817,4.44701,4.710927
6.811596,1.4008931,6.7187815,-8.830662,3.55083,2.6375632
7.7214766,9.861959,6.816384,-5.1441126,6.328287,7.1252756
6.406566,7.2474313,0.52830744,-4.8880196,-0.9180049,3.8866875
8.380183,1.3010087,6.474526,-7.580737,3.257698,5.749295
8.627481,9.15519,7.172611,-6.690133,5.410008,5.681066
4.005129,3.035672,1.2929006,-7.6466923,0.09852919,1.7356616
5.0399523,9.468753,-5.1376595,-4.9174194,-3.3259187,3.062043
3.798797,6.3973975,-6.7257133,-6.1512713,-4.260796,-5.6771803
7.9983463,2.5405457,2.629364,-5.5178165,-0.2316882,2.696095
3.445258,4.3641734,2.150216,-7.1330414,0.06347135,1.2269019
2.7765672,5.7848754,-6.2791266,-3.9216964,-4.1105633,-0.3490739
3.215485,8.554045,-2.9026403,-5.960748,-0.18407579,-2.8124208
4.7780466,8.1023035,-3.6873147,-5.3634453,-2.8104515,0.38519
4.594531,10.65865,-7.4101844,-1.8110715,-4.6757274,0.94868755
9.602851,8.07857,6.9026732,-5.782586,4.865694,6.3447556
2.377919,7.76774,-5.981419,-6.5576315,-2.8396869,-4.0839577
3.8834112,2.1413584,-4.4388375,-4.9152727,-4.574726,0.674846
3.2745874,10.489461,-3.9991398,-5.2589064,-1.0847903,2.1814225
4.219576,6.9429803,-3.7105296,-4.1533504,-2.4835324,1.8282337
3.6147003,8.885041,-5.7332997,-6.0675297,-3.3256364,-5.485534
5.494876,9.72198,-1.9373397,-1.3655757,-0.8226917,0.5498078
3.1091206,10.66668,-7.0003924,-2.4781067,-2.9210768,-0.91518545
2.6812932,3.454304,-2.6991363,-6.3193197,-2.625252,0.122554466
2.8427742,7.847079,-3.8730197,-7.654548,-0.94214785,-2.8406005
7.169626,6.718497,5.2041435,-4.489399,3.0814242,5.12841
8.97698,5.558048,8.212404,-5.686466,5.2899756,7.5877414
1.7953146,3.380489,-4.269276,-4.8761168,-2.6959877,-0.10510068
1.667845,7.362801,-6.8300014,-3.6248038,-4.4312334,-1.4620175
4.1045647,10.166734,-5.5645003,-7.3626094,-2.2335396,2.1832018
1.9279089,6.0727344,-5.5123224,-6.640241,-2.714392,-2.8550742
8.890127,4.108947,11.587437,-6.203439,8.013991,5.9953537
2.671517,4.0492845,-5.4202523,-9.633179,-4.1224866,-4.5033274
9.531718,6.3996964,9.467575,-5.7260036,6.834914,6.8600135
2.4798522,2.2947195,-3.6532493,-7.0707593,-2.9774323,-2.0017045
7.0180383,1.7963136,7.6151104,-8.040632,4.7270436,5.611755
4.4259753,6.707747,-6.1937737,-5.6262045,-5.2410583,-1.1063929
7.7052574,-0.108782314,6.3499093,-7.1448145,3.0501652,3.2983232
4.3864264,7.3846784,-5.538649,-8.409662,-3.707261,-1.3654442
3.2111623,4.091155,-6.1993785,-7.1274195,-5.239084,-2.4397655
3.0041783,1.6913562,-3.8429806,-6.6603203,-3.3276548,-1.9881793
0.6442769,4.803292,-5.5268464,-2.993335,-3.7203116,-2.9704158
2.1552994,7.3759212,-2.0444436,-3.8516214,-0.8862245,1.5542387
2.5594676,5.188418,-6.068897,-8.446011,-3.9422202,-2.6689324
2.7455556,4.770388,-4.1556487,-5.990181,-1.5639566,-2.471429
4.56064,10.198968,-6.8659177,-4.5065255,-4.19622,0.45268297
9.106259,6.2518125,5.8019214,-5.4769006,3.5084574,6.481156
6.4008436,8.805682,5.873713,-6.664384,5.705471,5.26228
5.882952,2.2966888,5.7115064,-7.146285,3.2375748,2.9777105
2.8427176,11.277465,-7.212577,-6.0334625,-2.8134823,0.10393511
5.0446873,7.9796863,-5.5792246,-2.194717,-3.0777576,0.68352354
1.0301341,5.3545804,-5.635932,-4.611601,-3.564819,-5.366786
4.6976037,7.128837,-7.878444,-3.1418693,-5.380947,-1.8985101
7.4012613,9.690711,2.2399712,-7.1228213,0.92814755,5.3247504
6.582509,5.098081,6.1283054,-9.303581,3.626006,3.8053412
6.8655806,7.6328483,2.0719914,-5.6568775,0.041997045,2.0015135
5.273474,5.229191,-6.6788487,-4.1544204,-5.8865685,0.11514847
10.551221,6.9487205,6.67697,-5.7005024,4.5399394,9.294537
3.4302726,7.4067674,-5.621765,-9.401131,-2.997992,-1.8963153
4.3257513,9.38624,-9.687163,-5.1508017,-6.296539,-0.19160904
6.016158,4.93341,7.467104,-8.648487,5.566512,3.2147148
2.647495,9.3437,-3.1500816,-4.265891,0.14499465,-2.067927
9.173721,9.038911,8.256233,-6.5320687,6.399244,7.653352
6.1110744,1.273799,7.0310984,-8.398758,3.9898696,3.129583
4.938923,5.089125,-5.8512735,-6.8905134,-5.1642647,-1.6017921
6.1480417,6.480897,6.745649,-10.485094,4.850886,4.808495
9.407566,8.923955,6.4644876,-5.8605566,4.2880335,6.5153747
3.4811897,8.0337,-5.1770473,-5.6173396,-2.3686924,-0.9436055
2.16197,2.6962059,-2.6141121,-5.089668,-1.7719111,-2.9581075
3.2839413,8.042421,-3.3819242,-3.940464,-1.1888862,-0.53444433
3.4152467,2.5224502,-7.3505626,-6.775544,-6.854428,-5.310175
9.071195,7.4915147,9.627846,-5.6845894,7.5769067,7.013222
2.9041955,4.0324287,2.2742157,-8.573429,0.26430777,0.67688584
6.7640443,1.1333061,6.1366286,-7.151861,2.9376397,3.5626714
5.6822114,1.3086994,1.5344626,-5.903392,-0.86578834,1.7223097
3.1291702,6.054835,-6.7803464,-1.3420546,-4.681904,-3.3529582
4.025467,5.229282,-8.162023,-3.3285992,-6.327115,-0.5861912
5.6255975,10.32643,-9.148772,-8.031483,-5.1861043,-0.32567704
5.336444,6.5341816,1.0490527,-5.807214,-0.39062175,5.0436873
8.112363,6.192592,7.160565,-4.841949,4.830513,4.6346645
5.123184,7.95542,1.1086255,-5.583005,-0.09326908,4.318011
9.454069,7.3526154,6.3911157,-6.932289,4.5187435,8.362396
7.9598427,2.511436,0.33843362,-2.3401263,-1.7577896,3.9041615
5.6455603,8.923122,-4.5936236,1.3790966,-2.7936764,1.7125317
3.886216,4.8731904,-6.0550294,-7.8651266,-4.6891837,-0.41372788
3.7964056,8.86432,-7.6732965,-3.4771311,-4.6369643,-3.0506644
3.793497,9.544866,-7.0815682,-4.9164987,-5.250673,3.4187677
3.487089,9.8076105,-6.282152,-4.587624,-2.334664,-1.4615768
6.0217557,7.616326,1.5714164,-7.466135,0.10452154,5.3597226
8.526431,6.2646227,7.739681,-3.88086,6.4020267,7.027662
11.659468,7.349468,7.5811057,-4.6330028,4.587998,8.45046
5.8941483,7.4570513,1.6161532,-6.590971,0.30958012,4.5627456
3.599108,7.545135,-5.2968435,-4.0170507,-3.372654,0.70922
8.257045,2.905328,0.074075684,-1.095614,-2.3278873,5.7846622
7.039686,5.533831,5.2034726,-7.5177298,3.4834068,5.0819483
6.4957256,7.4776683,2.07359,-6.326515,0.43860808,5.3937383
4.996117,10.875564,-10.769418,-5.9962797,-6.0894246,-3.4369247
6.2296853,9.027285,-7.299263,-4.896,-5.6540513,2.1776755
3.7972991,9.141982,-3.9871523,-2.8267877,-2.4697552,2.495095
3.931888,11.638211,-8.00084,-4.907731,-3.8351202,1.3450953
9.004906,3.7550757,8.325001,-9.41928,4.4227104,4.9769983
6.994835,0.5414438,6.605518,-10.091667,3.892905,4.885532
8.834387,5.816465,8.642759,-4.4238987,6.6505866,6.7580566
1.8293145,5.167933,-5.687754,-7.0638666,-4.4650264,-7.028092
4.56277,11.024186,-5.250219,-0.84495586,-2.5252883,1.331335
5.148026,10.689884,-7.7792916,-3.6596596,-4.191013,-2.1741085
9.859164,3.1271698,1.1229379,-3.1384017,-1.6748837,5.7172623
3.5081034,1.3435097,-4.6734757,-8.213931,-4.477867,-1.1881887
7.4397964,5.1588635,5.0300145,-4.8500414,3.2967598,5.591446
8.663242,4.029117,8.547994,-7.955693,5.1179895,6.153974
5.466754,12.477176,-11.303089,-4.71805,-6.6141934,-3.1525245
4.9428997,8.002229,-7.820231,-7.045872,-5.4425163,-3.8101408
5.4605145,10.547044,-8.189153,-7.4426203,-5.3644023,-6.3666635
8.080534,10.252116,6.3873496,-5.9203825,5.717033,6.566037
3.3775067,6.7496943,-6.7781577,-1.9707094,-4.526601,-1.4620169
10.484578,8.129401,7.882724,-6.2829,5.186947,7.0337524
2.114622,7.338718,-4.904785,-7.7630014,-2.0937054,-4.9203625
3.2995002,9.277154,-7.293283,-4.4745884,-3.8637712,1.2357212
4.4032483,11.575269,-9.878025,-6.631545,-4.4503274,-1.422108
2.5540316,3.3740423,-2.9028196,-3.9197657,-2.4326515,0.20160286
3.3021815,7.8887563,-7.9095397,-0.66068053,-5.8759475,-1.8858162
9.103153,4.8896375,7.189874,-7.8512154,4.0802517,2.8665361
6.7986746,8.169287,7.722209,-10.79907,6.137756,1.3826517
7.9018927,3.2603807,10.048,-7.309059,6.1732936,5.0404296
6.1476803,5.0173745,6.376832,-9.340303,4.426581,3.0836108
1.8078591,8.005855,-3.871216,-6.6423264,-1.1462053,-2.6279864
6.8873343,0.5553868,2.4218318,-5.4933395,-0.5342814,3.9344118
6.461565,9.565467,-6.5167556,-3.983737,-3.9822478,0.008315907
3.8499177,9.113005,-5.448232,-3.4655674,-2.877853,-0.8626779
5.915325,-0.26680785,2.0555646,-8.500822,-0.87031186,2.1500618
3.7894542,8.173251,-5.309336,-5.0271635,-2.742258,-2.5594442
11.143801,7.108855,6.5607133,-6.5472755,3.5872345,4.6230907
8.688269,3.2134707,6.8039517,-5.71156,3.7224846,4.3469853
3.9189422,2.2950838,6.441657,-7.640241,4.314794,2.0114503
10.7673435,6.8680573,5.5105643,-5.0784883,2.9773254,7.1988344
4.3117604,6.2608695,-3.7984684,-2.985158,-3.1142669,3.7357154
9.844852,8.705297,5.6148124,-4.7127256,3.6340208,7.5143623
6.5855856,3.4724717,7.3204226,-7.819618,4.558187,4.9849553
3.1592185,7.2236295,-4.203811,-2.2481854,-1.8927715,-2.0965865
10.461306,10.213879,8.058828,-6.9156427,5.6818075,9.094589
3.3005378,5.8981066,-5.3944554,-2.7235086,-3.9491277,-4.4904757
6.8429418,5.7682066,0.42651337,-5.970892,-1.31464,5.9587846
3.7746415,8.182204,-6.120799,-5.22371,-3.6996303,-4.846816
4.892975,5.290284,2.327701,-6.3419504,0.9301295,0.9388161
3.6615825,10.893983,-7.5428348,-5.5475063,-3.047556,-4.1412697
9.219651,9.712588,5.971601,-3.8619132,4.853418,4.914785
3.7665992,8.521558,-6.899405,-6.0576916,-3.5246806,-0.84876347
9.533375,6.890621,6.494022,-4.3295274,4.454914,5.383493
5.7877645,3.8460605,5.702948,-7.3852787,3.183861,4.363509
2.677237,4.7857656,-3.044243,-3.1184266,-2.9471533,0.6115972
2.9738882,7.2000546,-4.4686913,-8.91677,-2.9557474,-0.49098086
2.4000802,4.348043,-7.57399,-2.5233538,-6.3360324,-4.2309394
7.8603396,-0.46059394,9.697017,-7.0193396,5.8846183,4.549171
6.68394,5.701175,7.589324,-11.139624,5.107368,2.1551383
1.2305539,3.1932957,-4.207718,-1.3684703,-3.4919443,-0.5764664
5.997508,9.153839,0.36277205,-7.948893,0.20886603,5.1468253
2.4827962,5.6620703,-5.364371,-0.8807263,-2.9044187,-0.5875279
8.050746,8.024377,5.235402,-5.5249777,3.5016384,6.6363645
9.013927,6.6817365,5.4131017,-3.54999,2.7462854,5.864847
7.196288,5.7152267,7.9344935,-8.516534,6.162908,1.9840969
6.2816277,5.6741424,8.504357,-8.598228,7.119107,4.0182905
4.0981736,-0.5489604,0.68418044,-3.6789625,-1.6060159,1.0035055
8.561256,8.446471,7.241163,-8.663282,5.891878,8.068473
12.406597,4.390509,9.989097,-10.489299,5.349234,5.9971046
4.151581,7.5820932,-5.1382756,-5.400359,-3.3376665,-0.32333583
3.33548,7.066361,1.4155426,-8.137039,1.1430815,1.2058449
3.5981157,7.8378634,-4.8444443,-4.9756446,-2.5006247,-2.207698
8.427234,0.8840054,8.621256,-10.669828,4.189939,4.9824286
3.078082,8.314752,-2.7682824,-6.5103054,-0.79923916,-0.65494895
3.9411452,8.959686,-2.1787071,-4.5759287,-0.57053995,-0.04166664
5.031473,9.635917,-5.605038,-6.82348,-3.4268613,1.1694367
2.6365938,7.199721,-3.0999522,-5.4412203,-1.3043213,1.2884662
2.9716756,1.4758242,-4.452213,-7.1930285,-4.6121635,-2.9149384
3.831155,7.010668,-3.137714,-7.5242186,-1.3112214,-2.415877
8.243538,5.944522,6.762255,-4.768355,4.085652,5.635065
8.03284,4.25274,9.119722,-9.317802,5.6519637,7.077676
6.80019,6.92376,7.7310386,-10.926392,5.8427567,2.3793783
10.150112,9.518623,8.683421,-5.9483333,6.1495705,4.95868
2.7008152,7.300574,-5.523629,-4.600196,-3.250358,-1.9485184
2.835549,4.4051385,-3.5475817,-6.9449997,-2.4218693,-1.0036478
3.8656287,10.251996,-5.692748,-8.242941,-2.2049863,2.9219544
2.0731263,6.193874,-4.3317523,-6.1633615,-1.5505962,-3.8594456
9.088739,4.213849,8.065868,-7.384462,3.8978128,2.4782398
2.114014,2.4932268,-2.3562489,-6.1490335,-1.1125093,-2.4112444
5.4484434,1.9915733,6.821619,-9.759839,3.8842344,1.4943461
8.625238,4.571504,7.814096,-8.020594,4.9118476,3.8865862
9.879882,12.24252,8.633787,-6.6777954,7.401665,6.661423
6.421381,1.4740803,7.5475535,-8.241954,4.335002,1.2864065
4.9299364,7.348282,-6.2490163,-1.36058,-4.7746325,1.0267906
6.13803,2.105031,6.8415017,-11.124432,4.2060905,4.4715786
6.778222,4.18469,8.187046,-9.645915,5.778377,4.885929
5.201915,9.288951,-5.660567,-5.9739385,-3.4750152,0.5765645
3.5908163,8.501157,-5.329232,-6.5001354,-2.6327271,-4.723057
6.002503,2.681883,5.3402667,-7.448471,3.1411402,1.9394125
1.2445674,3.188546,-4.389421,-3.933452,-3.3560953,-5.677475
8.278172,8.056811,5.990975,-6.6256394,3.7799313,6.3181233
5.375955,7.8216147,2.013101,-7.5162735,1.2585545,1.0791725
7.295227,5.780065,6.932796,-9.33674,4.006476,5.215645
6.7163887,2.0889165,7.2140203,-6.651121,4.0078735,4.668842
2.6236913,7.446627,-3.9288497,-7.071983,-2.2578073,-1.9846622
6.349514,1.2551173,6.5524545,-9.063326,3.4527333,3.7856617
6.4757595,7.8043485,7.5857863,-9.791535,6.2108006,3.7146688
2.8778574,5.7308574,-4.395453,-3.1483743,-1.7283202,0.433057
3.566892,9.104986,-6.2654595,-3.0863974,-3.6760545,2.5847974
3.429724,9.654693,-7.8859596,-10.450172,-3.3529122,-3.1242218
4.2038126,4.6260552,1.6461272,-5.5531244,0.20744425,0.6694014
9.129648,10.823309,5.930827,-5.82302,4.69957,7.4151573
4.6136274,13.019528,-9.586416,-2.102064,-5.5848284,-2.4905317
4.1666927,2.8633468,0.9909702,-8.109482,-0.34394994,1.0984013
5.576726,2.8443105,2.269683,-7.251322,-0.10097906,0.7788979
8.323326,2.6621926,8.646403,-8.624562,5.1761575,4.179256
4.334779,10.386981,-7.514836,-3.6308382,-4.126212,0.7718544
4.270046,4.731173,-5.110913,-1.713166,-4.59996,1.5911502
4.3649807,6.498778,-8.248913,-8.163096,-5.9442515,-4.228791
2.7475517,5.8347955,-1.6773722,-7.9309177,0.2563867,-3.7710757
5.268579,-1.0289178,1.0062895,-5.8920984,-1.4175323,2.7085133
4.0849977,12.021126,-8.968672,-6.8693547,-3.243688,-3.5832946
4.045894,10.050614,-4.7554717,-5.729702,-2.1004255,2.658697
3.3053014,11.209023,-6.767319,-8.041087,-2.6890624,-5.011423
6.1078453,-0.53060746,1.8337934,-7.672281,-0.7807752,2.212567
2.262531,3.4963038,-3.7933524,-8.043714,-3.1050944,-3.299488
2.2948945,1.824817,-4.423074,-6.2027817,-3.3396451,-1.0833346
3.8694932,10.689266,-4.7293005,-8.61465,-1.3652413,-1.0314125
4.7192745,10.1631975,-4.7512836,-2.981412,-1.994627,1.6837858
9.135952,6.4391036,7.2519555,-3.743714,4.5902867,5.5496655
7.86283,5.1666694,7.0764065,-3.6634433,5.079472,7.733469
6.810386,1.7318112,7.949886,-9.932026,4.7339454,2.3886287
3.098231,7.5386844,-7.571984,-7.6295185,-4.4324946,-5.446123
1.882405,5.6047864,-3.8775008,-5.7998924,-1.8601635,-2.8950965
7.1275015,-1.1449387,5.5939593,-7.3661103,2.1343956,3.905901
5.392421,1.9546297,5.1207356,-5.4734926,2.45326,2.8341742
5.260421,4.5371532,6.2633452,-6.2968855,4.5580697,3.1064885
8.747358,5.217151,8.18845,-11.084152,5.101191,2.889534
4.668069,7.766118,-8.510788,-3.7342465,-6.3539853,-0.6346166
7.0713086,4.818855,7.049561,-9.757456,4.909034,5.075437
4.012877,2.8218877,1.8234415,-5.6828547,0.08611819,0.11526321
4.8957086,5.5896215,-6.251041,-2.411915,-4.290059,0.31008768
6.75786,4.0294685,6.6618476,-9.040256,4.1303415,5.8224716
7.372793,4.982438,9.44968,-8.123232,6.620662,3.1103868
5.692272,11.378882,-8.751768,-2.8699977,-4.68318,-1.0804371
2.1893463,5.7271104,-7.1065745,-2.4464884,-4.166566,-2.9475095
2.64077,1.3838677,-4.1262608,-6.542847,-4.7639728,-4.6435633
5.5580177,2.2919455,6.0891886,-8.762405,3.4491067,1.6626345
9.740917,1.6700842,0.6482593,-6.126251,-2.7754881,4.375197
4.181698,8.710776,-6.856173,-6.659193,-3.079552,0.5684158
7.791606,1.95173,6.7057076,-4.1327705,3.3426168,3.1270866
5.2391634,8.80142,-6.309891,-3.4253314,-4.7227664,-2.1434503
5.4987726,3.514979,1.7561404,-6.760353,-0.8723085,2.7579224
3.2595007,9.573941,-6.7227054,-6.9244285,-2.8299408,0.24597381
6.179048,1.6935418,6.875177,-5.7509017,3.8090348,3.2157876
4.214169,7.759628,-3.9915094,-2.1676688,-2.906773,0.7678307
7.290286,5.566876,7.9272723,-6.84805,5.5572205,5.0762157
3.1186326,6.407716,-2.9149165,-6.162321,-1.1532724,-2.3435175
1.5515599,4.6404376,-5.2332063,-7.469898,-3.9116004,-5.968754
3.5687084,2.702266,-6.2803364,-8.155664,-5.7910056,-0.7576659
4.885762,4.926455,1.7176592,-7.6345625,0.18464318,3.4837103
9.834156,8.72533,7.9326873,-8.05845,5.574895,6.7426844
3.5830204,5.505219,2.116313,-6.320876,0.46172854,0.989112
4.5837636,7.862415,-3.9886637,-0.11353583,-2.2434926,0.33652312
4.980721,8.788172,1.6838794,-6.029978,0.70676506,3.8988621
4.5631638,13.01121,-8.255152,-4.572339,-3.9472425,-3.472809
7.661416,7.4265857,8.849258,-8.44788,6.531611,6.435749
2.6532676,6.6062407,-4.8469973,-2.4081242,-2.6274629,1.1336955
10.851153,6.9994454,5.7829366,-5.174777,3.2711456,6.8372607
4.012741,8.054265,-7.262616,-5.641658,-4.529452,0.18672453
3.1904356,8.921425,-7.895394,-9.219645,-3.675909,-4.16243
6.0545187,0.20726793,6.0591726,-7.310029,2.6661563,2.9416292
4.4072776,3.457054,1.6669152,-8.324676,-0.09755769,1.9000143
2.7359726,3.5875123,-2.710073,-7.064623,-2.9053898,0.047328934
2.7956338,3.534683,-5.4747605,-9.373703,-4.2836566,-4.3707304
3.2707813,2.0857143,-4.2784348,-7.2253838,-3.518507,-1.978013
5.2941637,7.842403,-5.727897,-2.7563386,-3.3329785,0.90141946
3.89104,8.42202,-8.933035,-5.366151,-5.830841,-0.37754095
3.5131478,8.994515,-5.7916064,-6.268475,-2.2416253,-1.3036221
6.040021,10.739572,-9.587917,-8.049003,-5.559523,-0.0010188958
3.5778875,8.5069685,-6.5640626,-4.857772,-5.075809,2.9696703
5.3218794,12.183439,-6.0244055,-0.3951141,-3.075499,1.9060465
5.4092417,10.214174,-8.318413,-6.76361,-5.519178,-6.4293227
5.371253,-0.12765191,1.9043906,-7.745911,-0.863518,1.974431
2.9897168,5.51117,-4.049119,-2.6364586,-2.4624975,-3.7896764
2.838705,5.147582,-3.1696146,-3.5005949,-3.089225,0.35248166
7.4032345,5.8569818,4.7816224,-3.521178,2.8508492,4.652808
3.8893583,8.651979,-2.2870455,-4.6081753,-0.6965183,0.29146564
8.953099,8.563409,6.4742293,-7.8255835,3.9697213,6.5893297
