연령,가족 구성원 수,주택규모,월평균 가구소득,성별_1,성별_2,주택형태_1,주택형태_2,주택형태_3,주택형태_4,직업_1,직업_10,직업_2,직업_3,직업_4,직업_5,직업_6,직업_7,직업_8,직업_9,반려동물 사육경험_1,반려동물 사육경험_2,반려동물 사육경험_3,향후 반려동물 사육의향
47,2,15,150,1,0,1,0,0,0,0,0,0,1,0,0,0,0,0,0,0,1,0,0.8
54,5,15,250,1,0,0,0,1,0,0,0,1,0,0,0,0,0,0,0,0,0,1,0.8
44,2,15,50,1,0,0,0,1,0,0,0,0,1,0,0,0,0,0,0,0,1,0,1.0
48,5,35,550,1,0,0,0,1,0,0,0,1,0,0,0,0,0,0,0,1,0,0,0.0
49,2,5,250,1,0,0,0,1,0,0,0,0,0,0,0,0,1,0,0,0,1,0,0.8
33,3,25,450,1,0,1,0,0,0,0,0,0,1,0,0,0,0,0,0,1,0,0,0.0
51,3,25,250,1,0,0,0,1,0,1,0,0,0,0,0,0,0,0,0,0,1,0,0.4
55,4,60,750,1,0,0,1,0,0,1,0,0,0,0,0,0,0,0,0,1,0,0,0.0
49,4,35,350,1,0,1,0,0,0,0,0,0,1,0,0,0,0,0,0,1,0,0,0.0
52,4,35,650,1,0,0,1,0,0,0,0,0,1,0,0,0,0,0,0,1,0,0,0.0
44,3,5,50,1,0,0,1,0,0,0,1,0,0,0,0,0,0,0,0,0,0,1,0.8
54,2,5,150,1,0,0,0,1,0,0,0,0,0,0,0,1,0,0,0,1,0,0,0.0
48,4,35,550,1,0,1,0,0,0,0,0,0,1,0,0,0,0,0,0,1,0,0,0.0
49,4,35,650,1,0,1,0,0,0,0,0,0,0,0,0,0,1,0,0,1,0,0,0.0
57,4,35,450,1,0,1,0,0,0,0,1,0,0,0,0,0,0,0,0,0,1,0,0.2
64,5,15,150,1,0,0,0,1,0,0,0,0,0,0,0,0,1,0,0,0,0,1,0.4
53,2,35,750,1,0,0,1,0,0,0,0,0,0,0,0,0,1,0,0,1,0,0,0.0
31,3,35,450,0,1,1,0,0,0,0,0,0,1,0,0,0,0,0,0,1,0,0,0.0
51,3,15,350,1,0,0,1,0,0,0,0,0,0,0,0,0,1,0,0,1,0,0,0.0
54,4,35,750,0,1,1,0,0,0,0,0,0,0,0,0,0,0,1,0,0,0,1,0.2
53,4,35,550,0,1,1,0,0,0,0,0,0,0,0,0,0,0,1,0,1,0,0,0.0
34,3,25,750,0,1,0,0,1,0,0,0,0,1,0,0,0,0,0,0,0,1,0,0.8
54,2,25,350,1,0,0,1,0,0,0,0,0,1,0,0,0,0,0,0,1,0,0,0.0
46,3,35,550,0,1,0,0,1,0,0,0,0,1,0,0,0,0,0,0,1,0,0,0.0
55,4,45,650,0,1,1,0,0,0,0,0,0,0,0,0,0,0,1,0,0,1,0,0.4
48,4,15,250,1,0,0,0,1,0,0,0,0,1,0,0,0,0,0,0,0,1,0,0.2
47,2,15,350,0,1,0,1,0,0,0,0,0,1,0,0,0,0,0,0,1,0,0,0.0
35,3,25,550,0,1,1,0,0,0,0,0,0,0,0,0,0,0,1,0,0,1,0,0.4
50,4,35,750,0,1,1,0,0,0,0,0,0,1,0,0,0,0,0,0,1,0,0,0.0
36,2,35,550,0,1,0,0,1,0,0,0,0,0,1,0,0,0,0,0,0,0,1,0.4
55,4,45,450,1,0,0,1,0,0,1,0,0,0,0,0,0,0,0,0,0,1,0,0.6000000000000001
32,1,15,150,0,1,0,0,1,0,0,0,0,1,0,0,0,0,0,0,0,0,1,0.4
35,3,60,750,0,1,0,1,0,0,0,0,0,1,0,0,0,0,0,0,1,0,0,0.0
40,3,45,450,0,1,0,1,0,0,0,0,0,1,0,0,0,0,0,0,0,0,1,0.6000000000000001
50,3,35,550,0,1,1,0,0,0,0,0,0,0,0,0,0,0,1,0,1,0,0,0.0
53,1,15,250,0,1,1,0,0,0,0,0,0,1,0,0,0,0,0,0,0,1,0,1.0
37,3,25,650,1,0,1,0,0,0,0,0,0,1,0,0,0,0,0,0,1,0,0,0.0
54,4,25,250,0,1,1,0,0,0,0,0,0,0,0,0,0,0,1,0,0,1,0,0.4
45,2,25,350,0,1,0,0,1,0,0,0,0,1,0,0,0,0,0,0,0,1,0,1.0
45,2,15,450,0,1,0,0,1,0,0,0,0,1,0,0,0,0,0,0,0,1,0,0.8
48,1,25,750,1,0,1,0,0,0,0,0,1,0,0,0,0,0,0,0,0,1,0,0.8
62,2,25,550,1,0,1,0,0,0,1,0,0,0,0,0,0,0,0,0,0,1,0,0.8
48,3,15,250,0,1,0,0,1,0,0,0,0,0,0,0,0,0,1,0,0,0,1,0.6000000000000001
64,4,45,750,1,0,1,0,0,0,1,0,0,0,0,0,0,0,0,0,0,1,0,0.8
37,5,35,350,0,1,0,1,0,0,0,0,0,1,0,0,0,0,0,0,0,0,1,0.4
52,4,60,750,1,0,0,0,1,0,1,0,0,0,0,0,0,0,0,0,1,0,0,0.0
59,5,60,750,1,0,0,1,0,0,0,0,0,0,0,0,0,1,0,0,1,0,0,0.0
35,2,35,550,0,1,1,0,0,0,0,0,0,1,0,0,0,0,0,0,0,0,1,0.6000000000000001
43,3,15,450,0,1,0,0,1,0,0,0,0,0,0,0,0,0,1,0,0,1,0,1.0
58,4,35,350,1,0,1,0,0,0,0,0,0,1,0,0,0,0,0,0,0,1,0,0.8
38,3,35,350,1,0,1,0,0,0,0,0,0,1,0,0,0,0,0,0,1,0,0,0.0
44,4,25,150,1,0,0,0,1,0,0,0,0,0,0,0,1,0,0,0,0,1,0,0.6000000000000001
33,3,35,250,1,0,0,0,1,0,0,0,0,0,0,0,1,0,0,0,1,0,0,0.0
45,3,15,150,1,0,0,0,1,0,0,0,0,0,0,0,1,0,0,0,0,1,0,0.6000000000000001
53,3,25,750,1,0,1,0,0,0,1,0,0,0,0,0,0,0,0,0,0,1,0,0.8
53,3,25,450,1,0,1,0,0,0,1,0,0,0,0,0,0,0,0,0,1,0,0,0.0
52,3,35,750,0,1,0,0,1,0,0,0,0,1,0,0,0,0,0,0,1,0,0,0.0
48,2,35,450,0,1,0,0,1,0,0,0,0,0,0,0,0,0,1,0,0,1,0,0.8
57,3,35,750,1,0,0,0,1,0,0,0,0,0,0,0,0,1,0,0,0,0,1,0.8
58,4,35,350,1,0,1,0,0,0,0,0,0,0,0,0,1,0,0,0,0,1,0,0.8
67,2,45,350,1,0,0,0,1,0,0,0,0,0,0,0,0,1,0,0,0,1,0,0.2
54,4,45,750,1,0,1,0,0,0,1,0,0,0,0,0,0,0,0,0,1,0,0,0.0
47,4,35,550,0,1,1,0,0,0,0,0,0,0,0,0,0,0,1,0,0,1,0,0.6000000000000001
33,3,25,450,1,0,1,0,0,0,0,0,0,1,0,0,0,0,0,0,1,0,0,0.0
51,3,25,250,0,1,0,1,0,0,0,0,0,0,0,0,0,0,1,0,1,0,0,0.0
59,3,35,550,1,0,1,0,0,0,0,0,0,0,0,0,0,1,0,0,0,0,1,0.2
36,2,15,150,0,1,1,0,0,0,0,0,0,1,0,0,0,0,0,0,1,0,0,0.0
39,5,25,350,1,0,1,0,0,0,0,0,0,1,0,0,0,0,0,0,1,0,0,0.0
45,4,25,50,1,0,1,0,0,0,0,1,0,0,0,0,0,0,0,0,0,0,1,0.8
29,4,15,350,1,0,0,0,1,0,0,0,0,1,0,0,0,0,0,0,0,1,0,0.6000000000000001
29,2,25,750,0,1,1,0,0,0,0,0,1,0,0,0,0,0,0,0,0,0,1,0.8
50,4,45,650,1,0,1,0,0,0,1,0,0,0,0,0,0,0,0,0,0,0,1,0.6000000000000001
24,4,15,350,1,0,0,0,1,0,0,0,0,1,0,0,0,0,0,0,0,0,1,0.6000000000000001
48,4,25,350,1,0,0,0,1,0,0,0,0,0,0,0,0,1,0,0,0,1,0,0.6000000000000001
32,1,5,50,1,0,0,0,0,1,0,0,0,1,0,0,0,0,0,0,0,1,0,1.0
47,5,45,650,1,0,0,1,0,0,0,0,0,0,0,0,0,1,0,0,1,0,0,0.0
42,4,35,650,1,0,1,0,0,0,0,0,0,1,0,0,0,0,0,0,1,0,0,0.0
48,4,25,550,1,0,1,0,0,0,0,0,0,1,0,0,0,0,0,0,1,0,0,0.0
37,2,35,650,1,0,1,0,0,0,0,0,0,1,0,0,0,0,0,0,1,0,0,0.0
36,3,25,350,0,1,0,0,1,0,0,0,0,1,0,0,0,0,0,0,1,0,0,0.0
40,2,15,250,1,0,0,0,1,0,0,0,0,0,0,0,0,1,0,0,1,0,0,0.0
38,4,35,550,1,0,1,0,0,0,0,0,0,1,0,0,0,0,0,0,1,0,0,0.0
27,3,25,750,1,0,1,0,0,0,0,0,0,1,0,0,0,0,0,0,1,0,0,0.0
33,4,15,250,0,1,0,0,1,0,0,0,0,1,0,0,0,0,0,0,0,0,1,0.2
54,4,35,350,1,0,1,0,0,0,1,0,0,0,0,0,0,0,0,0,0,1,0,0.4
52,5,45,650,0,1,1,0,0,0,0,0,0,0,0,0,0,0,1,0,1,0,0,0.0
53,3,25,450,0,1,0,0,1,0,0,0,0,0,0,1,0,0,0,0,0,1,0,0.4
50,4,35,550,1,0,1,0,0,0,0,0,0,1,0,0,0,0,0,0,1,0,0,0.0
44,3,25,250,0,1,1,0,0,0,0,0,0,0,0,0,0,1,0,0,0,1,0,0.8
52,2,25,150,1,0,1,0,0,0,0,1,0,0,0,0,0,0,0,0,0,0,1,0.2
53,4,25,650,1,0,0,0,1,0,1,0,0,0,0,0,0,0,0,0,0,1,0,0.4
59,3,25,650,1,0,1,0,0,0,0,0,1,0,0,0,0,0,0,0,0,1,0,0.8
26,3,15,450,0,1,0,0,1,0,0,0,0,1,0,0,0,0,0,0,0,0,1,0.8
29,5,25,350,0,1,1,0,0,0,0,0,0,1,0,0,0,0,0,0,1,0,0,0.0
41,4,25,550,1,0,1,0,0,0,0,0,0,0,1,0,0,0,0,0,1,0,0,0.0
32,5,25,50,1,0,1,0,0,0,0,0,0,0,0,0,1,0,0,0,0,1,0,0.6000000000000001
44,3,35,250,1,0,0,0,1,0,0,0,0,1,0,0,0,0,0,0,1,0,0,0.0
32,1,15,550,0,1,1,0,0,0,0,0,0,1,0,0,0,0,0,0,0,1,0,0.6000000000000001
28,3,15,50,0,1,1,0,0,0,0,0,0,0,0,0,0,0,0,1,0,1,0,1.0
58,4,35,450,1,0,1,0,0,0,1,0,0,0,0,0,0,0,0,0,0,0,1,0.2
45,4,35,750,1,0,0,1,0,0,0,0,0,1,0,0,0,0,0,0,1,0,0,0.0
45,3,15,50,1,0,1,0,0,0,0,0,0,0,0,0,0,1,0,0,0,1,0,0.6000000000000001
48,3,45,550,0,1,1,0,0,0,0,0,1,0,0,0,0,0,0,0,0,1,0,1.0
44,4,35,450,1,0,1,0,0,0,0,0,0,1,0,0,0,0,0,0,0,0,1,0.4
52,4,35,750,0,1,1,0,0,0,0,0,0,1,0,0,0,0,0,0,0,1,0,0.6000000000000001
34,4,25,450,1,0,1,0,0,0,0,0,0,1,0,0,0,0,0,0,1,0,0,0.0
44,4,35,450,1,0,1,0,0,0,0,0,1,0,0,0,0,0,0,0,0,1,0,0.8
59,4,60,650,1,0,1,0,0,0,1,0,0,0,0,0,0,0,0,0,0,1,0,0.8
42,1,5,150,0,1,0,1,0,0,0,0,0,1,0,0,0,0,0,0,0,1,0,1.0
50,4,35,350,1,0,1,0,0,0,0,1,0,0,0,0,0,0,0,0,0,0,1,0.2
20,2,15,150,0,1,1,0,0,0,0,0,1,0,0,0,0,0,0,0,0,1,0,1.0
21,4,45,750,1,0,1,0,0,0,0,0,0,0,0,0,0,0,0,1,0,1,0,1.0
55,2,25,750,0,1,1,0,0,0,0,0,1,0,0,0,0,0,0,0,0,1,0,0.8
57,3,35,750,0,1,1,0,0,0,0,1,0,0,0,0,0,0,0,0,0,1,0,0.8
53,4,15,450,0,1,0,1,0,0,0,0,0,0,0,1,0,0,0,0,0,0,1,0.4
39,4,35,450,1,0,1,0,0,0,0,0,0,1,0,0,0,0,0,0,0,1,0,0.4
53,5,5,550,1,0,0,1,0,0,0,0,1,0,0,0,0,0,0,0,0,0,1,0.2
40,3,25,450,0,1,0,0,1,0,0,0,0,1,0,0,0,0,0,0,0,1,0,0.8
37,6,45,750,1,0,0,1,0,0,0,0,0,1,0,0,0,0,0,0,1,0,0,0.0
35,3,35,350,1,0,1,0,0,0,0,0,0,1,0,0,0,0,0,0,0,1,0,0.8
40,3,35,750,0,1,1,0,0,0,0,0,0,1,0,0,0,0,0,0,0,1,0,0.6000000000000001
43,4,35,750,0,1,1,0,0,0,0,0,1,0,0,0,0,0,0,0,0,1,0,0.4
34,4,35,750,1,0,1,0,0,0,0,0,0,1,0,0,0,0,0,0,0,1,0,0.8
38,4,25,750,1,0,0,1,0,0,0,0,0,1,0,0,0,0,0,0,1,0,0,0.0
42,4,15,350,0,1,0,0,1,0,0,0,0,0,0,0,0,0,1,0,0,0,1,0.2
65,2,45,550,1,0,1,0,0,0,0,0,0,1,0,0,0,0,0,0,0,1,0,0.6000000000000001
34,3,25,450,0,1,1,0,0,0,0,0,0,1,0,0,0,0,0,0,1,0,0,0.0
53,3,35,450,1,0,1,0,0,0,0,0,0,1,0,0,0,0,0,0,1,0,0,0.0
29,3,35,550,1,0,1,0,0,0,0,0,0,1,0,0,0,0,0,0,1,0,0,0.0
42,3,35,350,1,0,1,0,0,0,0,0,0,1,0,0,0,0,0,0,1,0,0,0.0
23,4,35,550,1,0,1,0,0,0,0,0,0,0,0,0,0,0,0,1,1,0,0,0.0
45,1,35,350,1,0,1,0,0,0,0,0,0,0,1,0,0,0,0,0,0,1,0,0.6000000000000001
34,2,35,650,1,0,1,0,0,0,0,0,1,0,0,0,0,0,0,0,1,0,0,0.0
55,1,15,150,1,0,1,0,0,0,0,1,0,0,0,0,0,0,0,0,1,0,0,0.0
36,2,15,450,0,1,0,0,1,0,0,0,0,1,0,0,0,0,0,0,0,1,0,1.0
70,2,35,450,1,0,1,0,0,0,0,0,0,0,0,0,0,1,0,0,1,0,0,0.0
68,2,25,750,1,0,0,0,1,0,0,1,0,0,0,0,0,0,0,0,1,0,0,0.0
63,3,25,250,1,0,0,1,0,0,0,0,0,0,0,0,0,1,0,0,0,1,0,0.6000000000000001
43,3,15,450,1,0,0,0,1,0,0,0,0,1,0,0,0,0,0,0,0,1,0,0.6000000000000001
44,3,35,750,1,0,1,0,0,0,0,0,0,1,0,0,0,0,0,0,1,0,0,0.0
42,2,5,150,0,1,1,0,0,0,0,1,0,0,0,0,0,0,0,0,0,1,0,0.2
63,4,35,250,1,0,0,1,0,0,0,0,0,0,0,0,0,1,0,0,1,0,0,0.0
46,3,35,550,1,0,1,0,0,0,0,0,0,1,0,0,0,0,0,0,1,0,0,0.0
22,3,35,150,0,1,1,0,0,0,0,0,0,0,0,0,0,0,0,1,1,0,0,0.0
27,3,25,150,0,1,1,0,0,0,0,0,0,1,0,0,0,0,0,0,1,0,0,0.0
30,2,25,650,0,1,0,0,1,0,0,0,0,1,0,0,0,0,0,0,0,1,0,0.8
33,3,35,750,0,1,0,0,1,0,0,0,0,1,0,0,0,0,0,0,1,0,0,0.0
26,4,35,750,1,0,1,0,0,0,0,0,0,0,0,0,0,0,0,1,1,0,0,0.0
50,2,25,250,0,1,1,0,0,0,0,0,0,1,0,0,0,0,0,0,1,0,0,0.0
58,3,25,350,0,1,1,0,0,0,0,0,0,0,0,0,0,0,1,0,0,0,1,0.8
54,4,60,750,1,0,1,0,0,0,1,0,0,0,0,0,0,0,0,0,0,1,0,0.8
42,4,25,350,1,0,1,0,0,0,0,0,0,1,0,0,0,0,0,0,1,0,0,0.0
48,4,25,450,0,1,0,0,1,0,0,0,0,1,0,0,0,0,0,0,1,0,0,0.0
40,1,5,50,0,1,0,0,1,0,0,0,0,1,0,0,0,0,0,0,0,1,0,1.0
62,4,35,350,0,1,0,1,0,0,0,0,0,0,0,0,0,1,0,0,1,0,0,0.0
48,4,35,550,0,1,1,0,0,0,0,0,0,0,0,0,0,0,1,0,0,1,0,0.8
43,4,35,750,1,0,1,0,0,0,0,0,0,1,0,0,0,0,0,0,0,1,0,0.8
40,2,45,650,0,1,0,0,1,0,0,0,1,0,0,0,0,0,0,0,1,0,0,0.0
49,5,25,350,0,1,0,1,0,0,0,0,0,0,0,1,0,0,0,0,0,1,0,0.8
67,1,15,50,1,0,1,0,0,0,0,1,0,0,0,0,0,0,0,0,0,1,0,0.8
53,2,15,150,0,1,1,0,0,0,0,0,0,0,0,0,0,0,1,0,0,0,1,0.2
54,3,25,150,0,1,1,0,0,0,0,0,1,0,0,0,0,0,0,0,0,1,0,0.6000000000000001
56,1,25,550,1,0,0,0,1,0,0,0,0,1,0,0,0,0,0,0,0,1,0,0.2
37,2,45,450,1,0,1,0,0,0,0,0,0,0,0,0,0,1,0,0,1,0,0,0.0
58,2,15,50,0,1,0,0,1,0,0,0,0,0,0,1,0,0,0,0,0,1,0,0.6000000000000001
40,3,15,350,1,0,0,0,1,0,0,1,0,0,0,0,0,0,0,0,0,0,1,0.4
58,3,45,550,0,1,1,0,0,0,0,0,0,0,0,0,0,0,1,0,0,0,1,0.4
51,2,15,350,0,1,0,0,1,0,0,0,0,0,0,0,0,1,0,0,0,1,0,0.6000000000000001
56,4,25,250,0,1,1,0,0,0,0,0,0,0,0,0,0,0,1,0,1,0,0,0.0
68,3,35,750,1,0,1,0,0,0,0,0,0,0,0,0,0,1,0,0,0,1,0,0.8
56,4,45,550,1,0,1,0,0,0,0,0,0,0,1,0,0,0,0,0,1,0,0,0.0
46,4,25,350,1,0,0,0,1,0,0,0,0,0,1,0,0,0,0,0,0,1,0,0.6000000000000001
33,2,15,450,0,1,0,0,1,0,0,0,0,1,0,0,0,0,0,0,0,0,1,1.0
26,3,25,350,0,1,0,0,1,0,0,0,0,1,0,0,0,0,0,0,0,1,0,1.0
44,2,15,150,0,1,0,1,0,0,0,0,0,1,0,0,0,0,0,0,0,1,0,0.8
24,3,45,650,0,1,0,0,1,0,0,0,0,0,0,0,0,0,0,1,1,0,0,0.0
43,3,25,550,1,0,1,0,0,0,0,0,0,1,0,0,0,0,0,0,1,0,0,0.0
23,4,15,450,0,1,0,0,1,0,0,0,0,0,0,1,0,0,0,0,1,0,0,0.0
36,4,25,450,1,0,1,0,0,0,0,0,0,1,0,0,0,0,0,0,1,0,0,0.0
41,1,25,350,1,0,0,0,1,0,0,0,0,0,0,1,0,0,0,0,1,0,0,0.0
57,4,35,750,1,0,0,0,1,0,0,0,0,0,0,0,0,1,0,0,1,0,0,0.0
52,4,35,750,0,1,1,0,0,0,0,0,0,0,0,0,0,0,1,0,1,0,0,0.0
41,3,15,450,1,0,1,0,0,0,0,0,0,0,1,0,0,0,0,0,0,0,1,1.0
25,4,35,550,1,0,1,0,0,0,0,0,0,1,0,0,0,0,0,0,1,0,0,0.0
29,4,45,750,1,0,1,0,0,0,0,0,1,0,0,0,0,0,0,0,1,0,0,0.0
31,4,35,350,1,0,0,0,1,0,0,1,0,0,0,0,0,0,0,0,0,1,0,0.8
38,2,15,450,1,0,0,0,1,0,0,0,0,0,0,1,0,0,0,0,0,1,0,0.6000000000000001
26,4,25,350,1,0,0,0,1,0,0,0,0,1,0,0,0,0,0,0,0,0,1,0.8
50,4,45,750,1,0,1,0,0,0,0,0,0,0,0,0,0,1,0,0,1,0,0,0.0
38,3,35,350,0,1,1,0,0,0,0,0,0,1,0,0,0,0,0,0,0,1,0,0.6000000000000001
26,2,15,150,1,0,0,0,1,0,0,0,0,1,0,0,0,0,0,0,1,0,0,0.0
34,2,25,550,1,0,1,0,0,0,0,0,0,1,0,0,0,0,0,0,0,1,0,0.4
34,5,35,650,1,0,1,0,0,0,0,0,0,1,0,0,0,0,0,0,1,0,0,0.0
51,4,25,450,0,1,1,0,0,0,0,0,0,0,0,0,0,0,1,0,0,0,1,0.6000000000000001
25,4,45,750,1,0,1,0,0,0,0,0,0,0,0,0,0,0,0,1,1,0,0,0.0
24,4,25,250,1,0,0,1,0,0,0,0,0,0,0,0,0,0,0,1,1,0,0,0.0
37,4,25,550,0,1,1,0,0,0,0,0,0,0,0,0,0,0,1,0,0,0,1,0.8
37,4,25,350,1,0,0,0,1,0,0,0,0,0,0,0,1,0,0,0,0,1,0,0.8
45,1,5,50,1,0,0,1,0,0,0,0,0,0,0,0,1,0,0,0,0,0,1,0.2
36,4,25,350,1,0,0,0,1,0,0,0,0,1,0,0,0,0,0,0,0,1,0,0.8
48,4,45,550,0,1,1,0,0,0,0,0,0,0,0,0,0,0,1,0,1,0,0,0.0
32,3,60,650,1,0,1,0,0,0,0,0,0,1,0,0,0,0,0,0,1,0,0,0.0
53,4,25,750,0,1,1,0,0,0,0,0,0,0,0,0,0,0,1,0,1,0,0,0.0
40,4,15,350,0,1,0,1,0,0,0,0,0,0,0,0,0,0,1,0,0,0,1,0.6000000000000001
52,4,35,550,0,1,1,0,0,0,0,0,0,1,0,0,0,0,0,0,1,0,0,0.0
56,5,25,550,1,0,0,0,1,0,1,0,0,0,0,0,0,0,0,0,1,0,0,0.0
59,1,15,50,0,1,0,0,1,0,0,1,0,0,0,0,0,0,0,0,1,0,0,0.0
36,3,25,350,1,0,0,0,1,0,0,0,0,1,0,0,0,0,0,0,1,0,0,0.0
37,3,25,450,1,0,0,0,1,0,0,0,0,1,0,0,0,0,0,0,1,0,0,0.0
24,1,45,50,1,0,0,1,0,0,0,0,0,0,0,0,0,0,0,1,1,0,0,0.0
35,4,25,450,0,1,1,0,0,0,0,0,0,1,0,0,0,0,0,0,1,0,0,0.0
25,3,35,450,1,0,1,0,0,0,0,0,0,0,0,0,0,0,0,1,1,0,0,0.0
29,6,60,750,1,0,0,1,0,0,0,0,0,0,0,1,0,0,0,0,1,0,0,0.0
34,2,15,350,0,1,1,0,0,0,0,0,0,1,0,0,0,0,0,0,1,0,0,0.0
42,4,25,450,1,0,1,0,0,0,0,0,0,0,1,0,0,0,0,0,1,0,0,0.0
44,1,5,150,1,0,0,0,1,0,0,0,0,0,0,1,0,0,0,0,1,0,0,0.0
59,2,60,750,1,0,1,0,0,0,0,0,1,0,0,0,0,0,0,0,0,1,0,0.2
48,4,35,650,0,1,0,0,1,0,1,0,0,0,0,0,0,0,0,0,0,1,0,0.8
28,3,35,450,1,0,0,0,1,0,0,0,0,0,0,0,0,1,0,0,1,0,0,0.0
45,3,60,650,0,1,1,0,0,0,0,0,0,1,0,0,0,0,0,0,1,0,0,0.0
43,3,25,450,1,0,0,0,1,0,0,0,0,0,1,0,0,0,0,0,0,1,0,0.2
32,2,15,350,0,1,0,0,1,0,0,0,0,1,0,0,0,0,0,0,1,0,0,0.0
26,3,25,150,1,0,1,0,0,0,0,0,0,1,0,0,0,0,0,0,1,0,0,0.0
57,4,35,450,1,0,0,1,0,0,0,0,0,1,0,0,0,0,0,0,0,1,0,1.0
33,2,15,250,1,0,0,0,1,0,0,0,0,1,0,0,0,0,0,0,1,0,0,0.0
47,4,35,450,0,1,1,0,0,0,0,0,0,0,0,0,0,0,1,0,0,0,1,0.6000000000000001
44,4,35,550,0,1,0,0,1,0,0,0,1,0,0,0,0,0,0,0,1,0,0,0.0
36,4,25,550,0,1,0,0,1,0,0,0,0,1,0,0,0,0,0,0,0,1,0,0.6000000000000001
32,2,5,450,1,0,0,0,0,1,0,0,0,0,0,0,1,0,0,0,0,1,0,0.6000000000000001
25,5,25,750,0,1,0,0,1,0,0,0,0,1,0,0,0,0,0,0,1,0,0,0.0
29,3,25,450,1,0,1,0,0,0,0,0,1,0,0,0,0,0,0,0,1,0,0,0.0
32,4,35,450,0,1,0,1,0,0,0,0,0,1,0,0,0,0,0,0,1,0,0,0.0
53,4,35,750,1,0,1,0,0,0,0,0,0,0,0,0,0,1,0,0,0,1,0,0.8
32,3,15,450,1,0,0,0,1,0,0,0,0,0,0,0,0,1,0,0,0,1,0,0.2
57,1,15,150,1,0,1,0,0,0,0,0,0,0,0,0,1,0,0,0,0,1,0,0.8
35,2,15,550,0,1,0,0,1,0,0,0,0,0,0,0,0,0,1,0,1,0,0,0.0
28,4,35,550,1,0,1,0,0,0,0,0,0,1,0,0,0,0,0,0,1,0,0,0.0
41,2,15,450,1,0,1,0,0,0,1,0,0,0,0,0,0,0,0,0,0,1,0,0.8
43,3,35,750,1,0,1,0,0,0,1,0,0,0,0,0,0,0,0,0,1,0,0,0.0
36,3,15,550,0,1,0,0,1,0,0,0,0,1,0,0,0,0,0,0,0,1,0,0.8
30,4,35,350,1,0,1,0,0,0,0,0,0,1,0,0,0,0,0,0,0,0,1,0.8
51,2,15,250,0,1,0,1,0,0,0,0,0,1,0,0,0,0,0,0,1,0,0,0.0
47,1,5,150,0,1,0,0,1,0,0,0,0,1,0,0,0,0,0,0,0,0,1,0.4
37,3,25,250,1,0,0,0,1,0,0,0,0,1,0,0,0,0,0,0,0,0,1,0.8
40,2,15,150,0,1,0,0,1,0,0,0,0,0,0,0,1,0,0,0,0,1,0,0.8
59,1,15,250,0,1,0,0,1,0,0,0,0,1,0,0,0,0,0,0,1,0,0,0.0
36,4,25,650,1,0,0,0,1,0,0,0,0,1,0,0,0,0,0,0,1,0,0,0.0
51,4,25,450,1,0,1,0,0,0,0,0,0,1,0,0,0,0,0,0,0,0,1,0.4
58,4,60,750,1,0,0,0,1,0,0,0,1,0,0,0,0,0,0,0,1,0,0,0.0
60,3,25,450,0,1,0,0,1,0,0,0,0,0,0,0,0,0,1,0,0,1,0,0.8
50,3,25,350,0,1,1,0,0,0,0,0,0,1,0,0,0,0,0,0,1,0,0,0.0
34,4,25,750,0,1,0,0,1,0,0,0,0,0,0,1,0,0,0,0,1,0,0,0.0
59,5,60,650,1,0,0,1,0,0,0,0,0,1,0,0,0,0,0,0,0,0,1,0.6000000000000001
54,4,35,450,0,1,1,0,0,0,0,0,0,0,0,0,0,0,1,0,1,0,0,0.0
41,5,35,750,0,1,0,0,1,0,0,0,0,1,0,0,0,0,0,0,1,0,0,0.0
33,4,5,150,1,0,0,0,1,0,0,0,0,1,0,0,0,0,0,0,0,1,0,0.8
58,5,35,350,1,0,0,0,1,0,0,0,1,0,0,0,0,0,0,0,1,0,0,0.0
24,5,15,150,0,1,1,0,0,0,0,0,0,0,0,0,0,0,0,1,0,0,1,0.4
54,4,15,150,1,0,0,1,0,0,0,0,0,0,0,0,1,0,0,0,0,1,0,0.8
42,3,25,450,1,0,0,0,0,1,1,0,0,0,0,0,0,0,0,0,1,0,0,0.0
45,4,35,450,0,1,1,0,0,0,0,0,0,0,0,0,0,0,1,0,0,1,0,0.8
28,4,35,350,0,1,1,0,0,0,0,0,0,1,0,0,0,0,0,0,1,0,0,0.0
43,4,35,350,0,1,1,0,0,0,0,0,0,1,0,0,0,0,0,0,1,0,0,0.0
38,4,25,350,0,1,1,0,0,0,0,0,0,1,0,0,0,0,0,0,1,0,0,0.0
32,4,25,750,0,1,0,1,0,0,0,0,0,1,0,0,0,0,0,0,1,0,0,0.0
35,2,35,550,1,0,1,0,0,0,0,0,0,1,0,0,0,0,0,0,1,0,0,0.0
44,4,35,450,0,1,1,0,0,0,0,0,1,0,0,0,0,0,0,0,1,0,0,0.0
36,3,35,350,1,0,1,0,0,0,0,0,0,1,0,0,0,0,0,0,0,1,0,0.8
35,2,15,450,0,1,1,0,0,0,0,0,0,0,0,0,0,0,1,0,1,0,0,0.0
38,3,35,550,1,0,1,0,0,0,0,0,0,1,0,0,0,0,0,0,1,0,0,0.0
41,5,60,750,1,0,1,0,0,0,0,0,1,0,0,0,0,0,0,0,1,0,0,0.0
44,4,15,350,1,0,1,0,0,0,0,0,0,1,0,0,0,0,0,0,0,1,0,0.6000000000000001
41,4,35,350,1,0,1,0,0,0,0,0,0,1,0,0,0,0,0,0,0,1,0,0.8
33,3,45,650,1,0,1,0,0,0,0,0,1,0,0,0,0,0,0,0,1,0,0,0.0
53,2,15,250,0,1,0,0,1,0,0,0,0,0,0,1,0,0,0,0,1,0,0,0.0
57,4,35,550,1,0,1,0,0,0,0,0,0,1,0,0,0,0,0,0,1,0,0,0.0
38,2,45,650,0,1,1,0,0,0,0,0,0,1,0,0,0,0,0,0,0,1,0,0.4
51,3,35,550,0,1,1,0,0,0,0,0,0,0,0,0,0,0,1,0,0,1,0,0.6000000000000001
24,3,5,50,0,1,0,1,0,0,0,0,0,1,0,0,0,0,0,0,1,0,0,0.0
26,3,25,350,1,0,1,0,0,0,0,0,0,1,0,0,0,0,0,0,1,0,0,0.0
31,1,25,250,0,1,0,1,0,0,0,0,1,0,0,0,0,0,0,0,1,0,0,0.0
54,4,35,750,0,1,1,0,0,0,0,0,0,0,0,0,0,1,0,0,0,1,0,0.8
47,4,35,550,1,0,0,1,0,0,0,0,0,1,0,0,0,0,0,0,0,1,0,0.6000000000000001
37,5,25,550,1,0,1,0,0,0,0,0,0,1,0,0,0,0,0,0,1,0,0,0.0
47,4,45,750,0,1,1,0,0,0,0,0,0,1,0,0,0,0,0,0,1,0,0,0.0
32,2,15,350,0,1,1,0,0,0,0,0,0,1,0,0,0,0,0,0,1,0,0,0.0
58,4,45,750,0,1,1,0,0,0,0,0,0,0,0,0,0,1,0,0,1,0,0,0.0
52,4,35,550,1,0,1,0,0,0,0,0,0,1,0,0,0,0,0,0,1,0,0,0.0
28,3,25,750,0,1,0,0,1,0,0,0,1,0,0,0,0,0,0,0,1,0,0,0.0
41,3,25,150,0,1,0,1,0,0,0,0,0,0,1,0,0,0,0,0,1,0,0,0.0
36,2,25,750,1,0,1,0,0,0,0,0,0,1,0,0,0,0,0,0,0,1,0,0.8
61,3,15,450,1,0,0,1,0,0,0,0,0,0,0,0,0,1,0,0,0,1,0,0.6000000000000001
50,4,25,550,0,1,0,0,1,0,0,0,0,1,0,0,0,0,0,0,0,1,0,0.6000000000000001
47,4,35,550,0,1,1,0,0,0,0,0,0,0,0,0,0,0,1,0,1,0,0,0.0
54,4,35,550,1,0,0,0,1,0,0,0,0,0,0,0,0,1,0,0,1,0,0,0.0
56,4,25,350,1,0,1,0,0,0,0,0,0,1,0,0,0,0,0,0,1,0,0,0.0
47,4,25,450,1,0,1,0,0,0,1,0,0,0,0,0,0,0,0,0,0,0,1,0.2
53,4,35,750,0,1,1,0,0,0,0,0,1,0,0,0,0,0,0,0,0,1,0,0.6000000000000001
49,4,45,450,1,0,1,0,0,0,0,0,0,1,0,0,0,0,0,0,0,1,0,0.8
36,6,35,550,0,1,1,0,0,0,0,0,0,1,0,0,0,0,0,0,1,0,0,0.0
54,3,35,750,1,0,0,0,1,0,1,0,0,0,0,0,0,0,0,0,0,1,0,0.6000000000000001
56,5,25,350,1,0,0,0,1,0,0,0,0,0,0,0,1,0,0,0,0,1,0,0.6000000000000001
65,4,35,450,1,0,0,1,0,0,0,0,0,0,0,0,0,1,0,0,1,0,0,0.0
39,3,35,350,1,0,1,0,0,0,0,0,0,1,0,0,0,0,0,0,0,0,1,0.8
53,4,45,550,0,1,1,0,0,0,0,0,0,0,0,0,0,0,1,0,0,1,0,0.2
43,3,25,450,0,1,1,0,0,0,0,0,0,0,0,0,0,0,1,0,0,1,0,0.8
31,2,35,450,1,0,1,0,0,0,0,0,0,1,0,0,0,0,0,0,1,0,0,0.0
22,3,15,250,0,1,1,0,0,0,0,0,0,0,0,0,0,0,0,1,0,0,1,0.8
52,4,45,750,1,0,1,0,0,0,0,0,0,0,1,0,0,0,0,0,1,0,0,0.0
41,3,25,550,0,1,0,0,1,0,0,0,0,0,0,0,0,0,1,0,0,1,0,0.8
36,6,35,650,1,0,0,1,0,0,0,0,0,1,0,0,0,0,0,0,1,0,0,0.0
44,2,35,350,0,1,1,0,0,0,0,0,0,1,0,0,0,0,0,0,0,1,0,0.4
38,3,35,550,0,1,1,0,0,0,0,0,0,0,0,0,0,0,1,0,0,1,0,1.0
50,4,25,550,1,0,1,0,0,0,1,0,0,0,0,0,0,0,0,0,0,1,0,0.8
53,4,45,750,1,0,0,1,0,0,0,0,0,1,0,0,0,0,0,0,1,0,0,0.0
44,4,35,650,1,0,1,0,0,0,0,0,1,0,0,0,0,0,0,0,0,1,0,0.6000000000000001
54,4,35,450,1,0,1,0,0,0,0,0,0,1,0,0,0,0,0,0,0,1,0,0.8
55,5,35,750,1,0,1,0,0,0,0,0,1,0,0,0,0,0,0,0,1,0,0,0.0
50,3,45,650,0,1,1,0,0,0,0,0,0,1,0,0,0,0,0,0,1,0,0,0.0
43,2,15,250,0,1,0,1,0,0,0,0,0,0,0,0,0,0,1,0,1,0,0,0.0
25,4,35,350,0,1,0,1,0,0,0,0,0,1,0,0,0,0,0,0,1,0,0,0.0
30,3,25,550,1,0,1,0,0,0,1,0,0,0,0,0,0,0,0,0,0,0,1,0.4
39,3,15,350,1,0,0,0,1,0,0,0,0,1,0,0,0,0,0,0,0,1,0,0.6000000000000001
35,4,25,350,0,1,1,0,0,0,0,0,0,1,0,0,0,0,0,0,0,1,0,0.8
30,2,15,250,1,0,0,0,1,0,0,0,0,0,0,0,0,1,0,0,0,1,0,1.0
35,3,25,250,0,1,1,0,0,0,0,0,0,1,0,0,0,0,0,0,1,0,0,0.0
31,4,35,750,0,1,0,0,1,0,0,0,1,0,0,0,0,0,0,0,1,0,0,0.0
23,5,60,450,0,1,0,0,1,0,0,0,1,0,0,0,0,0,0,0,1,0,0,0.0
49,4,15,350,1,0,1,0,0,0,0,0,0,0,0,1,0,0,0,0,0,0,1,0.4
28,4,35,350,1,0,1,0,0,0,0,0,0,0,0,0,0,0,0,1,0,0,1,0.2
26,4,35,450,1,0,0,0,1,0,0,0,0,0,0,0,0,0,0,1,1,0,0,0.0
49,3,45,650,1,0,0,0,1,0,0,0,0,1,0,0,0,0,0,0,1,0,0,0.0
55,4,35,450,0,1,0,1,0,0,0,0,0,0,0,0,0,0,1,0,1,0,0,0.0
43,4,25,450,1,0,0,0,1,0,0,0,0,0,1,0,0,0,0,0,1,0,0,0.0
36,3,25,550,0,1,0,1,0,0,0,0,0,1,0,0,0,0,0,0,1,0,0,0.0
56,3,25,750,0,1,0,0,1,0,0,0,0,1,0,0,0,0,0,0,1,0,0,0.0
60,6,25,450,0,1,1,0,0,0,0,0,0,0,0,0,0,0,1,0,0,1,0,0.4
44,6,25,550,0,1,0,0,1,0,0,1,0,0,0,0,0,0,0,0,0,1,0,0.6000000000000001
55,3,15,250,0,1,1,0,0,0,0,0,1,0,0,0,0,0,0,0,0,1,0,0.4
49,4,35,450,0,1,0,0,1,0,0,0,0,0,0,0,0,1,0,0,0,0,1,0.2
50,4,35,750,1,0,1,0,0,0,0,0,0,1,0,0,0,0,0,0,1,0,0,0.0
39,3,35,550,1,0,0,0,1,0,0,0,0,0,0,0,0,1,0,0,1,0,0,0.0
33,3,25,450,1,0,0,0,1,0,0,0,0,1,0,0,0,0,0,0,0,0,1,0.2
49,3,25,450,1,0,1,0,0,0,0,0,0,0,0,0,0,1,0,0,0,1,0,0.6000000000000001
51,4,35,650,1,0,0,1,0,0,0,0,1,0,0,0,0,0,0,0,0,0,1,0.6000000000000001
43,4,45,750,0,1,0,1,0,0,0,0,0,1,0,0,0,0,0,0,0,1,0,0.4
35,3,35,550,1,0,1,0,0,0,0,0,0,1,0,0,0,0,0,0,0,1,0,0.8
26,2,25,650,0,1,1,0,0,0,0,0,0,1,0,0,0,0,0,0,1,0,0,0.0
26,4,45,750,0,1,1,0,0,0,0,0,0,1,0,0,0,0,0,0,1,0,0,0.0
40,1,15,250,0,1,0,0,1,0,0,0,1,0,0,0,0,0,0,0,1,0,0,0.0
34,1,15,250,1,0,0,0,1,0,0,0,0,1,0,0,0,0,0,0,1,0,0,0.0
37,6,25,650,0,1,0,1,0,0,0,0,0,1,0,0,0,0,0,0,0,0,1,1.0
45,4,35,550,0,1,1,0,0,0,0,0,0,0,0,0,0,1,0,0,0,1,0,0.8
48,4,60,750,0,1,1,0,0,0,0,0,0,0,0,0,0,0,1,0,1,0,0,0.0
48,4,25,550,0,1,0,1,0,0,0,0,1,0,0,0,0,0,0,0,0,1,0,0.6000000000000001
60,4,35,550,1,0,0,0,1,0,0,0,0,1,0,0,0,0,0,0,0,1,0,0.4
43,2,25,350,0,1,0,0,1,0,0,0,0,1,0,0,0,0,0,0,0,1,0,1.0
45,3,25,550,0,1,1,0,0,0,0,0,0,0,0,0,0,1,0,0,1,0,0,0.0
45,4,25,450,0,1,1,0,0,0,0,0,0,1,0,0,0,0,0,0,1,0,0,0.0
27,4,35,350,1,0,1,0,0,0,0,0,0,0,0,0,0,0,0,1,0,1,0,0.8
28,1,5,150,1,0,0,1,0,0,0,0,0,0,0,0,0,0,0,1,0,1,0,0.8
47,3,15,350,1,0,0,1,0,0,0,0,1,0,0,0,0,0,0,0,1,0,0,0.0
53,3,35,550,1,0,1,0,0,0,0,0,0,0,0,0,0,1,0,0,0,1,0,0.6000000000000001
31,2,15,350,0,1,0,0,1,0,0,0,0,1,0,0,0,0,0,0,0,1,0,0.8
44,3,35,750,1,0,1,0,0,0,1,0,0,0,0,0,0,0,0,0,1,0,0,0.0
38,5,15,50,1,0,0,0,1,0,0,0,0,0,0,0,0,1,0,0,0,0,1,0.2
35,1,15,250,1,0,0,0,1,0,0,0,0,0,0,1,0,0,0,0,0,0,1,0.6000000000000001
26,1,5,150,0,1,0,0,1,0,0,0,1,0,0,0,0,0,0,0,1,0,0,0.0
52,4,35,450,0,1,1,0,0,0,0,0,0,0,0,0,0,0,1,0,0,0,1,0.8
29,3,25,250,0,1,0,0,1,0,1,0,0,0,0,0,0,0,0,0,0,0,1,1.0
28,4,25,350,0,1,1,0,0,0,0,0,1,0,0,0,0,0,0,0,0,1,0,0.8
25,5,25,50,0,1,1,0,0,0,0,1,0,0,0,0,0,0,0,0,1,0,0,0.0
36,5,35,650,1,0,1,0,0,0,0,0,0,1,0,0,0,0,0,0,1,0,0,0.0
40,3,15,350,1,0,0,1,0,0,0,0,0,1,0,0,0,0,0,0,1,0,0,0.0
26,3,35,750,0,1,1,0,0,0,0,0,0,1,0,0,0,0,0,0,1,0,0,0.0
36,4,35,50,0,1,0,1,0,0,0,0,0,0,0,0,0,0,1,0,1,0,0,0.0
28,4,35,250,1,0,0,0,1,0,0,0,0,1,0,0,0,0,0,0,0,0,1,0.6000000000000001
53,4,35,450,1,0,1,0,0,0,0,0,0,1,0,0,0,0,0,0,0,0,1,0.4
27,2,15,50,0,1,1,0,0,0,0,0,0,0,0,0,0,0,1,0,1,0,0,0.0
24,4,25,250,1,0,0,0,1,0,0,0,0,1,0,0,0,0,0,0,1,0,0,0.0
31,1,15,250,0,1,0,0,1,0,0,0,0,1,0,0,0,0,0,0,1,0,0,0.0
39,6,35,450,0,1,0,0,1,0,0,0,0,1,0,0,0,0,0,0,0,1,0,0.8
56,4,25,350,0,1,1,0,0,0,0,0,0,0,0,0,0,0,1,0,1,0,0,0.0
24,4,25,450,1,0,0,0,1,0,0,0,0,0,0,0,0,0,0,1,0,0,1,1.0
31,2,15,550,0,1,0,1,0,0,0,0,1,0,0,0,0,0,0,0,1,0,0,0.0
28,2,15,750,1,0,0,0,1,0,0,0,0,0,0,0,0,1,0,0,0,1,0,0.6000000000000001
20,4,35,450,1,0,1,0,0,0,0,0,0,0,0,0,0,0,0,1,1,0,0,0.0
42,3,45,750,1,0,1,0,0,0,0,0,1,0,0,0,0,0,0,0,0,0,1,0.8
26,4,35,450,1,0,0,1,0,0,0,0,0,0,0,0,0,0,0,1,1,0,0,0.0
26,1,15,250,0,1,0,0,1,0,0,0,0,1,0,0,0,0,0,0,1,0,0,0.0
20,4,25,250,0,1,1,0,0,0,0,0,0,0,0,0,0,0,0,1,0,0,1,0.8
25,1,15,150,1,0,0,0,1,0,0,0,0,1,0,0,0,0,0,0,1,0,0,0.0
45,3,35,550,0,1,0,0,1,0,0,0,0,1,0,0,0,0,0,0,0,1,0,0.8
28,6,25,450,0,1,0,0,1,0,1,0,0,0,0,0,0,0,0,0,0,1,0,0.8
24,3,25,250,0,1,1,0,0,0,0,0,0,0,0,0,0,0,0,1,1,0,0,0.0
44,3,35,450,1,0,1,0,0,0,0,0,0,1,0,0,0,0,0,0,1,0,0,0.0
49,3,60,150,1,0,0,1,0,0,1,0,0,0,0,0,0,0,0,0,1,0,0,0.0
37,2,25,450,1,0,0,0,1,0,0,0,0,1,0,0,0,0,0,0,1,0,0,0.0
37,3,25,350,1,0,0,1,0,0,0,0,0,1,0,0,0,0,0,0,1,0,0,0.0
24,4,25,50,1,0,1,0,0,0,0,0,0,0,0,0,0,0,0,1,0,1,0,0.8
30,1,5,250,1,0,0,0,1,0,0,1,0,0,0,0,0,0,0,0,0,1,0,0.8
47,4,35,350,1,0,1,0,0,0,0,0,0,1,0,0,0,0,0,0,1,0,0,0.0
25,4,35,250,1,0,1,0,0,0,0,0,0,0,0,0,0,0,0,1,0,1,0,0.6000000000000001
46,4,35,750,0,1,1,0,0,0,0,0,0,0,0,0,0,0,1,0,0,0,1,0.2
47,4,35,450,1,0,1,0,0,0,0,0,0,0,0,0,0,1,0,0,1,0,0,0.0
44,4,35,750,1,0,1,0,0,0,1,0,0,0,0,0,0,0,0,0,0,1,0,0.8
53,4,35,550,1,0,1,0,0,0,0,0,0,1,0,0,0,0,0,0,0,1,0,0.6000000000000001
38,2,35,550,0,1,1,0,0,0,0,0,0,0,0,0,0,0,1,0,1,0,0,0.0
41,4,35,650,1,0,0,0,1,0,0,0,0,1,0,0,0,0,0,0,1,0,0,0.0
39,2,25,350,1,0,1,0,0,0,0,0,0,0,0,1,0,0,0,0,0,1,0,0.6000000000000001
48,4,60,750,1,0,0,0,1,0,0,0,1,0,0,0,0,0,0,0,1,0,0,0.0
39,1,25,350,1,0,0,1,0,0,0,0,0,0,0,0,1,0,0,0,0,1,0,1.0
42,3,25,550,0,1,0,0,1,0,0,0,0,1,0,0,0,0,0,0,0,0,1,0.8
43,5,15,750,0,1,1,0,0,0,0,0,0,0,0,0,0,0,1,0,0,1,0,1.0
41,4,25,650,1,0,1,0,0,0,0,0,0,1,0,0,0,0,0,0,0,1,0,0.4
47,4,25,550,1,0,1,0,0,0,0,0,0,1,0,0,0,0,0,0,1,0,0,0.0
49,3,35,250,1,0,1,0,0,0,0,0,0,1,0,0,0,0,0,0,0,0,1,0.2
27,4,35,250,0,1,1,0,0,0,0,0,0,1,0,0,0,0,0,0,0,1,0,0.6000000000000001
29,5,45,750,0,1,1,0,0,0,0,0,1,0,0,0,0,0,0,0,1,0,0,0.0
45,4,25,250,0,1,1,0,0,0,0,1,0,0,0,0,0,0,0,0,0,1,0,0.8
44,4,35,750,1,0,0,1,0,0,0,0,0,0,0,0,0,1,0,0,1,0,0,0.0
31,2,15,350,1,0,0,1,0,0,0,0,0,1,0,0,0,0,0,0,1,0,0,0.0
39,5,15,250,1,0,0,1,0,0,0,0,0,1,0,0,0,0,0,0,1,0,0,0.0
48,5,45,750,0,1,1,0,0,0,0,0,1,0,0,0,0,0,0,0,0,1,0,0.6000000000000001
26,4,25,650,0,1,1,0,0,0,0,0,0,1,0,0,0,0,0,0,1,0,0,0.0
31,4,60,750,1,0,1,0,0,0,0,0,0,1,0,0,0,0,0,0,1,0,0,0.0
36,3,15,250,0,1,0,0,1,0,0,0,0,0,0,0,0,0,1,0,0,1,0,1.0
34,3,15,150,0,1,0,0,1,0,0,0,0,0,0,0,0,1,0,0,1,0,0,0.0
44,2,25,650,0,1,0,0,1,0,0,0,0,0,0,1,0,0,0,0,1,0,0,0.0
44,4,35,550,0,1,0,0,1,0,0,0,0,1,0,0,0,0,0,0,0,1,0,0.6000000000000001
34,5,35,450,1,0,1,0,0,0,0,0,0,0,1,0,0,0,0,0,1,0,0,0.0
41,4,25,250,1,0,0,0,1,0,0,0,0,0,0,1,0,0,0,0,1,0,0,0.0
49,5,35,750,1,0,1,0,0,0,1,0,0,0,0,0,0,0,0,0,1,0,0,0.0
57,4,60,450,0,1,0,0,1,0,0,0,0,1,0,0,0,0,0,0,1,0,0,0.0
48,4,25,350,1,0,0,0,1,0,0,0,0,0,0,0,0,1,0,0,0,0,1,0.4
22,4,35,650,1,0,1,0,0,0,0,0,0,0,0,0,0,0,0,1,0,1,0,0.8
48,4,35,450,1,0,1,0,0,0,0,0,0,0,0,0,0,1,0,0,1,0,0,0.0
36,4,25,450,0,1,1,0,0,0,0,0,0,0,0,0,0,0,1,0,0,0,1,0.2
56,1,15,150,0,1,1,0,0,0,0,0,0,1,0,0,0,0,0,0,1,0,0,0.0
43,4,45,250,1,0,0,0,1,0,0,0,0,1,0,0,0,0,0,0,0,1,0,0.8
49,4,25,150,1,0,0,0,1,0,0,0,0,0,0,0,1,0,0,0,0,0,1,0.4
31,2,15,550,1,0,0,0,1,0,0,0,0,0,0,0,1,0,0,0,1,0,0,0.0
33,1,5,150,0,1,0,0,1,0,0,0,0,1,0,0,0,0,0,0,1,0,0,0.0
24,3,15,350,1,0,1,0,0,0,0,0,0,0,0,0,0,0,0,1,1,0,0,0.0
40,3,15,450,1,0,1,0,0,0,0,0,0,1,0,0,0,0,0,0,1,0,0,0.0
29,2,15,250,1,0,1,0,0,0,0,0,0,1,0,0,0,0,0,0,1,0,0,0.0
42,3,25,750,0,1,1,0,0,0,0,0,0,0,0,0,0,0,1,0,0,1,0,0.8
51,3,15,350,0,1,1,0,0,0,0,0,0,1,0,0,0,0,0,0,1,0,0,0.0
31,3,25,650,0,1,1,0,0,0,0,0,0,1,0,0,0,0,0,0,0,1,0,0.8
35,4,15,250,1,0,1,0,0,0,0,0,0,0,1,0,0,0,0,0,0,1,0,0.8
35,2,15,550,0,1,1,0,0,0,0,0,0,1,0,0,0,0,0,0,0,1,0,0.4
44,3,35,650,0,1,1,0,0,0,0,0,0,1,0,0,0,0,0,0,0,0,1,0.4
48,3,35,650,1,0,1,0,0,0,1,0,0,0,0,0,0,0,0,0,1,0,0,0.0
35,4,35,650,1,0,0,0,1,0,0,0,1,0,0,0,0,0,0,0,1,0,0,0.0
32,4,25,250,1,0,0,0,1,0,0,0,0,1,0,0,0,0,0,0,1,0,0,0.0
54,2,25,150,0,1,1,0,0,0,0,0,0,1,0,0,0,0,0,0,0,0,1,0.2
36,2,25,650,0,1,0,0,1,0,0,0,0,1,0,0,0,0,0,0,0,1,0,0.6000000000000001
43,2,15,250,0,1,0,1,0,0,0,0,0,1,0,0,0,0,0,0,0,0,1,0.4
20,3,15,350,1,0,0,0,1,0,0,0,1,0,0,0,0,0,0,0,0,0,1,0.6000000000000001
29,1,5,250,1,0,0,0,0,1,0,0,0,0,1,0,0,0,0,0,0,1,0,1.0
33,3,25,450,1,0,1,0,0,0,0,0,0,0,0,0,1,0,0,0,1,0,0,0.0
25,3,25,150,1,0,1,0,0,0,0,0,0,0,0,0,0,0,0,1,0,0,1,1.0
28,3,25,650,1,0,1,0,0,0,0,0,0,1,0,0,0,0,0,0,1,0,0,0.0
35,4,35,550,0,1,0,0,1,0,0,0,0,0,0,0,0,0,1,0,1,0,0,0.0
50,4,25,750,0,1,0,0,1,0,0,0,0,1,0,0,0,0,0,0,0,0,1,0.2
44,2,25,750,0,1,1,0,0,0,0,0,0,0,0,0,0,1,0,0,1,0,0,0.0
49,4,25,650,0,1,0,0,1,0,0,0,0,1,0,0,0,0,0,0,0,1,0,0.4
25,4,35,350,0,1,1,0,0,0,0,0,0,1,0,0,0,0,0,0,1,0,0,0.0
34,3,25,750,0,1,0,0,1,0,0,0,0,1,0,0,0,0,0,0,1,0,0,0.0
29,3,15,150,0,1,0,1,0,0,0,0,0,1,0,0,0,0,0,0,1,0,0,0.0
38,3,25,250,0,1,1,0,0,0,1,0,0,0,0,0,0,0,0,0,0,1,0,0.8
58,4,45,750,0,1,0,0,1,0,0,0,0,1,0,0,0,0,0,0,0,1,0,0.8
35,4,25,450,1,0,0,1,0,0,0,0,0,1,0,0,0,0,0,0,1,0,0,0.0
38,3,15,450,1,0,0,0,1,0,0,0,0,0,0,1,0,0,0,0,0,1,0,1.0
53,5,35,650,0,1,0,1,0,0,0,0,0,1,0,0,0,0,0,0,0,1,0,0.6000000000000001
40,4,45,750,0,1,1,0,0,0,0,0,1,0,0,0,0,0,0,0,0,1,0,0.8
35,3,35,550,0,1,1,0,0,0,0,0,1,0,0,0,0,0,0,0,0,0,1,0.6000000000000001
28,2,25,650,0,1,1,0,0,0,0,0,0,0,0,0,0,0,0,1,0,0,1,0.2
60,4,35,250,0,1,1,0,0,0,0,0,0,0,0,0,0,0,1,0,1,0,0,0.0
32,2,15,250,0,1,0,0,1,0,0,0,0,1,0,0,0,0,0,0,0,1,0,0.6000000000000001
24,5,35,550,0,1,1,0,0,0,0,0,0,1,0,0,0,0,0,0,0,1,0,0.6000000000000001
40,4,60,750,1,0,1,0,0,0,0,0,0,0,0,0,1,0,0,0,1,0,0,0.0
58,3,35,450,0,1,0,0,1,0,0,0,0,0,0,0,0,0,1,0,0,1,0,0.6000000000000001
37,3,25,550,1,0,1,0,0,0,0,0,0,0,0,0,0,1,0,0,1,0,0,0.0
44,3,35,550,0,1,0,0,1,0,0,0,0,1,0,0,0,0,0,0,1,0,0,0.0
28,2,15,550,1,0,0,0,1,0,0,0,0,1,0,0,0,0,0,0,0,1,0,0.8
33,2,25,450,0,1,0,0,1,0,0,0,1,0,0,0,0,0,0,0,0,1,0,0.4
61,4,45,350,0,1,1,0,0,0,0,0,0,0,0,0,0,0,1,0,1,0,0,0.0
54,5,35,650,0,1,1,0,0,0,0,0,0,0,1,0,0,0,0,0,1,0,0,0.0
44,4,25,150,0,1,1,0,0,0,0,0,0,1,0,0,0,0,0,0,0,0,1,0.4
39,4,25,350,0,1,1,0,0,0,0,0,0,0,0,0,0,0,1,0,0,1,0,0.6000000000000001
55,3,25,450,0,1,1,0,0,0,0,0,0,1,0,0,0,0,0,0,0,0,1,0.2
25,4,25,250,1,0,1,0,0,0,0,0,0,0,0,0,0,0,0,1,1,0,0,0.0
32,3,25,250,1,0,0,0,1,0,0,0,0,1,0,0,0,0,0,0,1,0,0,0.0
37,2,15,450,0,1,0,0,1,0,0,0,0,1,0,0,0,0,0,0,1,0,0,0.0
28,1,15,350,1,0,0,0,1,0,0,0,0,0,0,0,0,1,0,0,1,0,0,0.0
35,2,15,450,0,1,0,0,1,0,0,0,0,1,0,0,0,0,0,0,1,0,0,0.0
33,10,60,750,0,1,1,0,0,0,0,0,0,1,0,0,0,0,0,0,1,0,0,0.0
23,3,25,150,0,1,1,0,0,0,0,0,0,1,0,0,0,0,0,0,1,0,0,0.0
23,4,25,250,0,1,0,0,1,0,0,0,0,1,0,0,0,0,0,0,0,1,0,1.0
55,4,35,450,1,0,0,0,1,0,0,0,0,1,0,0,0,0,0,0,1,0,0,0.0
24,3,25,550,0,1,1,0,0,0,0,0,1,0,0,0,0,0,0,0,1,0,0,0.0
25,3,25,150,1,0,0,1,0,0,0,0,0,0,0,0,0,0,0,1,0,0,1,0.8
32,4,35,750,0,1,1,0,0,0,0,0,0,1,0,0,0,0,0,0,0,0,1,0.8
26,4,35,150,0,1,1,0,0,0,0,0,0,1,0,0,0,0,0,0,0,1,0,0.8
29,3,45,50,0,1,1,0,0,0,0,0,0,0,0,1,0,0,0,0,0,1,0,0.6000000000000001
22,3,45,450,1,0,1,0,0,0,0,0,0,0,0,0,0,0,0,1,1,0,0,0.0
45,4,25,350,0,1,1,0,0,0,0,0,0,0,0,0,0,0,1,0,1,0,0,0.0
26,3,25,750,1,0,0,0,1,0,0,0,0,1,0,0,0,0,0,0,1,0,0,0.0
44,3,35,650,0,1,0,0,1,0,0,0,0,1,0,0,0,0,0,0,0,1,0,0.4
32,2,25,650,0,1,1,0,0,0,0,0,0,1,0,0,0,0,0,0,1,0,0,0.0
51,2,35,350,1,0,0,0,1,0,0,0,0,0,1,0,0,0,0,0,1,0,0,0.0
55,4,35,450,0,1,1,0,0,0,0,0,0,0,0,0,1,0,0,0,1,0,0,0.0
36,1,15,250,1,0,0,1,0,0,0,0,0,1,0,0,0,0,0,0,1,0,0,0.0
64,2,45,750,1,0,0,1,0,0,1,0,0,0,0,0,0,0,0,0,1,0,0,0.0
31,2,25,250,0,1,0,1,0,0,0,0,0,1,0,0,0,0,0,0,1,0,0,0.0
31,2,25,550,0,1,1,0,0,0,0,0,0,1,0,0,0,0,0,0,1,0,0,0.0
45,4,60,750,0,1,0,1,0,0,0,0,0,0,0,0,0,0,1,0,0,1,0,0.6000000000000001
57,4,35,550,1,0,1,0,0,0,0,0,0,1,0,0,0,0,0,0,1,0,0,0.0
32,3,25,350,0,1,1,0,0,0,0,1,0,0,0,0,0,0,0,0,0,1,0,0.4
30,4,25,250,0,1,1,0,0,0,1,0,0,0,0,0,0,0,0,0,0,0,1,0.6000000000000001
27,4,35,750,1,0,1,0,0,0,0,0,0,1,0,0,0,0,0,0,1,0,0,0.0
50,3,15,250,1,0,0,1,0,0,0,0,0,0,0,0,1,0,0,0,1,0,0,0.0
34,2,25,350,0,1,0,0,1,0,0,0,0,1,0,0,0,0,0,0,1,0,0,0.0
26,5,35,550,1,0,1,0,0,0,0,0,0,0,1,0,0,0,0,0,0,1,0,0.8
50,4,25,250,0,1,1,0,0,0,0,0,0,0,0,0,0,0,1,0,0,1,0,0.8
36,3,25,350,0,1,1,0,0,0,0,0,0,1,0,0,0,0,0,0,1,0,0,0.0
49,1,25,150,0,1,1,0,0,0,0,0,0,1,0,0,0,0,0,0,0,0,1,0.6000000000000001
33,3,25,750,1,0,1,0,0,0,0,0,1,0,0,0,0,0,0,0,0,1,0,0.2
43,4,35,550,1,0,1,0,0,0,0,0,0,1,0,0,0,0,0,0,0,1,0,0.6000000000000001
49,3,35,750,0,1,1,0,0,0,0,0,0,0,0,0,0,0,1,0,0,1,0,0.8
32,4,60,750,0,1,1,0,0,0,0,0,1,0,0,0,0,0,0,0,1,0,0,0.0
54,4,35,350,1,0,1,0,0,0,0,0,0,1,0,0,0,0,0,0,0,1,0,0.8
28,3,25,250,0,1,1,0,0,0,0,0,0,1,0,0,0,0,0,0,0,1,0,0.2
39,3,25,450,1,0,1,0,0,0,0,0,0,0,0,0,0,1,0,0,0,1,0,0.8
49,3,25,750,0,1,1,0,0,0,0,0,0,0,0,0,0,0,1,0,1,0,0,0.0
36,4,35,550,1,0,0,1,0,0,0,0,0,0,0,0,0,1,0,0,1,0,0,0.0
47,4,35,550,0,1,1,0,0,0,0,0,0,0,0,0,0,0,1,0,1,0,0,0.0
33,3,25,250,1,0,0,0,1,0,0,0,1,0,0,0,0,0,0,0,1,0,0,0.0
41,4,35,750,1,0,1,0,0,0,1,0,0,0,0,0,0,0,0,0,1,0,0,0.0
32,1,15,250,0,1,0,0,0,1,0,0,0,1,0,0,0,0,0,0,1,0,0,0.0
41,1,5,350,1,0,0,1,0,0,0,0,0,1,0,0,0,0,0,0,0,1,0,0.8
31,4,15,50,1,0,1,0,0,0,0,1,0,0,0,0,0,0,0,0,0,0,1,0.6000000000000001
32,1,5,150,0,1,0,1,0,0,0,0,0,1,0,0,0,0,0,0,0,0,1,1.0
31,1,25,650,1,0,0,1,0,0,0,0,0,1,0,0,0,0,0,0,1,0,0,0.0
50,4,35,450,0,1,0,1,0,0,0,0,1,0,0,0,0,0,0,0,0,1,0,0.4
33,3,35,250,0,1,1,0,0,0,0,0,1,0,0,0,0,0,0,0,0,1,0,0.6000000000000001
43,3,25,550,1,0,1,0,0,0,0,0,0,1,0,0,0,0,0,0,0,0,1,0.6000000000000001
32,2,25,750,0,1,1,0,0,0,0,0,0,1,0,0,0,0,0,0,1,0,0,0.0
41,4,25,450,1,0,1,0,0,0,0,0,0,1,0,0,0,0,0,0,0,1,0,0.6000000000000001
41,4,25,550,0,1,0,0,1,0,0,0,0,1,0,0,0,0,0,0,1,0,0,0.0
51,3,35,650,1,0,1,0,0,0,1,0,0,0,0,0,0,0,0,0,0,1,0,0.6000000000000001
27,3,45,650,0,1,0,1,0,0,0,0,0,1,0,0,0,0,0,0,1,0,0,0.0
39,3,25,750,0,1,1,0,0,0,0,0,1,0,0,0,0,0,0,0,1,0,0,0.0
35,3,25,550,1,0,1,0,0,0,0,0,0,1,0,0,0,0,0,0,1,0,0,0.0
28,3,45,450,1,0,1,0,0,0,0,0,1,0,0,0,0,0,0,0,1,0,0,0.0
44,4,25,550,1,0,1,0,0,0,0,0,0,0,1,0,0,0,0,0,0,1,0,0.6000000000000001
54,2,35,350,0,1,1,0,0,0,0,0,0,1,0,0,0,0,0,0,0,1,0,0.8
41,3,35,750,1,0,1,0,0,0,0,0,0,1,0,0,0,0,0,0,0,1,0,1.0
29,4,25,350,0,1,0,0,1,0,0,0,0,0,0,1,0,0,0,0,0,0,1,0.6000000000000001
46,5,15,250,0,1,0,0,1,0,0,0,0,0,0,0,0,1,0,0,0,1,0,0.2
26,4,25,550,1,0,0,0,1,0,0,0,0,0,0,0,0,0,0,1,1,0,0,0.0
30,1,5,150,1,0,0,1,0,0,0,0,0,1,0,0,0,0,0,0,0,1,0,0.8
22,4,35,450,0,1,1,0,0,0,0,0,0,0,0,0,0,0,0,1,0,1,0,1.0
24,4,25,450,1,0,0,0,1,0,0,0,0,0,0,0,0,0,0,1,0,1,0,0.8
33,1,15,150,0,1,1,0,0,0,0,0,0,1,0,0,0,0,0,0,1,0,0,0.0
30,4,35,550,1,0,0,0,1,0,0,0,0,0,0,0,1,0,0,0,1,0,0,0.0
46,5,60,650,0,1,1,0,0,0,0,0,0,0,0,0,0,0,1,0,1,0,0,0.0
24,3,15,50,1,0,1,0,0,0,0,0,0,0,1,0,0,0,0,0,0,1,0,0.6000000000000001
42,3,35,150,1,0,1,0,0,0,0,0,0,0,0,1,0,0,0,0,0,0,1,0.8
34,4,45,750,1,0,1,0,0,0,0,0,0,1,0,0,0,0,0,0,1,0,0,0.0
45,2,25,450,1,0,1,0,0,0,0,0,0,1,0,0,0,0,0,0,1,0,0,0.0
39,2,25,550,0,1,0,0,1,0,0,0,0,1,0,0,0,0,0,0,1,0,0,0.0
46,4,25,550,1,0,1,0,0,0,0,0,0,1,0,0,0,0,0,0,0,1,0,0.6000000000000001
47,4,35,650,1,0,1,0,0,0,0,0,0,1,0,0,0,0,0,0,0,0,1,0.4
42,3,35,650,0,1,1,0,0,0,0,0,0,0,0,0,0,0,1,0,0,0,1,0.2
44,4,25,550,1,0,0,0,1,0,0,0,0,1,0,0,0,0,0,0,0,1,0,1.0
40,4,35,250,1,0,1,0,0,0,0,0,0,1,0,0,0,0,0,0,0,1,0,0.6000000000000001
34,2,25,450,1,0,1,0,0,0,0,0,1,0,0,0,0,0,0,0,0,1,0,0.8
27,4,35,550,0,1,0,0,1,0,0,0,0,1,0,0,0,0,0,0,0,1,0,0.8
41,3,15,550,1,0,0,1,0,0,0,0,0,1,0,0,0,0,0,0,0,1,0,0.8
58,4,25,50,0,1,1,0,0,0,0,0,0,0,0,0,0,0,1,0,1,0,0,0.0
39,3,35,650,1,0,0,0,1,0,0,0,0,1,0,0,0,0,0,0,1,0,0,0.0
30,4,45,650,1,0,1,0,0,0,0,0,0,1,0,0,0,0,0,0,1,0,0,0.0
34,3,25,450,0,1,1,0,0,0,0,0,0,1,0,0,0,0,0,0,1,0,0,0.0
31,5,45,550,0,1,1,0,0,0,0,0,0,1,0,0,0,0,0,0,1,0,0,0.0
48,3,25,550,1,0,1,0,0,0,0,0,0,1,0,0,0,0,0,0,0,1,0,0.8
34,4,25,550,0,1,1,0,0,0,0,0,1,0,0,0,0,0,0,0,0,1,0,0.8
59,3,35,450,0,1,1,0,0,0,0,0,0,0,0,0,0,0,1,0,1,0,0,0.0
41,4,25,350,0,1,1,0,0,0,0,0,0,0,0,0,0,0,1,0,0,1,0,0.8
58,4,35,650,0,1,1,0,0,0,0,0,0,0,0,0,0,0,1,0,1,0,0,0.0
33,3,25,350,1,0,1,0,0,0,0,0,0,1,0,0,0,0,0,0,1,0,0,0.0
33,2,35,450,0,1,0,0,1,0,0,0,0,1,0,0,0,0,0,0,1,0,0,0.0
29,6,35,750,0,1,1,0,0,0,0,0,0,1,0,0,0,0,0,0,1,0,0,0.0
50,2,60,750,0,1,1,0,0,0,0,0,0,0,0,0,0,0,1,0,0,0,1,0.6000000000000001
60,2,45,650,0,1,1,0,0,0,0,0,0,0,0,0,0,1,0,0,1,0,0,0.0
60,2,35,550,0,1,0,0,1,0,0,0,1,0,0,0,0,0,0,0,1,0,0,0.0
38,5,35,650,1,0,1,0,0,0,0,0,0,1,0,0,0,0,0,0,0,0,1,0.6000000000000001
40,2,35,650,1,0,1,0,0,0,0,0,0,1,0,0,0,0,0,0,1,0,0,0.0
42,5,45,650,0,1,1,0,0,0,0,0,0,1,0,0,0,0,0,0,0,0,1,0.4
45,5,25,450,0,1,1,0,0,0,0,0,0,1,0,0,0,0,0,0,0,1,0,0.6000000000000001
34,3,35,350,1,0,1,0,0,0,0,0,0,1,0,0,0,0,0,0,1,0,0,0.0
45,4,35,650,0,1,1,0,0,0,0,0,0,0,0,0,0,0,1,0,0,1,0,0.8
32,3,25,650,0,1,0,0,1,0,0,0,0,1,0,0,0,0,0,0,0,0,1,0.2
25,4,45,750,0,1,1,0,0,0,0,0,0,0,0,0,0,0,0,1,0,0,1,0.4
35,3,25,450,1,0,1,0,0,0,0,0,0,1,0,0,0,0,0,0,0,1,0,0.8
29,1,5,250,0,1,0,0,1,0,0,0,0,1,0,0,0,0,0,0,0,1,0,0.4
46,6,35,750,0,1,1,0,0,0,1,0,0,0,0,0,0,0,0,0,1,0,0,0.0
34,1,5,150,1,0,0,0,0,1,0,0,1,0,0,0,0,0,0,0,0,1,0,0.8
30,2,15,350,1,0,0,0,1,0,0,1,0,0,0,0,0,0,0,0,0,1,0,1.0
29,4,35,550,1,0,0,0,1,0,0,0,0,1,0,0,0,0,0,0,0,1,0,1.0
28,4,25,250,1,0,0,1,0,0,0,0,0,0,0,0,0,0,0,1,1,0,0,0.0
31,5,35,550,0,1,1,0,0,0,0,0,0,0,0,0,0,0,1,0,1,0,0,0.0
28,4,60,750,0,1,1,0,0,0,0,0,0,1,0,0,0,0,0,0,0,0,1,0.4
23,4,15,50,1,0,0,0,1,0,0,0,0,0,0,0,0,0,0,1,1,0,0,0.0
24,2,15,150,0,1,0,0,1,0,0,0,1,0,0,0,0,0,0,0,0,1,0,0.8
43,4,25,550,0,1,1,0,0,0,0,0,0,0,0,0,0,0,1,0,0,0,1,0.2
26,4,60,250,1,0,0,0,1,0,0,0,0,0,0,0,0,0,0,1,0,1,0,0.8
36,2,35,450,0,1,1,0,0,0,0,0,0,1,0,0,0,0,0,0,0,1,0,0.4
30,3,25,450,1,0,1,0,0,0,0,0,1,0,0,0,0,0,0,0,1,0,0,0.0
35,2,15,350,0,1,0,0,1,0,0,0,0,0,0,0,0,0,1,0,0,1,0,0.8
38,3,35,750,0,1,1,0,0,0,0,0,0,0,0,0,0,0,1,0,0,0,1,0.4
47,4,35,550,1,0,1,0,0,0,0,0,0,1,0,0,0,0,0,0,1,0,0,0.0
45,3,25,450,1,0,0,0,1,0,0,0,0,0,0,0,0,1,0,0,0,1,0,0.8
51,4,35,550,0,1,1,0,0,0,0,0,0,0,0,0,0,0,1,0,1,0,0,0.0
41,4,25,650,0,1,1,0,0,0,0,0,0,0,0,0,0,0,1,0,0,1,0,0.2
22,5,5,50,0,1,0,1,0,0,0,1,0,0,0,0,0,0,0,0,0,0,1,0.6000000000000001
29,4,35,750,0,1,1,0,0,0,0,0,0,1,0,0,0,0,0,0,1,0,0,0.0
37,1,25,350,0,1,1,0,0,0,0,0,0,1,0,0,0,0,0,0,1,0,0,0.0
52,5,25,250,0,1,1,0,0,0,0,0,0,0,0,0,0,0,1,0,0,1,0,0.6000000000000001
42,4,25,550,1,0,1,0,0,0,0,0,0,1,0,0,0,0,0,0,1,0,0,0.0
47,3,25,350,1,0,0,1,0,0,0,0,0,0,0,0,0,1,0,0,0,1,0,0.8
36,4,35,450,0,1,1,0,0,0,0,0,0,0,1,0,0,0,0,0,0,1,0,0.6000000000000001
25,4,45,250,0,1,1,0,0,0,0,0,0,1,0,0,0,0,0,0,0,1,0,0.8
29,1,5,250,1,0,0,0,1,0,0,0,0,1,0,0,0,0,0,0,1,0,0,0.0
27,4,35,550,1,0,0,0,1,0,0,0,0,1,0,0,0,0,0,0,1,0,0,0.0
23,6,45,550,0,1,1,0,0,0,0,0,0,0,0,0,0,0,0,1,1,0,0,0.0
27,4,25,150,1,0,0,1,0,0,0,0,0,0,0,0,0,0,0,1,0,1,0,0.6000000000000001
35,3,15,650,1,0,1,0,0,0,0,0,0,1,0,0,0,0,0,0,0,1,0,0.6000000000000001
26,4,35,650,1,0,1,0,0,0,0,0,0,0,0,0,0,0,0,1,0,0,1,1.0
27,5,45,750,0,1,1,0,0,0,0,0,0,0,0,1,0,0,0,0,0,0,1,0.6000000000000001
65,2,25,350,0,1,1,0,0,0,0,0,0,0,0,0,0,0,1,0,0,0,1,0.4
32,4,25,750,0,1,0,0,1,0,0,0,1,0,0,0,0,0,0,0,1,0,0,0.0
53,3,15,450,0,1,0,0,1,0,0,0,0,0,0,0,0,1,0,0,1,0,0,0.0
28,1,15,150,1,0,0,0,1,0,0,0,0,0,0,0,0,1,0,0,0,0,1,0.6000000000000001
23,1,5,50,0,1,0,0,1,0,0,0,0,0,0,0,0,0,0,1,0,1,0,0.8
31,3,25,250,1,0,0,0,1,0,0,0,0,1,0,0,0,0,0,0,1,0,0,0.0
40,4,25,550,1,0,1,0,0,0,0,0,0,1,0,0,0,0,0,0,0,1,0,0.6000000000000001
34,3,5,350,1,0,1,0,0,0,0,0,0,0,1,0,0,0,0,0,1,0,0,0.0
42,3,25,150,0,1,0,0,1,0,0,0,0,0,0,1,0,0,0,0,0,1,0,0.2
48,4,25,450,0,1,0,1,0,0,0,0,0,0,0,0,0,0,1,0,1,0,0,0.0
50,2,15,250,0,1,1,0,0,0,0,0,0,1,0,0,0,0,0,0,0,1,0,0.6000000000000001
38,4,35,550,0,1,1,0,0,0,0,0,0,1,0,0,0,0,0,0,1,0,0,0.0
26,2,15,350,1,0,0,0,1,0,0,0,0,1,0,0,0,0,0,0,1,0,0,0.0
33,2,25,550,1,0,1,0,0,0,0,0,0,1,0,0,0,0,0,0,0,1,0,1.0
41,4,35,550,0,1,1,0,0,0,0,0,0,0,0,0,0,0,1,0,0,0,1,0.6000000000000001
48,4,25,550,0,1,1,0,0,0,0,0,0,0,0,0,0,0,1,0,0,1,0,0.2
25,4,45,150,0,1,1,0,0,0,0,1,0,0,0,0,0,0,0,0,1,0,0,0.0
42,5,25,350,0,1,0,0,1,0,0,0,0,1,0,0,0,0,0,0,0,1,0,0.8
32,2,15,650,1,0,1,0,0,0,0,0,0,0,1,0,0,0,0,0,0,1,0,0.8
46,6,45,550,0,1,1,0,0,0,0,0,0,1,0,0,0,0,0,0,1,0,0,0.0
32,2,25,450,1,0,1,0,0,0,0,0,0,1,0,0,0,0,0,0,0,1,0,0.8
50,3,5,150,0,1,1,0,0,0,0,0,0,0,0,0,1,0,0,0,0,1,0,0.8
29,6,15,350,0,1,0,1,0,0,0,0,0,0,1,0,0,0,0,0,1,0,0,0.0
45,4,35,350,0,1,0,1,0,0,0,0,0,1,0,0,0,0,0,0,1,0,0,0.0
46,4,25,450,1,0,1,0,0,0,0,0,0,1,0,0,0,0,0,0,0,1,0,1.0
41,4,25,150,1,0,0,0,1,0,0,0,0,0,0,1,0,0,0,0,0,1,0,0.6000000000000001
30,2,25,450,0,1,1,0,0,0,0,0,0,1,0,0,0,0,0,0,1,0,0,0.0
41,2,25,750,0,1,0,0,1,0,0,0,0,1,0,0,0,0,0,0,1,0,0,0.0
31,2,15,250,0,1,0,1,0,0,0,0,0,0,1,0,0,0,0,0,1,0,0,0.0
23,4,35,650,0,1,1,0,0,0,0,0,0,0,0,0,0,0,0,1,1,0,0,0.0
32,4,35,650,0,1,0,0,1,0,0,0,0,1,0,0,0,0,0,0,1,0,0,0.0
33,3,35,450,1,0,1,0,0,0,0,0,0,1,0,0,0,0,0,0,0,1,0,0.4
29,2,45,750,1,0,1,0,0,0,0,0,1,0,0,0,0,0,0,0,1,0,0,0.0
22,4,5,450,0,1,0,1,0,0,0,0,0,1,0,0,0,0,0,0,1,0,0,0.0
34,4,25,550,0,1,1,0,0,0,0,0,1,0,0,0,0,0,0,0,1,0,0,0.0
45,4,35,450,0,1,1,0,0,0,0,0,0,0,0,0,0,0,1,0,0,1,0,0.6000000000000001
55,4,35,650,0,1,1,0,0,0,0,0,0,0,0,0,0,0,1,0,0,1,0,0.8
30,5,25,650,0,1,0,0,1,0,0,0,0,1,0,0,0,0,0,0,1,0,0,0.0
32,3,5,250,0,1,0,0,1,0,0,0,0,1,0,0,0,0,0,0,0,1,0,0.8
52,4,25,150,0,1,0,0,1,0,0,0,0,0,0,0,1,0,0,0,0,1,0,0.6000000000000001
27,4,35,750,1,0,1,0,0,0,0,0,1,0,0,0,0,0,0,0,1,0,0,0.0
23,4,35,250,1,0,0,1,0,0,0,0,0,0,0,0,1,0,0,0,1,0,0,0.0
31,1,5,250,1,0,0,1,0,0,0,0,0,1,0,0,0,0,0,0,0,1,0,0.6000000000000001
28,1,5,250,0,1,0,0,1,0,0,0,0,1,0,0,0,0,0,0,1,0,0,0.0
41,4,35,650,0,1,1,0,0,0,0,0,0,1,0,0,0,0,0,0,1,0,0,0.0
37,3,25,450,0,1,1,0,0,0,0,0,0,0,0,0,0,0,1,0,0,0,1,0.2
33,1,5,350,1,0,0,0,1,0,0,0,0,1,0,0,0,0,0,0,0,1,0,0.2
23,4,25,150,1,0,1,0,0,0,0,0,0,0,0,0,0,0,0,1,1,0,0,0.0
30,2,15,150,0,1,0,1,0,0,0,1,0,0,0,0,0,0,0,0,0,1,0,0.6000000000000001
55,4,45,450,1,0,1,0,0,0,0,0,0,0,0,1,0,0,0,0,1,0,0,0.0
37,5,35,750,1,0,1,0,0,0,0,0,0,1,0,0,0,0,0,0,0,1,0,0.8
26,1,15,150,0,1,0,0,1,0,0,0,0,1,0,0,0,0,0,0,0,0,1,0.8
26,3,35,450,1,0,1,0,0,0,0,0,0,0,0,0,0,0,0,1,0,0,1,0.6000000000000001
28,1,5,150,0,1,0,0,1,0,0,0,0,1,0,0,0,0,0,0,1,0,0,0.0
25,3,35,350,0,1,0,0,1,0,0,0,0,1,0,0,0,0,0,0,1,0,0,0.0
24,1,15,150,1,0,0,0,1,0,0,0,0,0,0,1,0,0,0,0,0,1,0,1.0
35,6,35,550,0,1,1,0,0,0,0,0,0,1,0,0,0,0,0,0,0,1,0,0.6000000000000001
27,1,15,150,0,1,0,1,0,0,0,0,0,1,0,0,0,0,0,0,0,0,1,1.0
26,4,25,550,0,1,0,0,1,0,0,0,0,0,0,1,0,0,0,0,1,0,0,0.0
33,3,25,350,1,0,1,0,0,0,0,0,0,0,0,1,0,0,0,0,1,0,0,0.0
23,4,15,150,0,1,0,0,1,0,0,0,0,1,0,0,0,0,0,0,0,1,0,1.0
25,3,45,650,0,1,1,0,0,0,0,0,0,0,0,1,0,0,0,0,0,0,1,1.0
57,4,25,250,0,1,1,0,0,0,0,0,0,0,0,0,0,0,1,0,1,0,0,0.0
25,4,35,650,0,1,1,0,0,0,0,0,0,0,0,0,0,0,0,1,0,0,1,0.8
27,3,25,350,1,0,1,0,0,0,0,0,0,1,0,0,0,0,0,0,0,1,0,0.8
40,1,5,250,0,1,0,0,0,1,0,0,0,1,0,0,0,0,0,0,1,0,0,0.0
28,1,15,150,0,1,0,0,0,1,0,0,1,0,0,0,0,0,0,0,1,0,0,0.0
47,2,45,750,0,1,0,1,0,0,0,0,0,1,0,0,0,0,0,0,1,0,0,0.0
46,3,15,550,0,1,1,0,0,0,0,0,0,1,0,0,0,0,0,0,1,0,0,0.0
33,3,35,750,0,1,1,0,0,0,0,0,1,0,0,0,0,0,0,0,1,0,0,0.0
34,2,15,450,1,0,0,0,1,0,0,0,0,1,0,0,0,0,0,0,0,1,0,0.6000000000000001
53,4,35,750,0,1,1,0,0,0,0,0,0,0,0,0,0,0,1,0,1,0,0,0.0
28,1,15,250,0,1,0,0,1,0,0,0,0,0,0,0,0,1,0,0,0,1,0,0.8
34,2,15,450,0,1,0,0,1,0,0,0,0,1,0,0,0,0,0,0,0,1,0,0.8
52,4,25,550,0,1,0,0,1,0,0,0,0,0,0,0,0,0,1,0,1,0,0,0.0
58,2,25,350,0,1,1,0,0,0,0,0,0,0,0,0,0,0,1,0,0,0,1,0.2
21,4,25,550,0,1,0,0,1,0,0,0,0,0,0,0,0,0,0,1,1,0,0,0.0
33,2,15,250,1,0,0,0,1,0,0,0,0,1,0,0,0,0,0,0,0,1,0,0.4
36,3,15,250,0,1,0,0,1,0,0,0,0,0,0,0,0,0,1,0,1,0,0,0.0
26,1,5,250,0,1,0,0,1,0,0,0,1,0,0,0,0,0,0,0,0,0,1,0.4
24,5,25,550,0,1,1,0,0,0,0,0,0,1,0,0,0,0,0,0,1,0,0,0.0
40,3,35,650,0,1,1,0,0,0,0,0,0,1,0,0,0,0,0,0,1,0,0,0.0
29,3,15,450,0,1,1,0,0,0,0,0,0,1,0,0,0,0,0,0,1,0,0,0.0
30,4,15,550,0,1,1,0,0,0,0,0,0,1,0,0,0,0,0,0,1,0,0,0.0
25,4,35,750,1,0,1,0,0,0,0,0,0,1,0,0,0,0,0,0,1,0,0,0.0
47,4,35,650,0,1,1,0,0,0,0,0,0,0,0,0,0,0,1,0,0,1,0,0.4
53,3,25,50,0,1,1,0,0,0,0,0,0,0,0,0,0,0,1,0,0,1,0,0.4
49,3,15,250,1,0,1,0,0,0,0,0,0,0,0,0,1,0,0,0,1,0,0,0.0
25,5,35,550,0,1,1,0,0,0,0,0,0,0,0,0,0,0,0,1,0,1,0,0.6000000000000001
58,2,35,650,0,1,1,0,0,0,0,0,1,0,0,0,0,0,0,0,0,1,0,0.8
50,4,25,450,0,1,0,0,1,0,0,0,0,0,0,0,0,0,1,0,0,1,0,0.6000000000000001
28,4,35,450,1,0,1,0,0,0,0,0,0,0,0,0,0,0,0,1,0,1,0,0.8
28,4,35,750,1,0,1,0,0,0,0,0,0,0,0,0,1,0,0,0,0,0,1,0.4
25,3,45,750,0,1,1,0,0,0,0,0,0,1,0,0,0,0,0,0,0,1,0,0.8
31,3,25,450,1,0,0,1,0,0,0,0,0,1,0,0,0,0,0,0,0,1,0,0.8
28,4,15,550,0,1,0,0,1,0,0,0,0,1,0,0,0,0,0,0,0,0,1,0.4
27,4,35,250,1,0,1,0,0,0,0,0,0,1,0,0,0,0,0,0,1,0,0,0.0
34,3,60,550,0,1,0,1,0,0,0,0,0,1,0,0,0,0,0,0,1,0,0,0.0
26,4,60,550,0,1,1,0,0,0,0,0,0,0,0,0,0,0,0,1,0,0,1,1.0
24,3,25,250,0,1,0,0,1,0,0,0,0,0,0,0,0,0,0,1,0,0,1,0.6000000000000001
20,3,25,250,1,0,0,0,1,0,0,0,0,0,0,0,0,0,0,1,1,0,0,0.0
25,4,25,350,0,1,0,0,1,0,0,0,0,1,0,0,0,0,0,0,1,0,0,0.0
21,4,25,450,1,0,1,0,0,0,0,0,0,0,0,0,0,0,0,1,1,0,0,0.0
21,2,5,150,1,0,1,0,0,0,0,0,0,0,0,0,0,0,0,1,1,0,0,0.0
28,3,35,350,1,0,1,0,0,0,0,0,0,0,0,0,0,0,0,1,0,1,0,1.0
33,2,25,650,0,1,0,0,1,0,0,0,0,1,0,0,0,0,0,0,1,0,0,0.0
31,3,35,250,0,1,1,0,0,0,0,0,0,1,0,0,0,0,0,0,1,0,0,0.0
27,3,5,150,1,0,0,1,0,0,0,0,0,1,0,0,0,0,0,0,1,0,0,0.0
28,2,25,750,1,0,1,0,0,0,0,0,0,0,0,0,0,0,0,1,1,0,0,0.0
27,2,15,350,0,1,0,0,1,0,0,0,0,1,0,0,0,0,0,0,1,0,0,0.0
36,2,25,250,1,0,0,1,0,0,0,0,0,1,0,0,0,0,0,0,1,0,0,0.0
26,3,15,350,1,0,1,0,0,0,0,0,0,0,0,0,0,0,0,1,1,0,0,0.0
23,4,35,450,0,1,1,0,0,0,0,0,0,0,0,0,0,0,0,1,1,0,0,0.0
21,1,15,50,0,1,0,0,1,0,0,0,0,0,0,0,0,0,0,1,1,0,0,0.0
34,2,25,650,1,0,0,0,1,0,0,0,1,0,0,0,0,0,0,0,0,1,0,0.6000000000000001
23,4,35,650,1,0,1,0,0,0,0,0,0,0,0,0,0,0,0,1,0,1,0,0.8
20,5,35,650,0,1,0,1,0,0,0,0,0,0,0,0,0,0,0,1,1,0,0,0.0
23,3,25,150,1,0,0,0,1,0,0,0,0,0,0,0,0,0,0,1,1,0,0,0.0
24,4,25,450,1,0,1,0,0,0,0,0,0,0,0,0,0,0,0,1,1,0,0,0.0
28,3,35,350,0,1,1,0,0,0,0,0,1,0,0,0,0,0,0,0,1,0,0,0.0
22,5,45,750,0,1,1,0,0,0,0,0,1,0,0,0,0,0,0,0,0,1,0,0.8
30,2,25,350,0,1,0,0,1,0,0,0,0,0,0,0,0,0,1,0,1,0,0,0.0
22,4,35,650,1,0,0,0,1,0,0,0,0,0,0,0,0,0,0,1,0,1,0,0.8
45,3,35,450,0,1,1,0,0,0,0,0,0,0,0,0,0,0,1,0,1,0,0,0.0
29,2,35,350,0,1,1,0,0,0,0,0,0,0,0,0,0,0,0,1,0,1,0,0.8
50,4,35,550,1,0,0,0,1,0,0,0,0,0,0,0,1,0,0,0,1,0,0,0.0
55,2,45,550,0,1,1,0,0,0,0,0,0,0,0,0,0,0,1,0,0,1,0,0.8
53,4,35,450,0,1,1,0,0,0,0,1,0,0,0,0,0,0,0,0,1,0,0,0.0
52,3,45,550,0,1,1,0,0,0,0,0,0,0,0,0,0,1,0,0,1,0,0,0.0
49,4,60,550,0,1,0,1,0,0,0,0,0,0,0,0,0,0,1,0,1,0,0,0.0
28,4,35,650,0,1,0,1,0,0,0,0,0,1,0,0,0,0,0,0,1,0,0,0.0
26,3,15,250,1,0,0,0,1,0,0,0,0,0,0,0,0,0,0,1,1,0,0,0.0
56,4,35,550,0,1,1,0,0,0,0,0,0,0,0,0,0,0,1,0,1,0,0,0.0
23,4,15,150,0,1,0,0,1,0,0,0,0,1,0,0,0,0,0,0,1,0,0,0.0
30,3,15,150,1,0,1,0,0,0,0,0,0,0,0,1,0,0,0,0,1,0,0,0.0
27,5,45,550,1,0,1,0,0,0,0,0,0,0,0,0,0,0,0,1,0,1,0,0.8
22,4,15,250,1,0,0,0,1,0,0,0,0,0,0,0,0,0,0,1,0,1,0,0.8
62,3,35,350,0,1,0,1,0,0,0,0,0,0,0,0,0,1,0,0,0,1,0,0.4
35,3,25,450,1,0,0,1,0,0,0,0,0,0,1,0,0,0,0,0,1,0,0,0.0
35,2,15,350,1,0,0,0,1,0,0,0,0,1,0,0,0,0,0,0,1,0,0,0.0
21,5,15,350,0,1,0,0,1,0,0,1,0,0,0,0,0,0,0,0,1,0,0,0.0
47,4,35,250,1,0,1,0,0,0,0,0,0,1,0,0,0,0,0,0,1,0,0,0.0
22,4,45,750,1,0,1,0,0,0,0,0,0,0,0,0,0,0,0,1,0,0,1,0.8
27,4,25,550,0,1,0,0,1,0,1,0,0,0,0,0,0,0,0,0,0,1,0,0.8
23,1,5,50,1,0,0,0,1,0,0,0,0,0,0,0,0,0,0,1,0,0,1,1.0
53,3,35,550,1,0,1,0,0,0,0,1,0,0,0,0,0,0,0,0,1,0,0,0.0
46,2,15,450,1,0,1,0,0,0,0,0,1,0,0,0,0,0,0,0,0,1,0,0.6000000000000001
57,3,25,250,0,1,1,0,0,0,0,0,0,0,0,1,0,0,0,0,1,0,0,0.0
29,2,25,450,1,0,1,0,0,0,0,0,0,0,0,1,0,0,0,0,1,0,0,0.0
26,4,25,250,0,1,0,0,1,0,0,0,1,0,0,0,0,0,0,0,0,1,0,1.0
23,4,15,250,1,0,0,0,1,0,0,0,0,0,0,0,0,0,0,1,1,0,0,0.0
26,4,35,450,1,0,0,0,1,0,0,1,0,0,0,0,0,0,0,0,0,1,0,1.0
60,3,45,550,0,1,1,0,0,0,0,0,0,0,0,0,0,0,1,0,0,1,0,0.8
45,4,35,450,0,1,1,0,0,0,0,0,0,1,0,0,0,0,0,0,1,0,0,0.0
32,2,25,450,0,1,0,0,1,0,0,0,1,0,0,0,0,0,0,0,0,1,0,0.4
43,2,25,350,1,0,1,0,0,0,0,0,0,1,0,0,0,0,0,0,0,1,0,0.6000000000000001
28,4,25,550,1,0,1,0,0,0,0,0,0,0,0,1,0,0,0,0,1,0,0,0.0
69,2,15,250,0,1,0,0,1,0,0,0,0,0,0,0,0,0,1,0,1,0,0,0.0
24,4,35,250,1,0,0,1,0,0,0,0,0,0,0,0,0,0,0,1,1,0,0,0.0
54,4,60,650,0,1,1,0,0,0,0,0,0,0,0,0,0,0,1,0,1,0,0,0.0
39,4,15,550,1,0,0,1,0,0,0,0,0,0,1,0,0,0,0,0,0,1,0,1.0
40,4,15,250,0,1,0,0,1,0,0,0,0,0,0,0,0,0,1,0,0,0,1,0.2
53,4,35,550,0,1,1,0,0,0,0,0,0,0,0,0,0,0,1,0,0,1,0,0.8
51,4,25,650,0,1,0,1,0,0,0,1,0,0,0,0,0,0,0,0,0,0,1,0.4
28,3,25,150,1,0,0,0,1,0,0,0,0,1,0,0,0,0,0,0,1,0,0,0.0
57,3,25,450,1,0,1,0,0,0,0,0,0,1,0,0,0,0,0,0,1,0,0,0.0
58,3,35,450,1,0,1,0,0,0,0,0,0,1,0,0,0,0,0,0,1,0,0,0.0
24,3,45,350,1,0,1,0,0,0,0,0,0,0,0,0,0,0,0,1,0,0,1,0.8
56,4,25,350,1,0,0,0,1,0,0,0,0,0,1,0,0,0,0,0,0,1,0,0.8
23,3,35,150,1,0,0,1,0,0,0,0,0,0,0,0,0,0,0,1,0,0,1,0.8
52,2,15,350,1,0,1,0,0,0,0,0,0,1,0,0,0,0,0,0,0,1,0,0.6000000000000001
50,4,35,350,1,0,1,0,0,0,0,0,0,1,0,0,0,0,0,0,0,0,1,0.4
41,4,60,750,1,0,1,0,0,0,0,0,0,1,0,0,0,0,0,0,1,0,0,0.0
37,2,35,450,0,1,1,0,0,0,0,0,0,1,0,0,0,0,0,0,1,0,0,0.0
28,1,5,150,1,0,0,0,1,0,0,0,0,0,0,0,0,0,0,1,1,0,0,0.0
45,4,45,750,1,0,1,0,0,0,1,0,0,0,0,0,0,0,0,0,1,0,0,0.0
50,4,25,550,1,0,0,1,0,0,0,0,0,0,0,0,0,1,0,0,1,0,0,0.0
62,3,15,150,1,0,1,0,0,0,0,1,0,0,0,0,0,0,0,0,0,0,1,0.6000000000000001
55,3,35,550,1,0,1,0,0,0,0,0,0,0,0,0,0,1,0,0,0,1,0,0.8
52,4,35,350,1,0,1,0,0,0,0,0,0,1,0,0,0,0,0,0,0,1,0,0.6000000000000001
56,3,25,350,1,0,0,0,1,0,0,1,0,0,0,0,0,0,0,0,0,0,1,0.8
43,3,15,450,1,0,0,0,1,0,0,0,0,1,0,0,0,0,0,0,1,0,0,0.0
47,4,35,550,1,0,1,0,0,0,0,0,0,1,0,0,0,0,0,0,0,0,1,0.4
40,2,35,550,1,0,0,0,1,0,1,0,0,0,0,0,0,0,0,0,0,1,0,0.8
50,4,15,350,1,0,0,0,1,0,0,0,0,0,0,0,1,0,0,0,0,0,1,0.8
56,4,35,550,1,0,1,0,0,0,0,0,0,1,0,0,0,0,0,0,1,0,0,0.0
50,3,25,450,1,0,1,0,0,0,0,0,0,1,0,0,0,0,0,0,1,0,0,0.0
40,4,25,350,1,0,1,0,0,0,0,0,1,0,0,0,0,0,0,0,1,0,0,0.0
28,4,35,750,1,0,1,0,0,0,1,0,0,0,0,0,0,0,0,0,1,0,0,0.0
36,2,35,650,0,1,1,0,0,0,0,0,1,0,0,0,0,0,0,0,0,1,0,0.8
47,2,35,550,0,1,1,0,0,0,0,0,0,0,0,0,0,0,1,0,0,1,0,0.8
45,4,45,750,1,0,1,0,0,0,1,0,0,0,0,0,0,0,0,0,0,1,0,0.8
35,2,15,450,0,1,0,0,1,0,0,0,0,0,0,0,0,0,1,0,1,0,0,0.0
21,4,35,550,1,0,1,0,0,0,0,0,0,1,0,0,0,0,0,0,1,0,0,0.0
45,5,35,450,1,0,1,0,0,0,0,0,0,1,0,0,0,0,0,0,1,0,0,0.0
57,4,45,550,1,0,1,0,0,0,0,0,0,1,0,0,0,0,0,0,0,0,1,0.8
45,2,35,750,0,1,1,0,0,0,0,0,0,0,0,0,0,0,1,0,1,0,0,0.0
36,3,25,350,1,0,0,0,1,0,0,0,1,0,0,0,0,0,0,0,0,1,0,0.6000000000000001
31,4,35,750,0,1,1,0,0,0,0,0,0,1,0,0,0,0,0,0,0,1,0,0.8
44,3,15,250,1,0,1,0,0,0,0,0,0,0,1,0,0,0,0,0,1,0,0,0.0
33,3,35,650,0,1,1,0,0,0,0,0,0,1,0,0,0,0,0,0,1,0,0,0.0
40,3,25,350,0,1,1,0,0,0,0,0,0,1,0,0,0,0,0,0,1,0,0,0.0
49,3,25,350,1,0,0,0,1,0,0,0,0,0,0,0,0,1,0,0,0,1,0,1.0
49,6,45,650,1,0,0,1,0,0,1,0,0,0,0,0,0,0,0,0,1,0,0,0.0
58,4,35,250,1,0,1,0,0,0,0,0,0,1,0,0,0,0,0,0,0,1,0,0.8
58,2,25,250,0,1,0,1,0,0,0,0,0,0,0,0,0,0,1,0,1,0,0,0.0
57,4,25,750,1,0,1,0,0,0,0,0,0,0,0,0,0,1,0,0,1,0,0,0.0
41,2,35,750,1,0,1,0,0,0,0,0,0,1,0,0,0,0,0,0,1,0,0,0.0
21,5,45,750,0,1,1,0,0,0,0,0,0,0,0,0,0,0,0,1,1,0,0,0.0
43,2,25,450,1,0,0,0,1,0,1,0,0,0,0,0,0,0,0,0,1,0,0,0.0
43,3,15,250,0,1,0,0,1,0,0,0,0,1,0,0,0,0,0,0,0,1,0,0.8
37,4,25,350,0,1,0,0,1,0,0,0,0,1,0,0,0,0,0,0,0,1,0,0.6000000000000001
33,1,5,250,0,1,0,1,0,0,0,0,0,1,0,0,0,0,0,0,0,1,0,0.8
46,4,25,250,0,1,1,0,0,0,0,0,0,0,0,0,0,0,1,0,0,1,0,0.2
29,1,15,350,0,1,0,0,1,0,0,0,0,0,0,1,0,0,0,0,1,0,0,0.0
48,4,35,750,0,1,1,0,0,0,0,0,1,0,0,0,0,0,0,0,0,0,1,0.6000000000000001
45,4,60,750,1,0,1,0,0,0,0,0,1,0,0,0,0,0,0,0,1,0,0,0.0
30,2,15,350,1,0,0,1,0,0,0,0,0,1,0,0,0,0,0,0,1,0,0,0.0
31,2,25,250,0,1,1,0,0,0,0,0,0,0,0,0,0,0,1,0,0,0,1,0.8
37,1,15,350,1,0,0,1,0,0,0,0,0,0,1,0,0,0,0,0,1,0,0,0.0
42,3,25,750,1,0,0,1,0,0,0,0,0,1,0,0,0,0,0,0,0,1,0,0.8
46,4,25,450,0,1,1,0,0,0,0,0,0,0,0,0,1,0,0,0,0,1,0,1.0
40,2,5,50,0,1,0,0,1,0,0,0,0,0,0,0,0,0,1,0,0,1,0,0.6000000000000001
52,2,25,450,1,0,1,0,0,0,0,0,0,0,0,0,1,0,0,0,0,1,0,0.4
34,3,25,250,1,0,1,0,0,0,0,0,1,0,0,0,0,0,0,0,1,0,0,0.0
33,2,15,450,1,0,1,0,0,0,0,0,0,1,0,0,0,0,0,0,0,1,0,0.4
43,4,35,750,0,1,1,0,0,0,0,0,0,0,0,0,0,0,1,0,0,1,0,1.0
37,1,5,350,1,0,0,0,0,1,1,0,0,0,0,0,0,0,0,0,1,0,0,0.0
35,2,25,350,1,0,1,0,0,0,0,0,0,1,0,0,0,0,0,0,0,1,0,0.4
20,5,45,750,0,1,0,1,0,0,0,0,0,0,0,0,0,0,0,1,1,0,0,0.0
37,3,35,350,1,0,1,0,0,0,0,0,1,0,0,0,0,0,0,0,0,0,1,0.4
44,1,15,250,0,1,1,0,0,0,0,1,0,0,0,0,0,0,0,0,1,0,0,0.0
34,3,45,550,0,1,1,0,0,0,0,0,0,1,0,0,0,0,0,0,0,0,1,1.0
32,2,15,250,1,0,0,0,1,0,0,0,0,1,0,0,0,0,0,0,1,0,0,0.0
31,3,25,550,1,0,0,1,0,0,0,0,0,1,0,0,0,0,0,0,0,1,0,0.8
45,4,25,450,1,0,0,0,1,0,0,0,0,1,0,0,0,0,0,0,1,0,0,0.0
32,1,15,350,1,0,0,0,1,0,0,0,0,1,0,0,0,0,0,0,0,1,0,0.8
28,4,15,250,0,1,0,1,0,0,0,1,0,0,0,0,0,0,0,0,0,1,0,0.8
23,1,5,150,1,0,0,0,1,0,0,0,0,0,0,0,0,0,0,1,1,0,0,0.0
32,3,15,350,0,1,0,0,1,0,1,0,0,0,0,0,0,0,0,0,1,0,0,0.0
34,5,35,650,0,1,1,0,0,0,0,0,0,0,0,0,0,1,0,0,1,0,0,0.0
47,6,60,750,0,1,0,1,0,0,0,0,0,0,0,0,0,0,1,0,0,1,0,0.8
36,3,35,250,0,1,0,0,1,0,0,0,1,0,0,0,0,0,0,0,0,1,0,0.8
27,4,25,150,1,0,0,1,0,0,0,0,0,0,0,0,0,1,0,0,1,0,0,0.0
38,3,25,450,1,0,1,0,0,0,0,0,0,1,0,0,0,0,0,0,0,0,1,0.6000000000000001
26,3,25,250,1,0,0,0,1,0,0,0,0,0,0,0,0,1,0,0,1,0,0,0.0
42,4,35,350,1,0,1,0,0,0,0,0,0,1,0,0,0,0,0,0,0,1,0,0.6000000000000001
30,1,15,350,1,0,0,1,0,0,0,0,1,0,0,0,0,0,0,0,0,1,0,0.8
23,6,45,750,0,1,0,0,1,0,0,0,0,0,0,0,0,0,0,1,0,1,0,0.8
41,3,25,750,0,1,0,0,1,0,0,0,0,1,0,0,0,0,0,0,0,1,0,0.6000000000000001
43,4,25,250,0,1,1,0,0,0,0,0,0,0,0,0,0,0,1,0,0,0,1,0.4
33,3,25,250,1,0,1,0,0,0,0,0,0,1,0,0,0,0,0,0,0,1,0,0.6000000000000001
46,3,35,550,0,1,1,0,0,0,0,0,0,1,0,0,0,0,0,0,0,1,0,1.0
27,4,45,650,0,1,1,0,0,0,0,0,0,1,0,0,0,0,0,0,1,0,0,0.0
47,4,15,50,0,1,0,1,0,0,0,0,0,0,0,1,0,0,0,0,0,0,1,0.4
22,4,25,450,0,1,1,0,0,0,0,0,0,0,0,0,0,0,0,1,1,0,0,0.0
38,3,25,550,0,1,1,0,0,0,0,0,0,0,0,0,0,0,1,0,0,1,0,0.8
26,1,5,150,0,1,1,0,0,0,0,0,0,1,0,0,0,0,0,0,1,0,0,0.0
28,2,25,250,1,0,0,0,1,0,0,0,0,0,0,1,0,0,0,0,1,0,0,0.0
33,2,15,350,1,0,1,0,0,0,0,0,0,1,0,0,0,0,0,0,1,0,0,0.0
23,4,35,750,1,0,0,0,1,0,0,0,0,0,0,0,0,0,0,1,1,0,0,0.0
60,4,35,250,0,1,1,0,0,0,0,0,0,0,0,0,0,0,1,0,1,0,0,0.0
38,4,60,450,0,1,0,0,1,0,0,0,0,0,1,0,0,0,0,0,1,0,0,0.0
29,4,25,350,1,0,0,0,1,0,0,0,0,0,0,1,0,0,0,0,0,1,0,1.0
20,4,25,450,0,1,1,0,0,0,0,0,0,0,0,0,0,0,0,1,0,1,0,1.0
23,2,35,550,0,1,0,0,1,0,0,0,0,0,1,0,0,0,0,0,0,1,0,1.0
31,2,5,550,1,0,0,0,1,0,0,0,0,1,0,0,0,0,0,0,0,1,0,0.8
23,4,35,250,1,0,0,0,1,0,0,0,0,0,0,0,0,0,0,1,1,0,0,0.0
32,2,15,350,0,1,0,0,1,0,0,0,1,0,0,0,0,0,0,0,1,0,0,0.0
24,4,35,650,1,0,1,0,0,0,0,0,0,0,0,0,0,0,0,1,1,0,0,0.0
24,1,5,50,0,1,0,0,1,0,0,0,0,0,0,0,0,0,0,1,1,0,0,0.0
25,4,35,350,0,1,0,0,1,0,0,0,0,1,0,0,0,0,0,0,0,1,0,0.8
33,1,15,250,0,1,0,0,1,0,0,0,1,0,0,0,0,0,0,0,1,0,0,0.0
35,3,15,150,0,1,0,0,1,0,0,0,0,0,0,0,0,0,1,0,0,1,0,0.2
33,1,15,250,0,1,0,0,1,0,0,0,0,1,0,0,0,0,0,0,0,1,0,0.8
31,3,25,250,1,0,1,0,0,0,0,0,0,1,0,0,0,0,0,0,0,1,0,0.8
41,3,25,450,0,1,0,0,1,0,0,0,0,0,0,0,0,0,1,0,0,1,0,0.6000000000000001
36,3,25,350,1,0,1,0,0,0,0,0,0,1,0,0,0,0,0,0,1,0,0,0.0
33,4,25,650,0,1,1,0,0,0,0,0,0,0,0,0,0,0,1,0,0,1,0,0.8
21,4,25,650,0,1,0,0,1,0,0,1,0,0,0,0,0,0,0,0,0,1,0,1.0
55,4,45,450,1,0,0,0,1,0,0,0,0,1,0,0,0,0,0,0,1,0,0,0.0
23,5,25,750,0,1,0,0,1,0,0,0,0,1,0,0,0,0,0,0,1,0,0,0.0
27,2,15,250,0,1,0,0,1,0,0,0,0,1,0,0,0,0,0,0,0,1,0,0.4
23,1,5,150,0,1,0,0,1,0,0,0,0,0,0,0,0,0,0,1,1,0,0,0.0
28,1,5,350,1,0,0,0,1,0,0,0,0,1,0,0,0,0,0,0,0,1,0,0.6000000000000001
23,3,15,250,0,1,0,0,1,0,0,0,0,0,1,0,0,0,0,0,0,0,1,1.0
34,3,45,450,0,1,1,0,0,0,0,0,0,0,0,1,0,0,0,0,0,1,0,0.6000000000000001
29,3,15,450,0,1,0,1,0,0,0,0,0,1,0,0,0,0,0,0,0,1,0,0.8
21,5,25,450,0,1,1,0,0,0,0,0,0,0,0,1,0,0,0,0,1,0,0,0.0
44,3,35,750,0,1,1,0,0,0,0,0,0,0,0,0,0,0,1,0,0,1,0,0.4
32,1,5,250,0,1,0,1,0,0,0,0,0,1,0,0,0,0,0,0,0,1,0,0.8
48,5,35,550,1,0,0,0,1,0,0,0,1,0,0,0,0,0,0,0,1,0,0,0.0
49,4,35,650,1,0,1,0,0,0,0,0,0,0,0,0,0,1,0,0,1,0,0,0.0
46,3,35,550,0,1,0,0,1,0,0,0,0,1,0,0,0,0,0,0,1,0,0,0.0
40,3,45,450,0,1,0,1,0,0,0,0,0,1,0,0,0,0,0,0,0,0,1,0.6000000000000001
64,4,45,750,1,0,1,0,0,0,1,0,0,0,0,0,0,0,0,0,0,1,0,0.8
33,3,25,450,1,0,1,0,0,0,0,0,0,1,0,0,0,0,0,0,1,0,0,0.0
33,4,15,250,0,1,0,0,1,0,0,0,0,1,0,0,0,0,0,0,0,0,1,0.2
26,3,15,450,0,1,0,0,1,0,0,0,0,1,0,0,0,0,0,0,0,0,1,0.8
40,3,35,750,0,1,1,0,0,0,0,0,0,1,0,0,0,0,0,0,0,1,0,0.6000000000000001
23,4,35,550,1,0,1,0,0,0,0,0,0,0,0,0,0,0,0,1,1,0,0,0.0
44,3,35,750,1,0,1,0,0,0,0,0,0,1,0,0,0,0,0,0,1,0,0,0.0
50,2,25,250,0,1,1,0,0,0,0,0,0,1,0,0,0,0,0,0,1,0,0,0.0
40,2,45,650,0,1,0,0,1,0,0,0,1,0,0,0,0,0,0,0,1,0,0,0.0
58,3,45,550,0,1,1,0,0,0,0,0,0,0,0,0,0,0,1,0,0,0,1,0.4
43,3,25,550,1,0,1,0,0,0,0,0,0,1,0,0,0,0,0,0,1,0,0,0.0
24,4,25,250,1,0,0,1,0,0,0,0,0,0,0,0,0,0,0,1,1,0,0,0.0
59,1,15,50,0,1,0,0,1,0,0,1,0,0,0,0,0,0,0,0,1,0,0,0.0
47,4,35,450,0,1,1,0,0,0,0,0,0,0,0,0,0,0,1,0,0,0,1,0.6000000000000001
35,2,15,550,0,1,0,0,1,0,0,0,0,0,0,0,0,0,1,0,1,0,0,0.0
54,4,35,450,0,1,1,0,0,0,0,0,0,0,0,0,0,0,1,0,1,0,0,0.0
32,4,25,750,0,1,0,1,0,0,0,0,0,1,0,0,0,0,0,0,1,0,0,0.0
33,3,45,650,1,0,1,0,0,0,0,0,1,0,0,0,0,0,0,0,1,0,0,0.0
47,4,35,550,1,0,0,1,0,0,0,0,0,1,0,0,0,0,0,0,0,1,0,0.6000000000000001
61,3,15,450,1,0,0,1,0,0,0,0,0,0,0,0,0,1,0,0,0,1,0,0.6000000000000001
41,3,25,550,0,1,0,0,1,0,0,0,0,0,0,0,0,0,1,0,0,1,0,0.8
50,3,45,650,0,1,1,0,0,0,0,0,0,1,0,0,0,0,0,0,1,0,0,0.0
23,5,60,450,0,1,0,0,1,0,0,0,1,0,0,0,0,0,0,0,1,0,0,0.0
60,6,25,450,0,1,1,0,0,0,0,0,0,0,0,0,0,0,1,0,0,1,0,0.4
43,4,45,750,0,1,0,1,0,0,0,0,0,1,0,0,0,0,0,0,0,1,0,0.4
48,4,25,550,0,1,0,1,0,0,0,0,1,0,0,0,0,0,0,0,0,1,0,0.6000000000000001
31,2,15,350,0,1,0,0,1,0,0,0,0,1,0,0,0,0,0,0,0,1,0,0.8
36,5,35,650,1,0,1,0,0,0,0,0,0,1,0,0,0,0,0,0,1,0,0,0.0
39,6,35,450,0,1,0,0,1,0,0,0,0,1,0,0,0,0,0,0,0,1,0,0.8
20,4,25,250,0,1,1,0,0,0,0,0,0,0,0,0,0,0,0,1,0,0,1,0.8
41,4,35,650,1,0,0,0,1,0,0,0,0,1,0,0,0,0,0,0,1,0,0,0.0
27,4,35,250,0,1,1,0,0,0,0,0,0,1,0,0,0,0,0,0,0,1,0,0.6000000000000001
36,3,15,250,0,1,0,0,1,0,0,0,0,0,0,0,0,0,1,0,0,1,0,1.0
40,3,15,450,1,0,1,0,0,0,0,0,0,1,0,0,0,0,0,0,1,0,0,0.0
35,4,35,650,1,0,0,0,1,0,0,0,1,0,0,0,0,0,0,0,1,0,0,0.0
35,4,35,550,0,1,0,0,1,0,0,0,0,0,0,0,0,0,1,0,1,0,0,0.0
58,3,35,450,0,1,0,0,1,0,0,0,0,0,0,0,0,0,1,0,0,1,0,0.6000000000000001
55,3,25,450,0,1,1,0,0,0,0,0,0,1,0,0,0,0,0,0,0,0,1,0.2
55,4,35,450,1,0,0,0,1,0,0,0,0,1,0,0,0,0,0,0,1,0,0,0.0
44,3,35,650,0,1,0,0,1,0,0,0,0,1,0,0,0,0,0,0,0,1,0,0.4
57,4,35,550,1,0,1,0,0,0,0,0,0,1,0,0,0,0,0,0,1,0,0,0.0
49,1,25,150,0,1,1,0,0,0,0,0,0,1,0,0,0,0,0,0,0,0,1,0.6000000000000001
36,4,35,550,1,0,0,1,0,0,0,0,0,0,0,0,0,1,0,0,1,0,0,0.0
50,4,35,450,0,1,0,1,0,0,0,0,1,0,0,0,0,0,0,0,0,1,0,0.4
35,3,25,550,1,0,1,0,0,0,0,0,0,1,0,0,0,0,0,0,1,0,0,0.0
22,4,35,450,0,1,1,0,0,0,0,0,0,0,0,0,0,0,0,1,0,1,0,1.0
39,2,25,550,0,1,0,0,1,0,0,0,0,1,0,0,0,0,0,0,1,0,0,0.0
58,4,25,50,0,1,1,0,0,0,0,0,0,0,0,0,0,0,1,0,1,0,0,0.0
58,4,35,650,0,1,1,0,0,0,0,0,0,0,0,0,0,0,1,0,1,0,0,0.0
42,5,45,650,0,1,1,0,0,0,0,0,0,1,0,0,0,0,0,0,0,0,1,0.4
34,1,5,150,1,0,0,0,0,1,0,0,1,0,0,0,0,0,0,0,0,1,0,0.8
22,5,5,50,0,1,0,1,0,0,0,1,0,0,0,0,0,0,0,0,0,0,1,0.6000000000000001
27,4,35,550,1,0,0,0,1,0,0,0,0,1,0,0,0,0,0,0,1,0,0,0.0
28,1,15,150,1,0,0,0,1,0,0,0,0,0,0,0,0,1,0,0,0,0,1,0.6000000000000001
26,2,15,350,1,0,0,0,1,0,0,0,0,1,0,0,0,0,0,0,1,0,0,0.0
50,3,5,150,0,1,1,0,0,0,0,0,0,0,0,0,1,0,0,0,0,1,0,0.8
23,4,35,250,1,0,0,1,0,0,0,0,0,0,0,0,1,0,0,0,1,0,0,0.0
37,5,35,750,1,0,1,0,0,0,0,0,0,1,0,0,0,0,0,0,0,1,0,0.8
33,3,25,350,1,0,1,0,0,0,0,0,0,0,0,1,0,0,0,0,1,0,0,0.0
46,3,15,550,0,1,1,0,0,0,0,0,0,1,0,0,0,0,0,0,1,0,0,0.0
53,3,25,50,0,1,1,0,0,0,0,0,0,0,0,0,0,0,1,0,0,1,0,0.4
28,4,15,550,0,1,0,0,1,0,0,0,0,1,0,0,0,0,0,0,0,0,1,0.4
23,4,35,450,0,1,1,0,0,0,0,0,0,0,0,0,0,0,0,1,1,0,0,0.0
30,2,25,350,0,1,0,0,1,0,0,0,0,0,0,0,0,0,1,0,1,0,0,0.0
49,4,60,550,0,1,0,1,0,0,0,0,0,0,0,0,0,0,1,0,1,0,0,0.0
35,2,15,350,1,0,0,0,1,0,0,0,0,1,0,0,0,0,0,0,1,0,0,0.0
29,2,25,450,1,0,1,0,0,0,0,0,0,0,0,1,0,0,0,0,1,0,0,0.0
28,4,25,550,1,0,1,0,0,0,0,0,0,0,0,1,0,0,0,0,1,0,0,0.0
58,3,35,450,1,0,1,0,0,0,0,0,0,1,0,0,0,0,0,0,1,0,0,0.0
45,4,45,750,1,0,1,0,0,0,1,0,0,0,0,0,0,0,0,0,1,0,0,0.0
21,4,35,550,1,0,1,0,0,0,0,0,0,1,0,0,0,0,0,0,1,0,0,0.0
40,3,25,350,0,1,1,0,0,0,0,0,0,1,0,0,0,0,0,0,1,0,0,0.0
31,2,25,250,0,1,1,0,0,0,0,0,0,0,0,0,0,0,1,0,0,0,1,0.8
20,5,45,750,0,1,0,1,0,0,0,0,0,0,0,0,0,0,0,1,1,0,0,0.0
23,1,5,150,1,0,0,0,1,0,0,0,0,0,0,0,0,0,0,1,1,0,0,0.0
30,1,15,350,1,0,0,1,0,0,0,0,1,0,0,0,0,0,0,0,0,1,0,0.8
28,2,25,250,1,0,0,0,1,0,0,0,0,0,0,1,0,0,0,0,1,0,0,0.0
28,1,5,350,1,0,0,0,1,0,0,0,0,1,0,0,0,0,0,0,0,1,0,0.6000000000000001
